CASEID,PSU,CASENO,CASENUMBER,CATEGORY,VEHNO,VIN,VINLENGTH,MAKE,MODEL,MODELYR,BODYTYPE,BODYCAT,VEHCLASS,SPECUSE,TRANSTAT,DAMPLANE,DAMSEV,CURBWT,CURBSRC,CARGOWT,CARGOSRC,INSPTYPE,TOWSTAT,SPEEDLIMIT,DRPRESENT,PARALCOHOL,ALCTEST,ALCTESTRESULT,ALCTESTSRC,PARDRUG,DRUGTEST,ZIP,RACE,ETHNICITY,RELTOJUNCT,TRAFFLOW,RDLANES,INITLANE,SURFTYPE,SURFCOND,ALIGNMENT,PROFILE,LINERIGHT,LINELEFT,RUMBINIT,RUMBROAD,LIGHTCOND,WEATHER,TRAFDEV,TRAFFUNCT,DISTRACT,PREFHE,PREMOVE,CRITCAT,CRITEVENT,MANEUVER,PRESTAB,PRELOC,CRASHCAT,CRASHCONF,CRASHTYPE,ROLLTYPE,ROLLTURN,ROLLINTRPT,ROLLPREMAN,ROLLINITYP,ROLLINLOC,ROLLOBJ,ROLLTRIP,ROLLDIR,ROLLDIST,DVANGTHIS,DVANGOTH,TOWHITCH,TRAJDOC,TREEPOLE,DVEVENT,DVBASIS,DVTOTAL,DVLONG,DVLAT,DVENERGY,DVSPEED,DVMOMENT,DVBES,DVEST,DVCONF,VAIS,VISS,VINJURED,VTREAT,INITOBJCLASS,HEADANGLECAT,CASEWGT,PSUSTRAT,VERSION
6265,19,12,1-19-2017-012-07,7,1,1HGCS1B79AA0,17,37,32,2010,2,1,3,0,1,F,1,1491,5,0,1,1,1,72,1,0,0,995,0,0,0,35907,1,2,0,1,2,2,2,1,2,1,3,4,0,0,1,1,0,0,2,0,14,3,52,2,1,1,2,D,28,0,0,0,0,0,0,0,0,0,0,50,50,0,0,0,1,1,13,-13,0,9522,998,0,13,0,4,0,0,0,0,0,995,550.08296943677,9,2
6265,19,12,1-19-2017-012-07,7,2,1GNDS13S8622,17,20,403,2006,14,3,14,0,1,B,1,2004,5,0,1,2,0,72,1,0,0,995,0,0,0,35907,9,9,0,1,2,2,2,1,2,1,3,4,0,0,1,1,0,0,2,0,14,3,53,1,1,1,2,D,29,0,0,0,0,0,0,0,0,0,0,50,50,0,0,0,1,1,10,10,0,8412,998,0,10,0,4,95,95,95,95,0,995,550.08296943677,9,2
6261,33,5,1-33-2017-005-09,9,2,2G4WS52J4511,17,18,7,2005,4,1,3,0,1,F,1,1528,5,9999,9,0,1,89,1,0,0,995,0,0,0,95948,9,1,2,4,4,2,2,2,1,1,1,1,0,3,3,8,0,0,9,0,1,4,62,2,1,1,4,J,69,0,0,0,0,0,0,0,0,0,0,170,280,0,0,0,1,3,4,-3,3,1753,998,136,4,0,4,1,2,0,4,0,995,275.58801350289,12,2
6266,19,13,1-19-2017-013-05,5,1,2G2WP5521811,17,22,20,2008,4,1,4,0,1,F,3,1577,5,0,1,1,1,105,1,0,1,0,2,0,0,35903,1,2,0,1,2,2,2,1,1,1,3,2,0,0,2,1,0,0,9,1,1,1,6,99,1,4,1,A,2,0,0,0,0,0,0,0,0,0,0,998,998,0,1,1,1,1,71,-71,0,338087,998,-17,71,0,1,4,29,2,3,0,998,79.9848995102589,9,2
6252,13,7,1-13-2017-007-02,2,2,1G11D5SR2DF1,17,20,37,2013,4,1,3,0,1,L,9,1539,5,0,1,1,1,80,1,0,1,0,2,0,1,76140,1,2,1,2,3,2,2,1,1,1,1,3,0,0,3,1,0,0,1,1,1,2,11,7,9,4,1,A,2,0,0,0,0,0,0,0,0,0,0,330,0,0,0,0,2,5,999,999,999,9999999,999,999,23,0,0,1,2,0,4,0,995,62.5018868257869,7,2
6269,19,14,1-19-2017-014-09,9,1,JTEBU14R3380,17,49,401,2003,14,3,14,0,1,F,2,1940,5,0,1,1,1,72,1,0,0,995,0,0,0,36542,1,2,0,4,2,1,2,1,1,1,1,2,0,0,1,1,0,0,9,1,1,2,13,99,1,4,1,A,1,0,0,0,0,0,0,0,0,0,0,998,998,0,0,2,1,11,999,999,999,9999999,999,999,999,7,0,1,1,0,4,0,998,933.155909690232,9,2
6270,19,15,1-19-2017-015-06,6,1,1FTRX17W61NA,17,12,481,2001,34,5,31,0,1,R,1,1911,5,0,1,1,1,72,1,1,2,996,1,9,0,35146,1,9,2,1,3,3,2,1,1,1,1,2,0,0,3,1,1,2,9,0,11,2,15,1,1,1,4,J,68,0,0,0,0,0,0,0,0,0,0,10,260,0,0,0,1,1,22,-11,-19,69671,998,131,23,0,1,99,99,0,8,0,995,169.155252521446,9,2
6270,19,15,1-19-2017-015-06,6,2,1GCEC29069Z2,17,20,481,2009,34,5,31,0,1,F,1,2299,5,0,1,1,1,72,1,0,0,995,0,0,0,35962,1,1,2,1,3,2,2,1,1,1,3,1,0,0,3,1,1,2,1,0,1,4,62,1,1,1,4,J,69,0,0,0,0,0,0,0,0,0,0,260,10,0,0,0,1,1,18,-17,3,30339,998,68,16,0,1,1,1,0,0,0,995,169.155252521446,9,2
6257,22,10,1-22-2017-010-06,6,1,1FMCU9EG7CKA,17,12,402,2012,14,3,14,0,1,R,1,1585,5,0,1,1,1,56,1,0,0,995,0,0,0,83843,1,2,0,4,2,1,2,3,1,1,1,3,0,0,2,8,0,0,1,1,1,1,5,8,3,2,3,I,64,0,0,0,0,0,0,0,0,0,0,145,95,0,0,0,1,4,13,7,-11,3824,998,-147,5,0,4,0,0,0,0,0,995,94.797052813258,12,2
6257,22,10,1-22-2017-010-06,6,2,JTHCF1D2XF50,17,59,35,2015,4,1,4,0,1,F,1,1655,5,0,1,5,0,56,1,0,0,995,0,0,0,83843,9,9,0,4,2,1,2,3,1,1,1,3,0,0,2,8,0,0,1,0,1,3,54,2,3,1,3,I,65,0,0,0,0,0,0,0,0,0,0,95,145,0,0,0,1,4,13,-12,2,31623,998,-5,22,0,4,95,95,95,95,0,995,94.797052813258,12,2
6272,20,6,1-20-2017-006-01,1,1,1FTCR11X9PTA,17,12,471,1993,34,5,30,0,1,F,9,1487,8,9999,9,0,1,105,1,0,1,0,3,1,2,93933,1,9,1,3,2,2,2,2,2,9,3,1,0,0,1,2,0,0,9,1,14,2,12,99,9,4,1,B,6,0,0,0,0,0,0,0,0,0,0,998,998,0,0,9,0,0,999,999,999,9999999,999,999,999,9,0,5,38,1,1,0,998,52.1831206563757,11,2
6273,20,7,1-20-2017-007-03,3,1,1FTEW1CM1EKD,17,12,481,2014,34,5,31,0,1,F,1,2402,5,0,2,1,1,72,1,0,0,995,0,0,0,95139,9,1,2,1,4,2,2,1,1,1,1,0,0,0,3,1,1,2,3,0,1,3,51,1,1,1,2,D,24,0,0,0,0,0,0,0,0,0,0,100,100,0,0,0,1,1,23,-23,0,62630,998,0,25,0,1,1,1,0,4,0,995,222.029212725436,11,2
6273,20,7,1-20-2017-007-03,3,2,3GNBABDB1AS5,17,20,23,2010,6,1,2,0,1,B,2,1431,5,0,2,1,1,72,1,0,1,0,2,0,1,93905,9,1,2,1,4,2,2,1,1,1,1,0,0,0,3,1,1,2,1,0,3,3,53,1,1,1,2,D,25,0,0,0,0,0,0,0,0,0,0,100,100,0,0,0,1,1,33,33,0,64127,998,0,31,0,1,1,3,0,4,0,995,222.029212725436,11,2
6273,20,7,1-20-2017-007-03,3,3,1GNFK13037J1,17,20,421,2007,15,3,15,0,1,B,1,2588,5,9999,9,6,0,72,1,0,0,995,0,0,0,93905,9,9,2,1,4,2,2,1,1,1,1,0,0,0,3,1,1,2,9,0,3,3,53,99,1,1,6,M,98,0,0,0,0,0,0,0,0,0,0,100,100,0,0,0,2,3,3,3,0,9643,998,0,9,0,3,95,95,95,95,0,995,222.029212725436,11,2
6249,28,4,1-28-2017-004-04,4,1,1FAHP2M80DG1,17,12,17,2013,4,1,4,5,1,F,1,1918,5,113,8,1,1,40,1,0,0,995,0,0,0,16915,1,2,0,4,2,1,5,5,2,4,0,0,0,0,1,1,0,0,1,0,14,1,5,4,2,1,1,C,12,0,0,0,0,0,0,0,0,0,0,998,998,0,0,0,1,10,999,999,999,9999999,999,999,18,2,0,0,0,0,0,0,998,399.520240341932,3,2
6248,28,3,1-28-2017-003-08,8,1,3FAHP021X7R1,17,12,23,2007,4,1,3,0,1,F,2,1490,5,0,1,1,1,56,1,0,1,0,2,0,2,16901,1,2,0,4,2,1,2,1,1,1,0,0,0,0,1,1,0,0,3,1,1,2,13,1,1,4,1,A,1,0,0,0,0,0,0,0,0,0,0,998,998,0,0,1,1,4,30,-30,0,60907,998,-47,30,0,4,2,8,0,3,0,998,115.39700389055,3,2
6258,18,4,1-18-2017-004-10,10,1,2G1WF55K0593,17,20,2,2005,4,1,4,0,1,F,1,1572,5,0,1,1,1,40,1,9,0,995,0,9,0,54703,1,2,0,4,2,1,2,5,1,1,0,0,0,0,3,2,0,0,1,1,1,1,5,3,2,4,1,C,11,0,0,0,0,0,0,0,0,0,0,270,265,0,0,0,1,1,11,-11,0,10573,998,65,11,0,4,0,0,0,0,0,995,4851.78412070462,6,2
6259,18,5,1-18-2017-005-09,9,1,5TDKK3DC0BS0,17,49,442,2011,20,4,20,0,1,F,1,1990,5,0,1,4,0,48,1,0,0,995,0,0,0,54703,9,9,2,4,2,1,2,2,1,1,0,0,0,0,1,2,2,1,9,0,11,2,15,99,1,1,4,K,82,0,0,0,0,0,0,0,0,0,0,15,145,0,0,0,1,4,13,-12,7,35680,998,50,20,0,4,95,95,95,95,0,995,1101.97355497386,6,2
6259,18,5,1-18-2017-005-09,9,2,1G8ZF5281TZ3,17,24,1,1996,4,1,2,0,1,F,1,1050,5,0,1,1,1,48,1,0,0,995,0,0,0,54703,1,2,2,4,2,1,2,2,1,1,0,2,0,0,1,2,0,0,1,0,1,4,67,2,1,1,4,K,83,0,0,0,0,0,0,0,0,0,0,145,15,0,0,0,1,4,23,-22,-8,7689,998,-46,12,0,4,1,1,0,6,0,995,1101.97355497386,6,2
6274,30,7,1-30-2017-007-03,3,1,3GCPCRECXEG5,17,20,481,2014,34,5,31,0,1,F,3,2293,5,0,2,1,1,72,1,0,1,0,2,0,1,85147,5,2,0,5,6,2,2,1,1,1,0,3,0,0,3,1,0,0,3,1,1,2,12,1,1,4,1,B,6,0,0,0,0,0,0,0,0,0,0,998,998,0,1,1,1,1,45,-45,0,191104,998,-8,45,0,1,3,14,1,3,0,998,195.270340617582,10,2
6277,30,10,1-30-2017-010-03,3,1,1FMCU0J93EUD,17,12,402,2014,14,3,14,0,1,F,2,1635,5,0,2,1,1,56,1,0,0,995,0,0,0,85257,1,2,2,4,5,3,2,2,1,1,1,2,0,0,3,2,1,2,3,0,11,2,15,2,1,1,4,J,68,0,0,0,0,0,0,0,0,0,0,320,180,0,0,0,1,1,33,-28,-16,166805,998,-93,40,0,1,1,1,0,4,0,995,195.270340619457,10,2
6277,30,10,1-30-2017-010-03,3,2,JTMRJREV1GD0,17,49,402,2016,14,3,14,0,1,F,2,1625,5,9999,9,1,1,56,1,0,0,995,0,0,0,85014,9,9,2,4,5,1,2,2,1,1,0,3,0,0,3,2,1,2,9,0,1,4,62,7,1,4,4,J,69,0,0,0,0,0,0,0,0,0,0,180,320,0,0,0,1,1,34,-34,6,22453,998,-31,18,0,4,99,99,0,99,0,995,195.270340619457,10,2
6275,30,8,1-30-2017-008-02,2,1,1N4AB7AP2EN8,17,35,43,2014,4,1,3,0,1,F,1,1293,5,0,2,1,1,72,1,8,1,146,2,0,0,85203,2,2,2,4,5,2,2,1,1,1,3,1,0,0,3,1,1,2,3,0,1,3,50,1,1,1,2,D,20,0,0,0,0,0,0,0,0,0,0,160,160,0,0,0,1,3,19,-19,0,12643,998,0,15,0,4,1,1,0,4,0,995,17.1476472290285,10,2
6275,30,8,1-30-2017-008-02,2,2,5TDZT34A64S2,17,49,422,2004,15,3,15,0,1,B,1,2390,5,95,1,2,0,72,1,0,0,995,0,0,0,85249,9,9,2,4,5,2,2,1,1,1,3,1,0,0,3,1,1,2,9,0,5,3,53,1,1,1,2,D,21,0,0,0,0,0,0,0,0,0,0,160,160,0,0,0,1,3,11,11,0,18172,998,0,14,0,4,95,95,95,95,0,995,17.1476472290285,10,2
6279,26,3,1-26-2017-003-02,2,1,1N6SD16Y2VC3,17,35,471,1997,34,5,30,0,1,F,3,1653,5,9999,9,5,1,64,1,1,9,998,8,9,9,95662,1,2,0,2,3,3,2,2,1,1,3,0,0,0,3,2,1,2,9,0,1,3,50,99,1,1,2,D,20,0,0,0,0,0,0,0,0,0,0,270,270,0,0,0,1,4,43,-43,0,40571,998,0,25,0,4,0,0,0,0,0,995,217.327752687266,10,2
6279,26,3,1-26-2017-003-02,2,2,JHMGE8H53DC0,17,37,39,2013,5,1,1,0,1,B,3,1163,5,9999,9,1,1,64,1,0,0,995,0,0,9,95610,3,9,0,2,3,3,2,2,1,1,3,0,0,0,3,2,1,2,9,0,5,3,53,99,1,1,2,D,21,0,0,0,0,0,0,0,0,0,0,270,270,0,0,0,1,4,62,62,0,261267,998,0,75,0,1,1,1,0,4,0,995,217.327752687266,10,2
6271,20,5,1-20-2017-005-03,3,1,1J4GZ58S1SC7,17,2,404,1995,14,3,14,0,1,F,1,1667,5,9999,9,2,0,56,1,0,0,995,0,0,0,93924,9,9,2,4,3,1,2,1,3,4,1,1,0,0,2,8,0,0,9,0,14,3,51,99,1,1,2,D,24,0,0,0,0,0,0,0,0,0,0,150,150,0,0,0,1,4,18,-18,0,37225,998,0,23,0,4,95,95,95,95,0,995,222.029212725436,11,2
6281,30,11,1-30-2017-011-02,2,1,1J4GZ58S9WC1,17,2,404,1998,14,3,14,0,1,F,1,1724,3,90,1,2,0,72,1,0,0,995,0,0,0,85208,9,9,2,1,4,2,2,1,1,1,3,3,0,0,1,8,1,2,9,0,1,3,50,2,1,1,2,D,20,0,0,0,0,0,0,0,0,0,0,270,270,1,0,0,1,5,999,999,999,9999999,999,999,999,6,0,95,95,95,95,0,995,17.1476472290285,10,2
6281,30,11,1-30-2017-011-02,2,2,2GKALMEKXE63,17,23,402,2014,14,3,14,0,1,B,9,1748,5,9999,9,0,1,72,1,0,0,995,0,0,0,85205,9,9,2,1,4,2,2,1,1,1,3,3,0,0,1,8,1,2,9,0,5,3,52,1,1,1,2,D,21,0,0,0,0,0,0,0,0,0,0,270,270,0,0,0,0,0,999,999,999,9999999,999,999,999,9,0,1,1,0,4,0,995,17.1476472290285,10,2
6271,20,5,1-20-2017-005-03,3,2,4S4BSANC5G32,17,48,45,2016,6,1,3,0,1,B,1,1614,5,0,2,3,1,56,1,0,0,995,0,0,0,95076,1,9,2,4,3,1,2,1,3,4,1,1,0,0,2,8,0,0,1,0,14,3,53,1,1,1,2,D,25,0,0,0,0,0,0,0,0,0,0,150,150,0,0,0,1,4,19,19,0,10669,998,-38,12,0,4,0,0,0,0,0,995,222.029212725436,11,2
6268,15,5,1-15-2017-005-03,3,1,999999999999,99,20,22,2010,4,1,2,0,1,F,1,1261,5,9999,9,0,0,48,1,0,0,995,0,0,0,11550,9,9,2,4,2,1,2,2,1,1,0,0,0,0,1,2,2,2,9,0,11,2,15,99,1,1,4,K,82,0,0,0,0,0,0,0,0,0,0,100,200,0,0,0,1,3,10,-10,2,4010,998,35,9,0,4,95,95,95,95,0,995,293.700500240111,1,2
6268,15,5,1-15-2017-005-03,3,2,WBA1J9C55GV3,17,34,48,2016,2,1,3,0,1,R,1,1600,5,0,1,1,1,32,1,0,0,995,0,0,0,11570,1,2,2,4,4,1,2,2,2,1,1,3,0,0,1,2,0,0,1,0,14,4,67,3,1,1,4,K,83,0,0,0,0,0,0,0,0,0,0,200,100,0,0,0,1,3,8,-3,-8,9302,998,106,9,0,4,0,0,0,5,0,995,293.700500240111,1,2
6267,15,4,1-15-2017-004-09,9,1,2T1AE09B9RC0,17,49,32,1994,4,1,1,0,1,F,9,1055,5,9999,9,0,1,48,1,0,1,0,2,0,0,11530,1,2,0,5,5,2,2,1,1,1,3,2,0,0,3,1,0,0,9,0,1,3,51,99,1,1,2,D,24,0,0,0,0,0,0,0,0,0,0,120,80,0,0,0,0,0,999,999,999,9999999,999,999,999,9,0,3,9,1,3,0,995,1694.46620873361,1,2
6267,15,4,1-15-2017-004-09,9,2,1J4PN2GK2AW1,17,2,405,2010,14,3,14,0,1,B,9,1872,5,9999,9,0,0,48,1,0,0,995,0,0,0,11501,9,9,0,5,5,2,2,1,1,1,3,2,0,0,3,1,0,0,9,0,1,3,53,99,1,1,2,D,25,0,0,0,0,0,0,0,0,0,0,80,80,0,0,0,0,0,999,999,999,9999999,999,999,999,9,0,95,95,95,95,0,995,1694.46620873361,1,2
6267,15,4,1-15-2017-004-09,9,3,4T1BE46K67U0,17,49,40,2007,4,1,3,0,1,F,2,1500,5,0,1,1,1,48,1,0,0,995,0,0,0,11003,2,2,0,5,5,1,2,1,1,1,1,3,0,0,3,1,0,0,1,0,1,4,60,2,1,1,6,M,98,0,0,0,0,0,0,0,0,0,0,80,120,0,0,0,2,11,999,999,999,9999999,999,999,999,7,0,0,0,0,0,0,995,1694.46620873361,1,2
6228,10,3,1-10-2017-003-09,9,2,1XP5DB9X9TN4,17,87,881,1996,66,8,68,0,1,L,9,,,,,,0,105,1,0,0,995,0,0,0,45845,9,9,0,2,5,4,2,1,1,1,3,3,0,3,3,8,0,0,9,1,15,4,61,3,1,2,2,F,47,,,,,,,,,,,,,,,,,,,,,,,,,,,95,95,95,95,,,1098.36140168446,4,2
6235,16,6,1-16-2017-006-05,5,1,1C4HJWEG9DL5,17,2,403,2013,14,3,14,0,1,F,1,1994,5,9999,9,0,0,89,1,0,0,995,0,0,0,45239,9,9,0,2,3,2,2,2,1,1,3,3,0,3,1,8,0,0,9,0,1,3,50,2,1,1,2,D,20,0,0,0,0,0,0,0,0,0,0,160,160,0,0,0,1,3,12,-12,0,8838,998,0,11,0,4,95,95,95,95,0,995,34.9388965590746,5,2
6235,16,6,1-16-2017-006-05,5,2,1HGCP2F6XCA0,17,37,32,2012,4,1,4,0,1,B,1,1468,5,0,1,1,1,89,1,0,0,995,0,0,0,45239,2,2,0,2,3,2,2,2,1,1,3,3,0,3,1,8,0,0,1,0,5,3,52,1,1,1,2,D,21,0,0,0,0,0,0,0,0,0,0,160,160,0,0,0,1,3,16,16,0,18743,998,5,18,0,4,9,97,0,4,0,995,34.9388965590746,5,2
6293,14,6,1-14-2017-006-02,2,1,1GKUKCE01AR1,17,23,421,2010,15,3,15,0,1,F,1,2511,5,0,1,1,1,72,1,0,0,995,0,0,0,78163,1,9,0,4,3,1,2,2,1,2,1,2,0,0,1,8,0,0,9,0,1,3,52,1,1,1,2,D,28,0,0,0,0,0,0,0,0,0,0,80,80,0,0,0,1,1,17,-17,0,46733,998,17,21,0,4,0,0,0,0,0,995,377.192049330049,8,2
6293,14,6,1-14-2017-006-02,2,2,3GYFNCE37ES6,17,19,20,2014,6,1,4,0,1,F,9,1940,5,0,1,1,1,72,1,0,0,995,0,0,0,78133,4,2,0,4,3,1,2,2,1,2,1,2,0,0,1,8,0,0,1,0,2,3,53,1,1,1,2,D,29,0,0,0,0,0,0,0,0,0,0,80,80,0,0,0,2,5,999,999,999,9999999,999,999,33,0,0,1,1,0,4,0,995,377.192049330049,8,2
6293,14,6,1-14-2017-006-02,2,3,1GCHC24UX4E3,17,20,481,2004,34,5,31,0,1,B,1,2360,5,204,1,2,0,72,1,0,0,995,0,0,0,78240,9,9,0,4,3,1,2,2,1,2,2,1,0,0,1,8,0,0,9,0,5,3,53,1,1,1,6,M,98,0,0,0,0,0,0,0,0,0,0,80,80,0,0,0,2,5,999,999,999,9999999,999,999,999,1,0,95,95,95,95,0,995,377.192049330049,8,2
6295,10,4,1-10-2017-004-04,4,1,1FADP3F26DL2,17,12,37,2013,4,1,3,0,1,L,1,1340,5,0,1,1,1,72,1,0,0,995,0,0,0,45459,1,2,2,2,3,1,2,2,1,1,1,2,0,0,1,4,1,2,1,0,1,6,90,8,1,1,6,M,98,0,0,0,0,0,0,0,0,0,0,998,998,0,0,0,2,10,999,999,999,9999999,999,999,999,6,0,0,0,0,0,0,998,493.639530653368,4,2
6299,24,9,1-24-2017-009-10,10,1,1C4PJMDS9FW7,17,2,422,2015,15,3,15,0,1,F,1,2211,5,0,1,6,0,56,1,0,0,995,0,0,0,08234,9,9,2,4,2,1,2,1,1,1,2,1,0,0,1,1,2,2,9,0,3,2,17,99,1,1,5,L,88,0,0,0,0,0,0,0,0,0,0,100,20,0,1,0,1,3,8,-4,-7,8048,998,-195,6,0,4,95,95,95,95,0,995,7823.5854633871,1,2
6299,24,9,1-24-2017-009-10,10,2,2C4GP44L13R1,17,6,441,2003,20,4,20,0,1,L,1,1935,5,0,1,1,1,56,1,0,0,995,0,0,0,08027,1,2,2,4,2,1,2,1,3,1,0,2,0,0,1,1,0,0,3,0,14,4,66,1,1,1,5,L,89,0,0,0,0,0,0,0,0,0,0,20,100,0,0,0,1,3,9,-7,6,16311,998,-80,13,0,4,1,1,0,6,0,995,7823.5854633871,1,2
6300,24,10,1-24-2017-010-06,6,1,3GNBABDB3AS6,17,20,23,2010,6,1,2,0,1,T,2,1431,5,0,1,1,1,80,1,0,0,995,0,0,0,08215,1,2,0,4,2,1,2,2,1,1,1,4,0,0,2,1,0,0,1,0,1,6,90,1,1,1,6,M,98,0,0,0,0,0,0,0,0,0,0,996,996,0,0,0,1,7,999,999,999,9999999,999,999,999,7,0,1,2,0,4,0,996,757.583679969649,1,2
6298,24,8,1-24-2017-008-06,6,1,JHMGE8H24AS0,17,37,39,2010,5,1,1,0,1,R,1,1121,5,0,1,1,1,80,1,0,0,995,0,0,0,08270,1,2,3,1,3,2,2,2,1,1,1,2,0,0,1,1,0,0,1,0,1,4,72,2,1,1,5,L,87,0,0,0,0,0,0,0,0,0,0,0,260,0,0,0,1,3,9,-2,-9,6294,998,118,8,0,4,0,0,0,5,0,995,757.583679969459,1,2
6298,24,8,1-24-2017-008-06,6,2,1GTHG35U0311,17,23,461,2003,21,4,21,0,1,F,1,2367,5,9999,9,0,0,80,1,0,0,995,0,0,0,08836,9,9,3,4,2,1,2,2,1,2,0,0,0,0,1,1,0,0,9,0,1,2,15,99,1,1,5,L,86,0,0,0,0,0,0,0,0,0,0,260,0,0,0,0,1,3,4,-4,0,2377,998,0,5,0,4,95,95,95,95,0,995,757.583679969459,1,2
6307,12,5,1-12-2017-005-04,4,1,5XYZU3LB8EG1,17,55,401,2014,14,3,14,0,1,R,1,1690,5,0,1,1,1,56,1,0,0,995,0,0,0,73401,5,2,2,4,2,1,2,1,1,1,0,0,0,0,1,1,2,2,2,0,4,2,17,9,1,1,5,L,87,0,0,0,0,0,0,0,0,0,0,90,350,0,0,0,1,1,17,-8,-15,15125,998,6,15,0,1,0,0,0,0,0,995,2341.23732557018,9,2
6303,16,9,1-16-2017-009-05,5,1,1G1JC5SH6C41,17,20,28,2012,4,1,1,0,1,F,1,1237,5,0,1,1,1,56,1,0,0,995,0,0,0,45202,9,9,0,4,2,1,2,2,3,2,0,2,0,0,1,8,0,0,9,1,14,2,13,99,1,4,1,A,1,0,0,0,0,0,0,0,0,0,0,998,998,0,0,2,1,8,999,999,999,9999999,999,999,999,6,0,9,97,0,8,0,998,141.919999800106,5,2
6306,32,10,1-32-2017-010-03,3,1,999999999999,99,20,481,9999,34,5,31,0,1,B,9,9999,9,9999,9,0,0,72,1,9,0,995,0,9,0,99999,9,9,2,1,3,3,1,1,1,1,1,0,0,0,3,1,1,2,9,0,5,3,53,1,1,1,2,D,22,0,0,0,0,0,0,0,0,0,0,340,340,0,0,0,0,0,999,999,999,9999999,999,999,999,9,0,95,95,95,95,0,995,1535.37013248666,7,2
6306,32,10,1-32-2017-010-03,3,2,KMHTC6AD6GU2,17,55,42,2016,9,1,3,0,1,F,2,1250,8,0,1,1,1,72,1,1,0,995,0,0,0,75228,9,1,2,1,3,3,1,1,1,1,1,0,0,0,3,1,1,2,3,0,1,3,50,1,1,1,2,D,20,0,0,0,0,0,0,0,0,0,0,340,340,0,0,0,1,9,999,999,999,9999999,999,999,999,7,0,99,99,0,99,0,995,1535.37013248666,7,2
6307,12,5,1-12-2017-005-04,4,2,1FMYU02Z45KB,17,12,402,2005,14,3,14,0,1,F,1,1441,5,0,1,1,1,56,1,0,0,995,0,0,0,73401,1,2,2,4,2,1,2,1,1,1,0,4,0,0,1,1,0,0,1,0,1,4,66,3,1,1,5,L,86,0,0,0,0,0,0,0,0,0,0,350,90,0,0,0,1,1,20,-19,7,32967,998,64,21,0,1,0,0,0,0,0,995,2341.23732557018,9,2
6308,29,3,1-29-2017-003-10,10,1,1HGES166X3L0,17,37,31,2003,4,1,2,0,1,L,1,1111,5,0,1,2,0,105,1,0,0,995,0,0,9,02330,9,9,0,2,4,1,2,1,1,1,1,3,2,0,1,8,0,0,2,1,6,2,10,4,1,1,2,F,47,0,0,0,0,0,0,0,0,0,0,260,260,0,0,0,1,8,999,999,999,9999999,999,999,999,6,0,95,95,95,95,0,995,20830.7351125155,2,2
6305,32,9,1-32-2017-009-01,1,1,3GCEC13J48G2,17,20,481,2008,34,5,31,0,1,F,3,2329,5,0,1,5,1,56,1,1,8,997,8,7,3,75231,9,9,2,1,4,2,2,1,1,1,1,3,0,0,3,8,1,2,9,0,1,2,17,1,1,1,5,L,86,1,4,1,5,1,4,63,1,1,30,180,270,0,0,0,1,12,999,999,999,9999999,999,999,999,5,0,5,38,1,1,3,995,360.855240138265,7,2
6308,29,3,1-29-2017-003-10,10,2,1FAFP34N96W2,17,12,37,2006,4,1,2,0,1,F,1,1235,5,0,1,1,1,105,1,0,0,995,0,0,9,02891,1,2,0,2,4,2,2,1,1,1,3,2,0,1,1,8,0,0,1,0,1,3,51,3,1,2,2,F,45,0,0,0,0,0,0,0,0,0,0,998,998,0,0,0,2,1,14,-12,7,11991,998,70,14,0,1,0,0,0,0,0,998,20830.7351125155,2,2
6304,16,10,1-16-2017-010-02,2,1,3MZBM1W73FM2,17,41,51,2015,4,1,3,0,1,L,1,1352,5,0,1,1,1,105,1,1,8,997,8,1,3,45215,2,2,0,2,4,2,2,1,2,1,3,3,0,3,3,1,0,0,3,1,14,2,12,1,9,4,1,B,6,0,0,0,0,0,0,0,0,0,0,998,998,0,0,0,1,8,999,999,999,9999999,999,999,999,6,0,0,0,0,4,0,998,61.0428434944616,5,2
6305,32,9,1-32-2017-009-01,1,2,1HGEM22185L0,17,37,31,2005,2,1,2,0,1,R,3,1140,5,0,1,1,1,56,1,0,0,995,0,0,0,75227,1,1,2,1,4,2,2,1,1,1,1,1,0,0,3,8,1,2,1,0,1,4,66,1,1,1,5,L,87,0,0,0,0,0,0,0,0,0,0,270,180,0,0,0,1,12,999,999,999,9999999,999,999,999,4,0,2,5,0,3,0,995,360.855240138265,7,2
6312,19,18,1-19-2017-018-03,3,1,1C4GP64L5WB5,17,6,441,1998,20,4,20,0,1,F,1,1900,5,0,1,1,1,56,1,0,0,995,0,0,0,35904,1,2,0,4,2,1,2,1,1,4,1,2,0,0,1,1,0,0,3,1,1,2,10,1,1,2,3,G,50,0,0,0,0,0,0,0,0,0,0,180,0,0,1,0,1,12,999,999,999,9999999,999,999,999,2,0,1,1,0,0,0,995,252.846410865255,9,2
6312,19,18,1-19-2017-018-03,3,2,2G1WC5E32D12,17,20,2,2013,4,1,4,0,1,F,1,1613,5,0,1,1,1,56,1,0,0,995,0,0,0,35904,1,2,0,4,2,1,2,1,1,2,1,2,0,0,1,1,0,0,1,0,1,4,62,2,1,1,3,G,51,0,0,0,0,0,0,0,0,0,0,0,180,0,1,0,1,12,999,999,999,9999999,999,999,999,2,0,1,3,0,6,0,995,252.846410865255,9,2