CASEID,PSU,CASENO,CASENUMBER,CATEGORY,VEHNO,VIN,VINLENGTH,MAKE,MODEL,MODELYR,BODYTYPE,BODYCAT,VEHCLASS,SPECUSE,TRANSTAT,DAMPLANE,DAMSEV,CURBWT,CURBSRC,CARGOWT,CARGOSRC,INSPTYPE,TOWSTAT,SPEEDLIMIT,DRPRESENT,PARALCOHOL,ALCTEST,ALCTESTRESULT,ALCTESTSRC,PARDRUG,DRUGTEST,ZIP,RACE,ETHNICITY,RELTOJUNCT,TRAFFLOW,RDLANES,INITLANE,SURFTYPE,SURFCOND,ALIGNMENT,PROFILE,LINERIGHT,LINELEFT,RUMBINIT,RUMBROAD,LIGHTCOND,WEATHER,TRAFDEV,TRAFFUNCT,DISTRACT,PREFHE,PREMOVE,CRITCAT,CRITEVENT,MANEUVER,PRESTAB,PRELOC,CRASHCAT,CRASHCONF,CRASHTYPE,ROLLTYPE,ROLLTURN,ROLLINTRPT,ROLLPREMAN,ROLLINITYP,ROLLINLOC,ROLLOBJ,ROLLTRIP,ROLLDIR,ROLLDIST,DVANGTHIS,DVANGOTH,TOWHITCH,TRAJDOC,TREEPOLE,DVEVENT,DVBASIS,DVTOTAL,DVLONG,DVLAT,DVENERGY,DVSPEED,DVMOMENT,DVBES,DVEST,DVCONF,VAIS,VISS,VINJURED,VTREAT,INITOBJCLASS,HEADANGLECAT,CASEWGT,PSUSTRAT,VERSION
6310,19,17,1-19-2017-017-02,2,1,1N4AA5AP3BC8,17,35,39,2011,4,1,4,0,1,F,1,1630,5,0,1,1,1,72,1,0,0,995,0,0,0,36265,1,9,1,1,3,3,2,1,1,1,3,2,0,0,3,1,0,0,3,0,1,3,50,99,1,1,2,D,20,0,0,0,0,0,0,0,0,0,0,130,130,0,0,0,1,1,18,-18,0,23752,998,-52,18,0,4,2,5,0,4,0,995,102.089013427492,9,2
6310,19,17,1-19-2017-017-02,2,2,1G1FG1R73G01,17,20,9,2016,2,1,4,0,1,B,1,1685,5,0,1,1,1,72,1,0,0,995,0,0,0,35901,1,2,1,1,3,3,2,1,1,1,3,2,0,0,3,1,0,0,1,0,5,3,53,1,1,1,2,D,21,0,0,0,0,0,0,0,0,0,0,130,130,0,0,0,1,1,17,17,0,22210,998,-42,17,0,4,1,2,0,4,0,995,102.089013427492,9,2
6311,31,5,1-31-2017-005-03,3,1,1FA6P8TH2H52,17,12,3,2017,2,1,3,0,1,F,2,1681,5,0,1,1,1,113,1,0,0,995,0,0,0,62801,9,2,0,1,2,1,2,1,1,1,1,3,2,3,1,1,0,0,3,1,1,2,11,1,1,4,1,C,11,0,0,0,0,0,0,0,0,0,0,275,270,0,0,0,1,5,999,999,999,9999999,999,999,999,7,0,1,1,0,5,0,995,562.115223388776,6,2
6313,21,5,1-21-2017-005-03,3,1,1FAHP2MK6EG1,17,12,17,2014,4,1,4,5,1,F,1,1955,8,0,1,1,1,56,1,0,0,995,0,0,0,92324,9,1,0,4,2,1,2,1,3,1,0,2,0,0,1,1,0,0,3,1,14,2,13,1,1,4,1,A,1,0,0,0,0,0,0,0,0,0,0,998,998,0,0,1,3,1,20,-20,0,34818,998,37,20,0,1,1,2,0,4,0,998,777.203075524324,11,2
6296,23,8,1-23-2017-008-03,3,1,1FTEW1EGXFFC,17,12,481,2015,34,5,31,0,1,F,1,2130,5,91,1,1,1,89,1,0,0,995,0,0,0,43021,1,2,0,4,2,1,2,2,1,1,1,3,0,0,2,2,0,0,1,0,1,6,87,1,1,1,1,C,13,0,0,0,0,0,0,0,0,0,0,998,998,0,0,0,1,10,999,999,999,9999999,999,999,19,2,0,0,0,0,0,0,998,361.510354200757,5,2
6324,33,8,1-33-2017-008-03,3,1,1FTSW31F3XEB,17,12,481,1999,34,5,31,0,1,L,1,2576,5,9999,9,0,1,40,1,0,0,995,0,0,0,95966,1,9,2,4,3,2,2,1,1,4,1,2,0,0,1,1,2,2,9,0,11,2,15,99,1,1,4,K,82,0,0,0,0,0,0,0,0,0,0,50,180,0,0,0,1,3,18,-15,9,92921,998,-88,27,0,4,0,0,0,0,0,995,162.186708167943,12,2
6317,17,11,1-17-2017-011-07,7,1,2G1WA5EK0B12,17,20,2,2011,4,1,4,0,1,F,1,1613,5,0,1,2,0,48,1,0,0,995,0,0,0,61265,9,9,3,4,2,1,1,1,1,1,0,0,0,0,1,1,0,0,9,0,11,2,15,99,1,7,4,K,82,0,0,0,0,0,0,0,0,0,0,260,0,0,0,0,1,1,8,-7,4,10354,998,155,9,0,4,95,95,95,95,0,995,1987.12586336849,4,2
6317,17,11,1-17-2017-011-07,7,2,1FMCU93178KC,17,12,402,2008,14,3,14,0,1,R,1,1609,5,0,1,1,1,48,1,0,0,995,0,0,0,61265,1,2,3,4,3,2,2,1,1,1,1,2,0,0,1,1,0,0,1,0,1,4,72,1,1,1,4,K,83,0,0,0,0,0,0,0,0,0,0,0,260,0,0,0,1,1,8,-5,-6,3861,998,107,6,0,4,0,0,0,0,0,995,1987.12586336849,4,2
6316,13,10,1-13-2017-010-01,1,1,1GNFC13C79R2,17,20,421,2009,15,3,15,0,1,F,3,2388,5,0,1,1,1,80,1,8,1,144,2,9,3,75217,9,1,0,2,4,2,1,1,1,1,3,3,0,0,2,1,0,0,9,0,1,3,54,99,1,1,3,G,52,0,0,0,0,0,0,0,0,0,0,80,300,0,0,0,1,1,91,-85,-31,1310525,998,-99,98,0,4,5,43,1,3,0,995,333.15253105404,7,2
6316,13,10,1-13-2017-010-01,1,2,4A3AB36F77E0,17,52,34,2007,4,1,3,0,1,F,3,1520,5,100,1,1,1,97,1,0,1,183,3,0,1,76119,9,1,0,2,4,2,1,1,1,1,3,3,0,0,2,1,0,0,9,0,1,3,54,99,9,1,3,G,52,0,0,0,0,0,0,0,0,0,0,300,80,0,0,0,1,1,134,-126,46,1147905,998,54,124,0,4,6,75,1,1,0,995,333.15253105404,7,2
6324,33,8,1-33-2017-008-03,3,2,5YFBURHE0GP4,17,49,32,2016,4,1,3,0,1,F,2,1265,5,0,1,1,1,40,1,0,0,995,0,0,0,95965,1,2,2,4,2,1,2,1,1,1,0,2,0,0,1,1,0,0,1,0,1,4,67,2,1,1,4,K,83,0,0,0,0,0,0,0,0,0,0,180,50,0,0,0,1,3,36,-34,-12,35456,998,-79,23,0,2,1,3,0,4,0,995,162.186708167943,12,2
6322,22,12,1-22-2017-012-07,7,1,2GTEK19J6811,17,23,481,2008,34,5,31,0,1,L,1,2389,5,0,2,4,1,89,1,0,0,995,0,9,9,99004,1,2,0,4,2,1,2,5,1,1,1,2,0,0,1,10,0,0,1,1,1,1,6,7,2,4,1,B,7,0,0,0,0,0,0,0,0,0,0,998,998,0,0,2,1,8,999,999,999,9999999,999,999,999,6,0,0,0,0,0,0,998,166.543174350512,12,2
6323,33,7,1-33-2017-007-09,9,1,JT3GN87R7V00,17,49,401,1997,14,3,14,0,1,F,9,1674,5,68,2,0,1,72,1,1,8,997,8,0,0,95965,1,2,0,4,2,1,2,1,1,4,1,4,0,0,2,1,0,0,3,1,1,2,10,99,1,4,1,B,6,0,0,0,0,0,0,0,0,0,0,998,998,0,0,0,0,0,999,999,999,9999999,999,999,999,9,0,1,1,0,0,0,998,766.822710622516,12,2
6315,13,9,1-13-2017-009-04,4,1,JTHBJ46G2720,17,59,31,2007,4,1,4,0,1,F,1,1624,5,9999,9,0,0,48,1,1,9,998,8,0,0,76010,9,9,3,3,2,1,1,1,1,1,0,0,0,0,3,1,0,0,9,0,1,3,52,99,1,2,2,D,28,0,0,0,0,0,0,0,0,0,0,90,130,0,0,0,1,3,6,-6,-1,2523,998,-36,6,0,4,95,95,95,95,0,995,4954.12389489274,7,2
6315,13,9,1-13-2017-009-04,4,2,1N4AL3AP3FN3,17,35,47,2015,4,1,3,0,1,B,1,1416,5,0,1,1,1,48,1,0,0,995,0,0,0,76016,9,1,3,3,2,1,1,1,1,1,0,0,0,0,3,1,0,0,9,0,10,3,53,99,1,1,2,D,31,0,0,0,0,0,0,0,0,0,0,130,90,0,0,0,1,3,7,6,-4,6560,998,164,7,0,4,99,99,0,0,0,995,4954.12389489274,7,2
6326,20,8,1-20-2017-008-09,9,1,2C3HA63H15H1,17,6,51,2005,4,1,5,0,1,F,1,1836,5,9999,9,1,1,56,1,0,0,995,0,0,0,95019,9,1,2,4,5,1,2,1,1,1,0,3,0,0,1,1,1,2,1,0,1,3,52,2,1,1,2,D,28,0,0,0,0,0,0,0,0,0,0,280,270,0,0,0,1,3,12,-12,0,11339,998,-29,12,0,4,0,0,0,0,0,995,2147.20799350779,11,2
6326,20,8,1-20-2017-008-09,9,2,1GCDT19X6382,17,20,471,2003,34,5,30,0,1,B,1,1721,5,9999,9,2,0,56,1,0,0,995,0,0,0,93905,9,9,2,4,5,1,2,1,1,1,0,3,0,0,1,1,1,2,9,0,2,3,53,1,1,1,2,D,29,0,0,0,0,0,0,0,0,0,0,270,280,0,0,0,1,3,14,14,2,19283,998,-105,14,0,4,95,95,95,95,0,995,2147.20799350779,11,2
6321,22,11,1-22-2017-011-09,9,1,JN8AR05Y6WW2,17,35,401,1998,14,3,14,0,1,T,1,1803,5,0,1,1,1,80,1,0,0,995,0,0,0,83843,1,2,0,4,2,1,2,5,1,1,1,4,0,0,1,1,0,0,1,1,1,1,5,4,3,4,1,A,2,1,1,1,2,1,4,68,1,2,4,996,996,0,0,0,2,7,999,999,999,9999999,999,999,999,6,0,0,0,0,0,3,996,282.522375712169,12,2
6328,15,6,1-15-2017-006-03,3,1,1FTSW21P86ED,17,12,481,2006,34,5,31,0,1,F,2,2907,5,0,1,2,0,56,1,0,0,995,0,0,0,11552,9,9,2,4,3,2,2,1,1,1,1,2,0,0,3,1,1,2,9,0,11,2,15,99,1,1,4,J,68,0,0,0,0,0,0,0,0,0,0,165,10,0,0,0,1,9,999,999,999,9999999,999,999,999,7,0,95,95,95,95,0,995,677.248940550443,1,2
6328,15,6,1-15-2017-006-03,3,2,3FA6P0HD4GR2,17,12,23,2016,4,1,4,0,1,F,2,1558,5,9999,9,4,1,56,1,0,0,995,0,0,0,11552,9,9,2,4,5,1,2,1,2,1,0,1,0,0,3,1,1,2,9,0,14,4,62,99,1,1,4,J,69,0,0,0,0,0,0,0,0,0,0,10,165,0,0,0,1,9,999,999,999,9999999,999,999,999,7,0,0,0,0,4,0,995,677.248940550443,1,2
6297,28,5,1-28-2017-005-08,8,1,4T1BE32K24U3,17,49,40,2004,4,1,3,0,1,F,2,1435,5,0,1,1,1,113,1,0,0,995,0,0,0,19153,2,2,0,2,2,2,1,4,2,1,3,2,0,3,2,4,0,0,1,1,14,1,6,3,2,4,1,B,7,0,0,0,0,0,0,0,0,0,0,998,998,0,0,0,2,1,29,-27,-10,56107,998,-65,29,0,1,2,5,0,4,0,998,822.528288874043,3,2
6331,30,13,1-30-2017-013-06,6,1,1J4GK48K95W5,17,2,405,2005,14,3,14,0,1,R,1,1735,5,9999,9,4,0,40,1,0,0,995,0,0,0,85043,9,9,3,4,2,1,2,1,1,4,0,0,0,0,1,1,0,0,9,0,1,2,17,99,9,1,5,L,87,0,0,0,0,0,0,0,0,0,0,180,100,0,0,0,1,3,12,-6,-10,18180,998,57,15,0,4,95,95,95,95,0,995,1455.71663814421,10,2
6331,30,13,1-30-2017-013-06,6,2,5Y2SM67019Z4,17,22,32,2009,6,1,2,0,1,F,1,1352,5,0,2,1,1,40,1,0,0,995,0,0,0,85392,1,1,3,4,4,1,2,1,1,1,0,2,0,0,1,1,0,0,1,0,1,4,66,4,1,1,5,L,86,0,0,0,0,0,0,0,0,0,0,100,180,0,0,0,1,3,14,-11,9,10058,998,84,11,0,4,0,0,0,4,0,995,1455.71663814421,10,2
6329,30,12,1-30-2017-012-05,5,1,1HGCP25498A0,17,37,32,2008,4,1,4,0,1,F,3,1468,5,0,2,0,1,105,1,0,1,0,2,0,0,85007,2,2,0,3,5,1,2,1,1,1,1,3,0,0,3,8,0,0,9,0,1,3,52,99,1,1,2,D,28,0,0,0,0,0,0,0,0,0,0,270,270,0,0,0,1,3,44,-44,0,122360,998,0,45,0,4,4,29,1,3,0,995,127.907972387975,10,2
6329,30,12,1-30-2017-012-05,5,2,5TDBY68A78S0,17,49,422,2008,15,3,15,0,1,B,2,2581,5,9999,9,1,1,105,1,0,0,995,0,0,0,85340,9,9,0,3,5,1,2,1,1,1,1,3,0,0,3,8,0,0,9,0,2,3,53,99,1,1,2,D,29,0,0,0,0,0,0,0,0,0,0,270,270,0,0,0,1,3,25,25,0,59331,998,0,24,0,4,99,99,0,99,0,995,127.907972387975,10,2
6329,30,12,1-30-2017-012-05,5,3,2GNFLDE30D61,17,20,404,2013,14,3,14,0,1,B,1,1778,5,9999,9,0,0,105,1,0,0,995,0,0,0,85306,9,9,0,3,5,1,2,1,1,1,1,3,0,0,3,8,0,0,9,0,5,3,53,99,1,1,6,M,98,0,0,0,0,0,0,0,0,0,0,270,270,0,0,0,2,3,22,22,0,34485,998,0,22,0,4,95,95,95,95,0,995,127.907972387975,10,2
6314,18,6,1-18-2017-006-10,10,1,1G4HD57267U1,17,18,23,2007,4,1,5,0,1,F,1,1810,5,0,1,1,1,56,1,0,0,995,0,0,0,54703,9,9,2,1,4,2,1,5,1,1,1,3,0,0,1,1,1,2,9,0,1,3,50,2,2,1,2,D,20,0,0,0,0,0,0,0,0,0,0,130,145,0,0,0,1,3,23,-23,0,42427,998,5,24,0,4,0,0,0,0,0,995,9018.03222861973,6,2
6314,18,6,1-18-2017-006-10,10,2,1GNDT13S6323,17,20,403,2003,14,3,14,0,1,B,1,2099,3,0,1,6,0,56,1,0,0,995,0,0,0,54703,9,9,2,4,4,2,1,5,1,1,1,3,0,0,1,1,1,2,1,0,5,3,53,11,1,1,2,D,21,0,0,0,0,0,0,0,0,0,0,145,130,0,0,0,1,3,20,20,-3,32808,998,46,19,0,4,95,95,95,95,0,995,9018.03222861973,6,2
6318,26,4,1-26-2017-004-09,9,1,1D7HA18N46S6,17,7,482,2006,34,5,31,0,1,F,1,2208,5,0,1,1,1,80,1,1,0,995,0,0,0,95670,1,1,0,4,2,1,2,1,1,1,1,1,0,0,2,1,0,0,9,1,1,2,14,1,1,4,1,C,14,0,0,0,0,0,0,0,0,0,0,998,998,0,0,0,1,10,999,999,999,9999999,999,999,13,2,0,1,1,0,0,0,998,4450.78214838925,10,2
6340,14,7,1-14-2017-007-08,8,1,JHLRD1845VC0,17,37,402,1997,14,3,14,0,1,F,1,1397,5,0,1,1,1,56,1,0,8,997,8,0,3,78163,1,1,2,5,5,2,2,1,1,1,1,2,0,0,1,1,1,2,1,0,1,3,50,2,1,1,2,D,20,0,0,0,0,0,0,0,0,0,0,120,120,0,0,0,1,1,24,-24,0,44629,998,0,27,0,1,1,1,0,4,0,995,1502.31800595479,8,2
6340,14,7,1-14-2017-007-08,8,2,1FTRX18L63NA,17,12,481,2003,34,5,31,0,1,B,1,2159,5,136,1,2,0,56,1,0,0,995,0,0,0,78013,9,9,2,5,5,2,2,1,1,1,1,2,0,0,1,1,1,2,9,0,5,3,53,1,1,1,2,D,21,0,0,0,0,0,0,0,0,0,0,120,120,0,0,0,1,1,16,16,0,15207,998,20,13,0,1,95,95,95,95,0,995,1502.31800595479,8,2
6340,14,7,1-14-2017-007-08,8,3,5TDKK3DC3BS0,17,49,442,2011,20,4,20,0,1,B,9,1990,5,9999,9,0,0,56,1,0,0,995,0,0,0,78260,9,9,2,5,5,2,2,1,1,1,1,2,0,0,1,1,1,2,9,0,5,3,53,1,1,1,6,M,98,0,0,0,0,0,0,0,0,0,0,120,120,0,0,0,0,0,999,999,999,9999999,999,999,999,9,0,95,95,95,95,0,995,1502.31800595479,8,2
6343,28,6,1-28-2017-006-03,3,1,1NP5XBTX6XN4,17,87,884,1999,63,8,60,0,1,F,9,,,,,,0,56,1,0,0,995,0,0,0,14810,9,9,3,4,2,1,2,3,1,1,1,2,0,0,1,4,0,0,9,0,1,3,50,2,2,1,2,D,20,,,,,,,,,,,,,,,,,,,,,,,,,,,95,95,95,95,,,341.026316061788,3,2
6343,28,6,1-28-2017-006-03,3,2,1G1PA5SH1D72,17,20,25,2013,4,1,3,0,1,B,9,1407,5,0,2,1,1,56,1,0,0,995,0,0,0,16901,1,2,3,4,2,1,2,3,1,1,1,2,0,0,1,4,0,0,1,0,5,3,52,1,1,1,2,D,22,0,0,0,0,0,0,0,0,0,0,330,330,0,0,0,1,5,999,999,999,9999999,999,999,12,0,0,1,1,0,6,0,995,341.026316061788,3,2
6346,23,10,1-23-2017-010-07,7,1,5XXGN4A7XCG0,17,63,34,2012,4,1,4,0,1,R,9,1454,5,9999,9,0,1,89,1,0,0,995,0,0,0,43003,9,9,0,4,2,1,2,1,2,1,1,2,0,0,2,1,0,0,9,1,14,1,9,7,9,4,1,B,7,0,0,0,0,0,0,0,0,0,0,999,999,9,0,0,0,0,999,999,999,9999999,999,999,999,9,0,0,0,0,0,0,999,713.344145964472,5,2
6342,24,12,1-24-2017-012-03,3,1,1G1ZE5ST3GF2,17,20,37,2016,4,1,4,0,1,L,1,1811,8,0,1,1,1,40,1,0,0,995,0,0,0,08008,1,2,2,4,4,2,2,1,1,1,3,2,0,0,1,1,1,2,1,0,4,2,17,2,1,1,5,L,89,0,0,0,0,0,0,0,0,0,0,90,170,0,0,0,1,1,21,0,21,7742,998,26,10,0,1,0,0,0,4,0,995,153.326904137304,1,2
6342,24,12,1-24-2017-012-03,3,2,1GCFC24H4PE2,17,20,481,1993,34,5,31,0,1,F,1,1815,5,159,1,1,1,40,1,0,0,995,0,0,0,08401,2,2,2,4,2,1,2,1,1,1,0,2,0,0,1,1,1,2,1,0,1,4,66,2,1,1,5,L,88,0,0,0,0,0,0,0,0,0,0,170,90,0,0,0,1,1,18,-18,-3,52188,998,-47,24,0,1,1,2,0,4,0,995,153.326904137304,1,2
6345,23,9,1-23-2017-009-03,3,1,1G1PE5SB1G71,17,20,25,2016,4,1,3,0,1,F,2,1399,5,0,1,1,1,89,1,0,0,995,0,0,0,43452,1,2,0,4,2,1,2,1,2,1,1,2,0,0,2,1,0,0,1,1,14,2,12,4,2,4,1,B,7,0,0,0,0,0,0,0,0,0,0,998,998,0,0,1,1,1,34,-33,6,68484,998,28,34,0,1,2,6,0,6,0,998,187.820886282507,5,2
6348,32,12,1-32-2017-012-07,7,1,1N4AL21E07C2,17,35,47,2007,4,1,4,0,1,F,1,1429,5,9999,9,0,1,64,1,0,0,995,0,0,0,75234,9,9,2,3,3,3,2,1,1,1,1,0,0,0,1,1,1,2,9,0,1,3,52,99,9,1,2,D,28,0,0,0,0,0,0,0,0,0,0,270,270,0,0,0,1,3,10,-10,0,3465,998,0,8,0,4,0,0,0,0,0,995,5303.85549310429,7,2
6348,32,12,1-32-2017-012-07,7,2,KNAGG4A84A53,17,63,34,2010,4,1,3,0,1,F,1,1450,8,0,1,1,1,64,1,0,0,995,0,0,0,70435,1,2,2,3,3,3,2,1,1,1,1,0,0,0,1,1,1,2,1,0,2,3,53,1,1,1,2,D,29,0,0,0,0,0,0,0,0,0,0,270,270,0,0,0,2,1,14,-14,0,12728,998,46,14,0,1,1,1,0,5,0,995,5303.85549310429,7,2
6348,32,12,1-32-2017-012-07,7,3,1B3ES46C62D5,17,7,20,2002,4,1,3,0,1,B,1,1175,5,0,1,1,1,64,1,0,0,995,0,0,0,76018,1,2,2,3,3,3,2,1,1,1,1,0,0,0,1,1,1,2,1,0,5,8,98,6,1,1,6,M,98,0,0,0,0,0,0,0,0,0,0,270,270,0,0,0,2,1,18,18,0,16681,998,47,18,0,1,0,0,0,5,0,995,5303.85549310429,7,2
6347,32,11,1-32-2017-011-07,7,1,JN8AS5MT2CW2,17,35,51,2012,6,1,3,0,1,F,1,1495,5,0,1,1,1,48,1,0,0,995,0,0,0,75227,2,2,2,4,4,1,1,1,1,1,0,3,0,0,3,1,0,0,9,0,1,5,83,99,1,1,1,C,13,0,0,0,0,0,0,0,0,0,0,998,998,0,0,0,1,10,999,999,999,9999999,999,999,12,2,0,0,0,0,0,0,998,5303.85549310429,7,2
6349,16,11,1-16-2017-011-02,2,1,4S3BMCH64D30,17,48,34,2013,4,1,3,0,1,F,2,1550,5,0,1,1,1,56,1,0,0,995,0,0,0,45013,1,2,2,4,4,2,2,2,1,1,3,2,0,0,1,8,1,2,2,0,11,2,15,1,1,1,4,J,68,0,0,0,0,0,0,0,0,0,0,140,10,0,0,0,1,1,29,-25,-14,34025,998,-61,21,0,1,2,5,0,4,0,995,23.5476598737852,5,2
6349,16,11,1-16-2017-011-02,2,2,3FA6P0G74FR2,17,12,23,2015,4,1,4,0,1,F,2,1554,5,9999,9,1,1,56,1,0,0,995,0,0,0,45229,9,9,2,4,4,2,2,2,3,1,3,2,0,0,1,8,1,2,9,0,14,4,62,99,1,1,4,J,69,0,0,0,0,0,0,0,0,0,0,10,140,0,0,0,1,1,27,-26,9,80312,998,38,34,0,1,9,97,0,8,0,995,23.5476598737852,5,2
6350,16,12,1-16-2017-012-07,7,1,2G1WG5E37C11,17,20,2,2012,4,1,4,0,1,F,1,1658,5,0,1,1,1,40,1,0,0,995,0,0,0,45227,9,9,2,4,2,1,2,1,1,4,0,0,0,0,1,8,2,2,9,0,11,2,15,1,1,1,4,K,82,0,0,0,0,0,0,0,0,0,0,180,295,0,0,0,1,4,17,-16,6,29107,998,73,17,0,4,0,0,0,0,0,995,1097.7992303142,5,2
6350,16,12,1-16-2017-012-07,7,2,JTMZF4DV7AD0,17,49,402,2010,14,3,14,0,1,R,1,1579,5,0,1,1,1,32,1,0,0,995,0,0,0,45227,1,2,2,4,5,2,2,1,1,4,3,1,0,0,1,8,5,2,1,0,1,4,67,1,1,1,4,K,83,0,0,0,0,0,0,0,0,0,0,295,180,0,0,0,1,4,17,-13,-11,24476,998,23,17,0,4,1,1,0,0,0,995,1097.7992303142,5,2
6351,29,4,1-29-2017-004-07,7,1,1N4AL21E08N5,17,35,47,2008,4,1,3,0,1,L,1,1313,5,0,1,1,1,40,1,0,0,995,0,0,0,02840,1,2,2,4,2,1,2,3,1,1,0,0,0,0,1,4,2,2,1,0,10,1,5,4,2,7,4,K,78,0,0,0,0,0,0,0,0,0,0,310,40,0,1,0,1,1,10,-8,6,15629,998,-138,12,0,1,0,0,0,0,0,995,1696.4023108647,2,2
6351,29,4,1-29-2017-004-07,7,2,1D7HU18N14S5,17,7,482,2004,34,5,31,0,1,F,1,2333,5,0,1,2,0,40,1,0,0,995,0,0,0,02062,9,9,2,4,2,1,1,3,1,1,0,2,0,0,1,4,0,0,1,0,1,3,54,4,1,1,4,K,79,0,0,0,0,0,0,0,0,0,0,40,310,0,1,0,1,1,6,-4,-4,13075,998,-371,5,0,1,95,95,95,95,0,995,1696.4023108647,2,2
6353,17,12,1-17-2017-012-07,7,1,2A8HR54P88R7,17,6,441,2008,20,4,20,0,1,F,9,2096,5,0,1,1,1,89,1,0,0,995,0,0,0,61242,1,2,0,4,2,1,2,1,1,1,1,2,0,0,4,1,0,0,1,0,1,6,87,2,1,1,1,C,13,0,0,0,0,0,0,0,0,0,0,998,998,0,0,0,1,10,999,999,999,9999999,999,999,12,0,0,0,0,0,0,0,998,1124.00172722639,4,2
6355,22,13,1-22-2017-013-06,6,1,4S3BMBH6XB32,17,48,34,2011,4,1,3,0,1,F,1,1485,5,101,1,1,1,72,1,0,0,995,0,0,0,83501,1,2,0,4,4,1,2,3,2,2,1,3,0,0,4,4,0,0,1,1,14,1,6,3,2,4,1,A,2,0,0,0,0,0,0,0,0,0,0,998,998,0,0,0,1,1,12,-12,-2,9671,998,-36,12,0,1,2,6,0,4,0,998,407.930462579226,12,2
6359,33,9,1-33-2017-009-03,3,1,5NPE24AF8FH1,17,55,33,2015,4,1,4,0,1,F,1,1475,5,0,1,1,1,72,1,0,0,995,0,0,0,95966,1,2,0,4,2,1,2,1,1,1,1,4,0,0,2,1,0,0,1,1,1,2,13,2,1,4,1,A,3,0,0,0,0,0,0,0,0,0,0,998,998,0,0,0,1,1,21,-21,0,26974,998,0,21,0,1,1,1,0,4,0,998,156.526497578033,12,2
6360,33,10,1-33-2017-010-06,6,1,1B3HB48C29D1,17,7,25,2009,5,1,2,0,1,F,2,1345,5,9999,9,1,1,56,1,0,0,995,0,0,0,95966,1,2,2,5,5,1,2,1,1,1,1,3,0,0,1,1,1,2,9,0,1,3,50,2,1,1,2,D,20,0,0,0,0,0,0,0,0,0,0,260,260,0,0,0,1,3,31,-31,0,29415,998,20,23,0,4,99,99,0,99,0,995,227.116484260283,12,2
6356,22,14,1-22-2017-014-01,1,1,1FTCR15X3TTA,17,12,471,1996,34,5,30,0,1,R,3,1664,5,0,1,1,1,97,1,0,8,997,8,0,3,99223,1,2,0,4,2,1,1,5,2,1,1,3,1,0,1,4,0,0,9,1,14,1,5,99,4,2,3,I,64,1,1,2,2,1,3,61,1,2,8,240,155,0,0,0,1,5,999,999,999,9999999,999,999,999,8,0,1,1,0,1,3,995,91.2520349196253,12,2
6362,19,19,1-19-2017-019-06,6,1,2G1WB5E37C11,17,20,2,2012,4,1,4,0,1,F,1,1658,5,0,1,1,1,56,1,0,0,995,0,0,0,35906,1,2,0,4,2,1,2,1,3,4,1,2,0,0,1,1,0,0,3,1,14,2,10,1,1,2,3,I,64,0,0,0,0,0,0,0,0,0,0,340,190,0,1,0,1,1,20,-20,-4,59153,998,-35,30,0,4,2,4,0,3,0,995,417.704209858924,9,2
6362,19,19,1-19-2017-019-06,6,2,JN1EB31P1NU1,17,35,43,1992,4,1,1,0,1,L,2,1014,5,0,1,1,1,56,1,0,0,995,0,0,0,35903,2,2,0,4,2,1,2,1,2,2,2,2,0,0,1,1,0,0,1,0,14,4,62,4,1,1,3,I,65,0,0,0,0,0,0,0,0,0,0,190,340,0,1,0,1,1,33,-31,11,16042,998,-37,19,0,4,1,1,0,4,0,995,417.704209858924,9,2
6363,19,20,1-19-2017-020-04,4,1,1N6ED27T0YC3,17,35,472,2000,34,5,30,0,1,F,1,1730,5,0,1,2,0,72,1,0,0,995,0,0,0,35907,9,9,0,1,5,1,2,1,1,4,1,3,0,0,1,1,0,0,2,0,1,3,52,1,1,1,2,D,28,0,0,0,0,0,0,0,0,0,0,315,315,0,0,0,1,1,19,-19,0,28530,998,0,21,0,4,95,95,95,95,0,995,1320.59535121042,9,2
6363,19,20,1-19-2017-020-04,4,2,3N6CM0KN4FK7,17,35,446,2015,20,4,20,99,1,B,1,1479,5,90,1,1,1,72,1,0,0,995,0,0,0,35907,1,2,0,1,5,1,2,1,1,4,1,3,0,0,1,1,0,0,1,0,1,3,53,1,1,1,2,D,31,0,0,0,0,0,0,0,0,0,0,315,315,0,0,0,1,1,23,23,0,23681,998,0,21,0,4,0,0,0,0,0,995,1320.59535121042,9,2
6360,33,10,1-33-2017-010-06,6,2,3B7HF13Z3TG1,17,7,482,1996,34,5,31,0,1,B,1,2214,5,9999,9,5,0,56,1,0,0,995,0,0,0,95966,9,9,2,5,5,1,2,1,1,1,3,2,0,0,1,1,1,2,9,0,5,3,52,99,1,1,2,D,21,0,0,0,0,0,0,0,0,0,0,260,260,0,0,0,1,3,19,19,0,57005,998,0,25,0,4,95,95,95,95,0,995,227.116484260283,12,2
6367,12,7,1-12-2017-007-04,4,1,5YFBURHE9HP6,17,49,32,2017,4,1,3,0,1,F,1,1265,9,0,1,1,1,56,1,0,0,995,0,0,0,73401,9,9,0,4,2,1,2,1,3,1,1,2,0,0,1,1,0,0,3,1,14,2,13,1,1,4,1,A,1,0,0,0,0,0,0,0,0,0,0,998,998,0,0,6,1,10,999,999,999,9999999,999,999,15,2,0,99,99,0,99,0,998,1021.86144489025,9,2