CASEID,PSU,CASENO,CASENUMBER,CATEGORY,VEHNO,VIN,VINLENGTH,MAKE,MODEL,MODELYR,BODYTYPE,BODYCAT,VEHCLASS,SPECUSE,TRANSTAT,DAMPLANE,DAMSEV,CURBWT,CURBSRC,CARGOWT,CARGOSRC,INSPTYPE,TOWSTAT,SPEEDLIMIT,DRPRESENT,PARALCOHOL,ALCTEST,ALCTESTRESULT,ALCTESTSRC,PARDRUG,DRUGTEST,ZIP,RACE,ETHNICITY,RELTOJUNCT,TRAFFLOW,RDLANES,INITLANE,SURFTYPE,SURFCOND,ALIGNMENT,PROFILE,LINERIGHT,LINELEFT,RUMBINIT,RUMBROAD,LIGHTCOND,WEATHER,TRAFDEV,TRAFFUNCT,DISTRACT,PREFHE,PREMOVE,CRITCAT,CRITEVENT,MANEUVER,PRESTAB,PRELOC,CRASHCAT,CRASHCONF,CRASHTYPE,ROLLTYPE,ROLLTURN,ROLLINTRPT,ROLLPREMAN,ROLLINITYP,ROLLINLOC,ROLLOBJ,ROLLTRIP,ROLLDIR,ROLLDIST,DVANGTHIS,DVANGOTH,TOWHITCH,TRAJDOC,TREEPOLE,DVEVENT,DVBASIS,DVTOTAL,DVLONG,DVLAT,DVENERGY,DVSPEED,DVMOMENT,DVBES,DVEST,DVCONF,VAIS,VISS,VINJURED,VTREAT,INITOBJCLASS,HEADANGLECAT,CASEWGT,PSUSTRAT,VERSION
6448,22,18,1-22-2017-018-06,6,1,1B3BD4FB9BN5,17,7,26,2011,4,1,3,0,1,F,3,1539,5,0,2,1,1,56,1,1,1,174,1,0,0,83540,4,2,0,4,2,1,2,2,2,1,0,2,0,0,3,2,0,0,3,1,14,1,6,99,1,2,3,G,50,0,0,0,0,0,0,0,0,0,0,150,340,0,0,0,1,1,42,-42,0,248144,998,0,60,0,1,2,5,0,4,0,995,156.071189007572,12,2
6444,13,14,1-13-2017-014-02,2,1,1FTNE24W18DB,17,12,461,2008,21,4,21,0,1,F,1,2268,5,500,1,1,1,72,1,0,0,995,0,0,0,76021,2,2,0,4,7,1,1,1,1,1,1,3,0,0,3,1,0,0,1,0,1,4,62,3,1,1,3,G,51,0,0,0,0,0,0,0,0,0,0,170,350,0,0,0,1,1,16,-16,0,41887,998,68,19,0,4,1,2,0,4,0,995,138.181072664633,7,2
6444,13,14,1-13-2017-014-02,2,2,1C6RR6MT0DS6,17,7,482,2013,34,5,31,0,1,F,1,2258,5,0,1,1,1,72,1,1,1,289,2,0,1,76040,1,2,0,4,7,3,1,1,1,1,3,2,0,0,3,1,0,0,9,1,1,2,10,99,1,2,3,G,50,0,0,0,0,0,0,0,0,0,0,350,170,0,0,0,1,1,19,-19,0,27699,998,60,17,0,4,0,0,0,4,0,995,138.181072664633,7,2
6455,20,16,1-20-2017-016-06,6,1,1G1ZE5E13BF1,17,20,37,2011,4,1,4,0,1,F,1,1549,5,9999,9,1,1,105,1,0,1,0,2,0,1,93950,1,1,0,2,2,99,1,1,3,9,1,3,0,1,3,1,0,0,9,1,14,2,13,1,1,4,1,A,1,0,0,0,0,0,0,0,0,0,0,998,998,0,0,5,2,10,999,999,999,9999999,999,999,14,2,0,2,9,0,3,0,998,278.965886520453,11,2
6448,22,18,1-22-2017-018-06,6,2,JHMEG2176RS0,17,37,31,1994,2,1,1,0,1,F,3,1087,5,0,1,1,1,56,1,0,1,22,2,0,0,83501,9,9,0,4,2,1,2,2,1,1,0,2,0,0,3,2,0,0,9,0,1,4,62,1,1,1,3,G,51,0,0,0,0,0,0,0,0,0,0,340,150,0,0,0,1,1,65,-64,11,67127,998,28,38,0,1,2,12,0,3,0,995,156.071189007572,12,2
6456,15,9,1-15-2017-009-03,3,1,1N4AL3AP2FC2,17,35,47,2015,4,1,3,0,1,L,1,1416,5,0,1,1,1,48,1,0,0,995,0,0,0,11362,1,2,2,4,2,1,2,1,1,1,0,2,0,0,1,1,2,2,1,0,10,2,16,1,1,1,4,K,78,0,0,0,0,0,0,0,0,0,0,340,20,0,0,0,1,5,999,999,999,9999999,999,999,999,2,0,1,2,0,4,0,995,657.51132098465,1,2
6457,26,9,1-26-2017-009-09,9,1,1G4HR52K9VH4,17,18,2,1997,4,1,4,0,1,L,1,1555,5,0,1,1,1,72,1,0,0,995,0,0,0,95838,1,2,2,4,2,1,2,1,3,1,0,0,0,0,1,1,2,2,1,0,4,2,16,8,1,1,4,K,78,0,0,0,0,0,0,0,0,0,0,290,0,0,0,0,1,1,15,3,15,7083,998,10,10,0,2,1,2,0,4,0,995,1739.3713528073,10,2
6459,29,7,1-29-2017-007-04,4,1,4T1BF1FKXFU0,17,49,40,2015,4,1,4,0,1,F,1,1467,5,0,1,2,0,64,1,0,0,995,0,0,0,02771,9,9,2,4,4,1,2,2,1,1,3,2,0,0,2,8,0,0,2,0,11,2,15,2,1,1,4,K,82,0,0,0,0,0,0,0,0,0,0,70,160,0,0,0,1,8,999,999,999,9999999,999,999,999,6,0,95,95,95,95,0,995,931.467185893316,2,2
6459,29,7,1-29-2017-007-04,4,2,1HGCT1B88DA0,17,37,32,2013,2,1,3,0,1,R,1,1575,5,0,1,1,1,64,1,0,0,995,0,0,0,02861,7,1,0,4,4,2,2,2,2,1,3,2,0,0,2,8,0,0,1,0,14,4,72,3,1,2,4,K,83,0,0,0,0,0,0,0,0,0,0,160,70,0,0,0,1,8,999,999,999,9999999,999,999,999,6,0,0,0,0,0,0,995,931.467185893316,2,2
6457,26,9,1-26-2017-009-09,9,2,1GBHC29U53E1,17,20,481,2003,39,5,39,0,1,F,1,3338,8,227,1,1,1,72,1,0,0,995,0,0,0,95634,1,2,2,4,5,1,2,1,1,1,5,1,0,0,1,1,0,0,1,0,1,4,65,99,1,1,4,K,79,0,0,0,0,0,0,0,0,0,0,0,290,0,0,0,1,1,7,-7,-1,15950,998,18,11,0,1,0,0,0,0,0,995,1739.3713528073,10,2
6458,20,15,1-20-2017-015-10,10,1,JT4RN50R2G01,17,49,498,1986,34,5,30,0,1,9,9,1143,5,0,2,0,1,105,1,0,0,995,0,0,0,93905,7,1,0,1,3,1,2,2,2,9,3,1,1,3,1,2,0,0,1,1,14,2,12,1,2,4,1,B,6,1,4,2,2,1,3,61,1,2,999,997,997,0,0,0,0,0,999,999,999,9999999,999,999,999,9,0,0,0,0,0,3,997,2128.2680557841,11,2
6427,10,8,1-10-2017-008-09,9,2,1N4DL01D11C1,17,35,47,2001,4,1,2,0,1,B,9,1300,5,9999,9,0,0,64,1,0,0,995,0,0,0,45404,9,9,2,4,2,1,2,1,1,1,1,3,0,0,1,8,2,2,9,1,10,3,53,99,1,1,2,D,25,0,0,0,0,0,0,0,0,0,0,270,265,0,0,0,0,0,999,999,999,9999999,999,999,999,9,0,95,95,95,95,0,995,290.765620037396,4,2
6424,11,4,1-11-2017-004-03,3,1,KNAFU4A28B53,17,63,38,2011,4,1,3,0,1,F,1,1228,5,0,1,1,1,72,1,0,0,995,0,0,0,22901,9,9,2,1,3,2,2,1,1,1,1,3,0,0,3,1,1,2,3,0,1,3,52,1,1,1,2,D,28,0,0,0,0,0,0,0,0,0,0,170,170,0,0,0,1,1,16,-16,0,11332,998,0,15,0,1,99,99,0,0,0,995,2276.03898279806,8,2
6424,11,4,1-11-2017-004-03,3,2,2HGFG3B08FH5,17,37,31,2015,2,1,2,0,1,F,9,1281,5,0,1,1,1,72,1,0,0,995,0,0,0,23803,1,2,2,1,3,2,2,1,1,1,1,3,0,0,3,1,1,2,1,0,2,3,53,1,1,1,2,D,29,0,0,0,0,0,0,0,0,0,0,170,170,0,0,0,2,5,999,999,999,9999999,999,999,22,0,0,9,97,0,4,0,995,2276.03898279806,8,2
6424,11,4,1-11-2017-004-03,3,3,999999999999,99,99,999,9999,99,10,99,99,1,B,9,,,,,,0,72,1,8,0,995,0,7,0,99999,9,9,2,1,3,2,2,1,1,1,1,3,0,0,3,1,1,2,9,0,5,3,53,1,1,1,6,M,98,,,,,,,,,,,,,,,,,,,,,,,,,,,95,95,95,95,,,2276.03898279806,8,2
6462,14,10,1-14-2017-010-07,7,1,1HD1KRM10EB6,17,72,706,2014,80,9,80,0,1,F,9,,,,,,0,89,1,0,0,995,0,0,0,78131,9,9,0,4,2,1,2,1,2,2,1,2,0,0,1,1,0,0,9,1,14,2,10,99,9,2,3,G,50,,,,,,,,,,,,,,,,,,,,,,,,,,,95,95,95,95,,,2445.71364449741,8,2
6462,14,10,1-14-2017-010-07,7,2,3GYFNAE30CS5,17,19,20,2012,6,1,4,0,1,F,1,1907,5,0,1,1,1,89,1,0,0,995,0,0,0,75007,1,2,0,4,2,1,2,1,1,1,1,2,0,0,1,1,0,0,1,0,1,4,62,4,1,1,3,G,51,0,0,0,0,0,0,0,0,0,0,330,130,0,0,0,1,5,999,999,999,9999999,999,999,22,2,0,1,1,0,0,0,995,2445.71364449741,8,2
6465,30,19,1-30-2017-019-07,7,1,JHMES165X4S0,17,37,31,2004,4,1,2,0,1,F,2,1163,5,9999,9,1,1,64,1,0,0,995,0,0,0,85027,9,9,2,4,6,4,2,1,1,1,1,2,0,0,1,1,1,2,9,0,11,2,15,99,1,1,4,J,68,0,0,0,0,0,0,0,0,0,0,105,340,0,0,0,1,1,37,-24,-29,70865,998,-111,30,0,1,1,1,0,4,0,995,2879.14494966816,10,2
6465,30,19,1-30-2017-019-07,7,2,1D3HV13T39S7,17,7,482,2009,34,5,31,0,1,F,1,2404,5,0,2,1,1,64,1,0,0,995,0,0,0,85338,1,1,2,4,5,2,2,1,1,1,3,1,0,0,1,1,1,2,1,0,1,4,62,2,1,1,4,J,69,0,0,0,0,0,0,0,0,0,0,340,105,0,0,0,1,1,18,-18,3,73574,998,4,28,0,1,0,0,0,0,0,995,2879.14494966816,10,2
6464,24,18,1-24-2017-018-10,10,1,1FTZR45E17PA,17,12,471,2007,34,5,30,0,1,F,1,1625,5,0,1,1,1,80,1,0,0,995,0,0,0,08203,1,2,2,3,2,1,2,1,1,1,1,1,0,0,1,1,0,0,1,0,1,3,52,2,1,1,2,D,28,0,0,0,0,0,0,0,0,0,0,70,70,0,0,0,1,12,999,999,999,9999999,999,999,999,2,0,0,0,0,0,0,995,8564.08223958803,1,2
6456,15,9,1-15-2017-009-03,3,2,1HTMMAAL5DH4,17,84,884,2013,78,8,78,0,1,R,9,,,,,,0,48,1,0,0,995,0,0,0,11501,9,9,2,4,2,1,2,1,1,1,0,0,0,0,1,1,0,0,9,0,1,4,65,99,1,1,4,K,79,,,,,,,,,,,,,,,,,,,,,,,,,,,95,95,95,95,,,657.51132098465,1,2
6464,24,18,1-24-2017-018-10,10,2,999999999999,99,99,399,9999,9,1,9,99,1,B,9,9999,9,9999,9,0,0,80,1,9,9,998,8,9,9,99999,9,9,2,3,2,1,2,1,1,1,1,1,0,0,1,1,0,0,9,1,16,3,53,99,9,1,2,D,29,0,0,0,0,0,0,0,0,0,0,70,70,9,0,0,1,0,999,999,999,9999999,999,999,999,9,0,95,95,95,95,0,995,8564.08223958803,1,2
6466,30,20,1-30-2017-020-03,3,1,1FTYR14V2XPA,17,12,471,1999,34,5,30,0,1,F,9,1497,5,0,2,0,1,64,1,0,0,995,0,0,0,85302,1,2,2,4,7,4,2,1,3,4,3,1,0,0,1,1,1,2,3,0,14,3,50,1,1,1,2,D,20,0,0,0,0,0,0,0,0,0,0,0,0,0,0,0,0,0,999,999,999,9999999,999,999,999,9,0,0,0,0,0,0,995,703.266783634125,10,2
6466,30,20,1-30-2017-020-03,3,2,KNDJT2A54D77,17,63,37,2013,6,1,2,0,1,B,2,1220,5,0,2,1,1,64,1,0,0,995,0,0,0,85053,1,1,2,4,7,4,2,1,3,4,3,1,0,0,1,1,1,2,1,0,5,3,53,1,1,1,2,D,21,0,0,0,0,0,0,0,0,0,0,0,0,0,0,0,1,12,999,999,999,9999999,999,999,999,3,0,1,1,0,4,0,995,703.266783634125,10,2
6327,20,9,1-20-2017-009-03,3,1,999999999999,99,99,399,9999,4,1,9,99,1,F,9,9999,9,9999,9,0,1,64,0,7,7,887,6,8,8,99998,8,8,2,1,7,1,2,2,1,1,0,1,0,0,3,99,1,2,0,8,0,9,99,0,0,0,5,L,88,0,0,0,0,0,0,0,0,0,0,999,0,0,0,0,0,0,999,999,999,9999999,999,999,999,9,0,0,0,0,0,0,995,319.158615035931,11,2
6327,20,9,1-20-2017-009-03,3,2,1N4AL3AP0FN9,17,35,47,2015,4,1,3,0,1,L,2,1416,5,0,2,1,1,40,1,8,0,995,0,7,0,93907,7,1,2,4,4,2,2,2,1,1,1,1,0,0,3,99,1,2,1,0,5,4,67,1,1,1,5,L,89,0,0,0,0,0,0,0,0,0,0,0,999,0,0,0,1,5,999,999,999,9999999,999,999,999,7,0,1,1,0,4,0,995,319.158615035931,11,2
6429,28,8,1-28-2017-008-01,1,1,4M2ZU86KX3UJ,17,14,401,2003,14,3,14,0,1,F,2,2037,8,0,1,1,1,89,1,0,1,0,4,0,1,16901,1,2,0,4,2,1,2,1,1,1,1,4,0,0,1,1,0,0,9,1,1,2,11,99,1,4,1,A,1,1,1,2,6,6,4,42,3,1,16,998,998,0,0,1,1,12,999,999,999,9999999,999,999,999,3,0,9,0,0,1,3,998,180.151427141869,3,2
6475,12,10,1-12-2017-010-02,2,1,1G11H5SL5EF1,17,20,37,2014,4,1,3,0,1,L,1,1620,5,0,1,3,1,64,1,0,0,995,0,0,0,73401,5,2,2,4,2,1,2,1,1,2,0,0,0,0,1,1,2,2,1,0,1,2,17,8,1,1,5,L,90,0,0,0,0,0,0,0,0,0,0,310,350,0,0,0,1,3,8,4,7,3008,998,23,7,0,4,0,0,0,0,0,995,564.8233251094,9,2
6475,12,10,1-12-2017-010-02,2,2,2G1WG5E34D12,17,20,2,2013,4,1,4,0,1,R,1,1613,5,0,1,1,1,64,1,0,0,995,0,0,0,73401,1,2,2,2,2,2,2,1,1,1,3,2,0,0,1,1,0,0,1,0,1,4,66,1,1,1,5,L,90,0,0,0,0,0,0,0,0,0,0,350,310,0,0,0,1,3,8,-8,-3,6735,998,31,10,0,4,1,1,0,4,0,995,564.8233251094,9,2
6474,24,20,1-24-2017-020-02,2,1,3N1AB61E58L7,17,35,43,2008,4,1,3,0,1,F,1,1296,5,0,1,1,1,40,1,0,0,995,0,0,0,07463,1,2,2,4,2,1,2,1,1,1,0,0,0,0,1,1,2,2,2,0,1,2,17,1,1,1,5,L,88,0,0,0,0,0,0,0,0,0,0,220,130,0,0,0,1,1,13,-10,-9,9320,998,-88,11,0,4,1,1,0,0,0,995,112.524080732891,1,2
6474,24,20,1-24-2017-020-02,2,2,3VWD17AJXFM2,17,30,40,2015,4,1,3,0,1,L,1,1364,5,0,1,1,1,40,1,0,0,995,0,7,0,08037,1,2,2,4,2,1,2,1,1,1,0,0,0,0,1,1,2,2,9,0,4,4,66,99,1,1,5,L,89,0,0,0,0,0,0,0,0,0,0,130,220,0,0,0,1,1,11,-7,9,12001,998,51,13,0,4,2,5,0,3,0,995,112.524080732891,1,2
6473,24,19,1-24-2017-019-02,2,1,4S3BL6160772,17,48,34,2007,4,1,3,0,1,L,1,1475,5,0,1,1,1,80,1,0,0,995,0,0,0,08330,1,2,0,4,2,1,2,1,1,1,1,2,0,0,3,1,0,0,3,1,1,2,10,1,1,2,3,I,64,0,0,0,0,0,0,0,0,0,0,190,30,0,0,0,1,8,999,999,999,9999999,999,999,999,6,0,0,0,0,0,0,995,89.5901504128533,1,2
6473,24,19,1-24-2017-019-02,2,2,5NPD84LF8HH0,17,55,35,2017,4,1,3,0,1,L,2,1275,5,9999,9,1,1,80,1,0,1,0,2,0,0,08330,1,2,0,4,2,1,2,1,1,1,1,4,0,0,3,1,0,0,9,0,1,4,62,8,1,1,3,I,65,0,0,0,0,0,0,0,0,0,0,30,190,0,1,0,1,8,999,999,999,9999999,999,999,999,7,0,2,6,0,3,0,995,89.5901504128533,1,2
6477,14,11,1-14-2017-011-02,2,1,1C3EL56R35N5,17,6,43,2005,4,1,3,0,1,F,1,1439,5,0,1,1,1,105,1,0,0,995,0,0,0,78163,1,1,2,1,3,3,2,1,1,4,1,2,0,0,1,1,3,2,9,0,4,2,15,99,1,1,4,J,68,0,0,0,0,0,0,0,0,0,0,275,205,0,0,0,1,1,15,-10,-12,23596,998,-136,14,0,1,0,0,0,0,0,995,309.96875591204,8,2
6477,14,11,1-14-2017-011-02,2,2,1C4PJMDB9EW1,17,2,404,2014,14,3,14,0,1,R,1,1862,5,0,1,1,1,105,1,0,0,995,0,0,0,78163,1,2,2,1,2,1,2,1,1,1,1,3,0,2,1,1,0,0,1,0,2,4,62,4,1,1,4,J,69,0,0,0,0,0,0,0,0,0,0,180,105,0,0,0,2,1,14,-5,-13,16892,998,53,14,0,1,1,1,0,4,0,995,309.96875591204,8,2
6477,14,11,1-14-2017-011-02,2,3,KNDMB2332862,17,63,441,2008,20,4,20,0,1,F,1,1990,5,0,1,1,1,105,1,0,0,995,0,0,0,78163,1,1,2,4,2,1,2,1,1,4,0,2,0,0,1,1,2,2,1,0,5,4,66,1,1,1,6,M,98,0,0,0,0,0,0,0,0,0,0,105,180,0,0,0,2,1,13,-12,7,17737,998,61,14,0,1,0,0,0,0,0,995,309.96875591204,8,2
6483,32,17,1-32-2017-017-06,6,1,2HGFA5E59BH7,17,37,31,2011,4,1,3,0,1,F,1,1345,5,0,1,1,1,105,1,0,0,995,0,0,0,76179,9,9,1,1,3,2,1,1,3,1,3,3,0,0,2,1,5,2,9,1,15,3,51,99,1,2,2,D,24,0,0,0,0,0,0,0,0,0,0,335,330,0,0,0,1,1,17,-17,-3,20272,998,28,19,0,4,0,0,0,0,0,995,2740.3603878526,7,2
6483,32,17,1-32-2017-017-06,6,2,3N1BC1APXBL3,17,35,50,2011,4,1,2,0,1,L,2,1150,5,0,1,1,1,105,1,0,0,995,0,0,0,76021,2,2,1,1,3,1,1,1,3,1,1,3,0,0,2,1,0,0,1,0,14,3,53,1,1,1,2,D,25,1,1,2,2,1,4,61,1,2,7,997,997,0,0,0,2,6,999,999,999,9999999,999,999,999,7,0,9,97,0,4,3,997,2740.3603878526,7,2
6484,32,18,1-32-2017-018-10,10,1,1GCFG15X6612,17,20,461,2006,21,4,21,0,1,L,1,2102,5,68,1,1,1,80,1,0,0,995,0,0,0,75137,9,9,2,4,2,1,1,1,1,3,2,0,0,0,1,1,2,2,9,0,11,2,15,99,1,1,4,K,82,0,0,0,0,0,0,0,0,0,0,190,280,0,0,0,1,8,999,999,999,9999999,999,999,999,6,0,0,0,0,0,0,995,20830.7351125155,7,2
6484,32,18,1-32-2017-018-10,10,2,3A4FY58B36T2,17,6,52,2006,6,1,2,0,1,F,9,1395,5,9999,9,0,0,80,1,0,0,995,0,0,0,75211,9,9,2,1,2,1,1,1,1,3,3,0,0,0,1,1,0,0,9,0,1,4,67,99,1,1,4,K,83,0,0,0,0,0,0,0,0,0,0,280,190,0,0,0,0,0,999,999,999,9999999,999,999,999,9,0,95,95,95,95,0,995,20830.7351125155,7,2
6485,23,17,1-23-2017-017-04,4,1,5FNRL18083B1,17,37,441,2003,20,4,20,0,1,L,1,1980,5,9999,9,0,1,89,1,0,0,995,0,0,0,43331,9,9,2,4,2,1,2,1,1,1,1,2,0,0,1,1,2,2,9,0,11,2,15,99,1,1,4,K,82,0,0,0,0,0,0,0,0,0,0,280,80,0,0,0,1,3,11,-6,10,20685,998,-66,15,0,4,0,0,0,0,0,995,625.370841793766,5,2
6485,23,17,1-23-2017-017-04,4,2,1HGCT1B85FA0,17,37,32,2015,2,1,3,0,1,F,1,1480,5,0,1,1,1,89,1,0,0,995,0,0,0,43344,1,2,2,4,2,1,2,1,1,1,1,4,0,0,1,1,0,0,1,1,1,4,67,4,2,4,4,K,83,0,0,0,0,0,0,0,0,0,0,80,280,0,0,0,1,3,14,-11,9,9309,998,86,10,0,4,0,0,0,0,0,995,625.370841793766,5,2
6486,16,18,1-16-2017-018-05,5,1,2T1BU4EE5AC4,17,49,32,2010,4,1,2,0,1,F,3,1279,5,0,1,1,1,48,1,0,1,324,2,0,2,45225,2,2,0,4,2,1,2,1,3,1,0,2,0,0,1,1,0,0,9,1,14,2,13,1,9,4,1,A,2,0,0,0,0,0,0,0,0,0,0,998,998,0,0,2,1,10,999,999,999,9999999,999,999,42,4,0,3,13,1,3,0,998,104.057145788765,5,2
6487,16,19,1-16-2017-019-07,7,1,JM1GJ1W57G14,17,41,50,2016,4,1,4,0,1,L,1,1441,8,0,1,3,0,40,1,0,0,995,0,0,0,92105,9,9,0,4,2,1,2,1,1,4,0,0,0,0,1,8,0,0,9,0,10,3,52,1,1,2,3,I,64,0,0,0,0,0,0,0,0,0,0,345,175,0,0,0,1,3,7,-7,1,1937,998,-66,5,0,1,95,95,95,95,0,995,2086.5953295507,5,2
6487,16,19,1-16-2017-019-07,7,2,3FAHP0HG7AR2,17,12,23,2010,4,1,3,0,1,L,1,1490,5,0,1,1,1,40,1,0,0,995,0,0,0,41042,1,2,2,4,2,1,2,1,1,2,0,0,0,0,1,8,2,2,1,0,2,2,18,2,1,1,3,I,65,0,0,0,0,0,0,0,0,0,0,175,345,0,0,0,1,3,6,-6,2,3815,998,16,8,0,1,0,0,0,7,0,995,2086.5953295507,5,2
6489,27,2,1-27-2017-002-03,3,1,5NPDH4AE1DH1,17,55,35,2013,4,1,3,0,1,F,2,1265,5,0,1,1,1,40,1,8,1,0,2,7,9,01201,9,9,0,1,5,2,2,1,1,1,3,2,0,0,1,1,0,0,9,1,1,2,12,99,1,4,1,B,6,0,0,0,0,0,0,0,0,0,0,998,998,0,0,0,2,11,999,999,999,9999999,999,999,999,7,0,0,0,0,4,0,998,78.5353089938537,3,2
6495,21,9,1-21-2017-009-03,3,1,JM1BK12F6614,17,41,51,2006,4,1,2,0,1,F,1,1230,5,0,1,1,1,56,1,0,0,995,0,0,0,92223,9,1,3,4,4,2,2,1,1,1,3,2,0,0,3,1,0,0,1,0,1,3,50,2,1,1,2,D,20,0,0,0,0,0,0,0,0,0,0,0,340,0,1,0,1,3,13,-13,2,8367,998,-26,13,0,4,0,0,0,0,0,995,1387.46155259324,11,2
6499,29,8,1-29-2017-008-06,6,1,1GC2KVCG9BZ2,17,20,481,2011,34,5,31,0,1,F,2,2847,5,181,2,1,1,999,1,8,9,998,8,7,9,02717,1,2,0,4,2,1,2,1,1,2,0,2,0,0,1,1,0,0,3,1,1,2,13,1,1,4,1,A,1,0,0,0,0,0,0,0,0,0,0,998,998,0,0,7,2,11,999,999,999,9999999,999,999,999,7,0,1,2,0,4,0,998,540.088905136712,2,2
6495,21,9,1-21-2017-009-03,3,2,2T1BURHE6EC1,17,49,32,2014,4,1,3,0,1,B,1,1290,5,0,2,4,1,56,1,0,0,995,0,0,0,92324,9,1,3,4,4,2,2,1,1,1,3,2,0,0,3,1,0,0,1,0,5,3,53,1,1,1,2,D,22,0,0,0,0,0,0,0,0,0,0,340,0,0,1,0,1,3,11,11,2,11734,998,-104,11,0,4,2,5,0,4,0,995,1387.46155259324,11,2
6505,31,7,1-31-2017-007-04,4,1,1GCEC14W0YZ1,17,20,481,2000,34,5,31,0,1,F,1,1787,5,0,1,1,1,89,1,0,0,995,0,7,0,62806,1,2,2,4,2,1,2,1,2,1,1,2,0,0,1,1,2,2,1,0,11,2,15,1,1,1,4,K,82,0,0,0,0,0,0,0,0,0,0,80,180,0,0,0,1,1,13,-10,8,21167,998,179,11,0,1,0,0,0,0,0,995,2792.73572987369,6,2
6501,22,21,1-22-2017-021-03,3,1,2T3RFREV2FW2,17,49,402,2015,14,3,14,0,1,R,1,1615,5,0,2,1,1,105,1,0,0,995,0,7,9,98040,1,2,0,4,2,1,2,4,2,4,1,4,0,0,2,2,0,0,1,1,14,1,6,7,2,4,1,A,2,1,1,2,2,5,4,31,1,1,5,997,997,0,0,0,1,6,999,999,999,9999999,999,999,999,6,0,1,1,0,5,2,997,112.459425941152,12,2
6505,31,7,1-31-2017-007-04,4,2,1C6RR7FT3GS4,17,7,482,2016,34,5,31,0,1,R,1,2305,5,0,1,1,1,89,1,0,0,995,0,7,0,62895,1,2,2,2,2,1,2,1,1,1,1,1,0,0,1,1,0,0,1,1,1,4,67,1,1,2,4,K,83,0,0,0,0,0,0,0,0,0,0,180,80,0,0,0,1,1,10,-8,-6,16068,998,22,13,0,1,0,0,0,0,0,995,2792.73572987369,6,2
6492,17,15,1-17-2017-015-04,4,1,1FAHP2H8XDG1,17,12,17,2013,4,1,4,0,1,F,1,1822,5,0,1,1,1,48,1,0,0,995,0,0,0,61201,1,2,0,2,2,2,1,5,1,9,3,2,0,0,3,4,0,0,1,1,1,1,8,2,2,4,1,B,7,0,0,0,0,0,0,0,0,0,0,290,140,0,0,0,6,3,13,-10,-8,14624,998,-99,12,0,4,0,0,0,0,0,995,2396.01535024564,4,2
6492,17,15,1-17-2017-015-04,4,2,1G11A5SA4DF3,17,20,37,2013,4,1,3,0,1,L,1,1539,5,0,1,1,1,48,1,0,0,995,0,0,0,61201,1,2,0,2,2,2,1,5,1,9,3,2,0,0,3,4,0,0,1,1,17,1,6,8,2,4,6,M,98,0,0,0,0,0,0,0,0,0,0,50,170,0,0,0,5,3,3,-1,3,1986,998,-226,3,0,4,0,0,0,0,0,995,2396.01535024564,4,2
6492,17,15,1-17-2017-015-04,4,3,4T1BF1FK4EU3,17,49,40,2014,4,1,3,0,1,F,1,1441,5,0,1,2,0,48,1,0,0,995,0,0,0,52802,9,9,0,2,2,2,1,5,1,9,3,2,0,0,3,4,0,0,9,0,1,3,50,99,9,1,6,M,98,0,0,0,0,0,0,0,0,0,0,170,40,0,0,0,2,1,9,-9,3,9838,998,12,14,0,4,95,95,95,95,0,995,2396.01535024564,4,2
6492,17,15,1-17-2017-015-04,4,4,1FAFP53205A1,17,12,17,2005,4,1,3,0,1,F,9,1500,5,9999,9,0,0,48,1,0,0,995,0,0,0,61201,9,9,0,2,2,2,1,5,1,9,3,2,0,0,3,4,0,0,9,0,1,3,50,99,9,1,6,M,98,0,0,0,0,0,0,0,0,0,0,140,290,0,0,0,0,0,999,999,999,9999999,999,999,999,9,0,95,95,95,95,0,995,2396.01535024564,4,2
6497,19,25,1-19-2017-025-05,5,1,3FAHP0HA0CR3,17,12,23,2012,4,1,3,0,1,F,1,1490,5,0,1,1,1,72,1,0,0,995,0,0,0,35901,2,2,0,1,4,1,2,1,1,1,1,3,0,0,1,1,0,0,9,0,1,3,52,3,1,1,2,D,28,0,0,0,0,0,0,0,0,0,0,135,135,0,0,0,1,1,23,-23,0,36112,998,25,24,0,4,0,0,0,4,0,995,253.139564629783,9,2
6497,19,25,1-19-2017-025-05,5,2,1D7HA18N28S5,17,7,482,2008,34,5,31,0,1,B,1,2208,5,0,1,2,0,72,1,0,0,995,0,0,0,35903,9,9,3,1,4,1,2,1,1,1,1,3,0,0,1,1,0,0,1,0,2,3,53,1,1,1,2,D,31,0,0,0,0,0,0,0,0,0,0,135,135,0,0,0,1,1,16,16,0,18444,998,30,14,0,4,95,95,95,95,0,995,253.139564629783,9,2
6476,28,9,1-28-2017-009-06,6,1,2FMDK48C09BA,17,12,24,2009,6,1,4,0,1,F,1,1853,5,381,2,1,1,56,1,0,0,995,0,0,0,16922,1,2,0,5,3,1,2,1,1,1,0,2,0,0,1,1,0,0,1,0,1,3,52,2,1,1,2,D,28,0,0,0,0,0,0,0,0,0,0,100,100,0,0,0,1,4,10,-10,0,13712,998,0,12,0,1,1,1,0,3,0,995,282.498055025382,3,2
6476,28,9,1-28-2017-009-06,6,2,2CTALBEWXA63,17,23,402,2010,14,3,14,0,1,B,1,1748,5,0,2,2,0,56,1,0,0,995,0,0,0,16933,9,9,0,4,3,1,2,1,1,1,0,2,0,0,1,1,0,0,9,0,2,3,53,1,1,1,2,D,29,0,0,0,0,0,0,0,0,0,0,100,100,0,0,0,1,4,13,13,0,5962,998,3,9,0,1,95,95,95,95,0,995,282.498055025382,3,2