CASEID,PSU,CASENO,CASENUMBER,CATEGORY,VEHNO,VIN,VINLENGTH,MAKE,MODEL,MODELYR,BODYTYPE,BODYCAT,VEHCLASS,SPECUSE,TRANSTAT,DAMPLANE,DAMSEV,CURBWT,CURBSRC,CARGOWT,CARGOSRC,INSPTYPE,TOWSTAT,SPEEDLIMIT,DRPRESENT,PARALCOHOL,ALCTEST,ALCTESTRESULT,ALCTESTSRC,PARDRUG,DRUGTEST,ZIP,RACE,ETHNICITY,RELTOJUNCT,TRAFFLOW,RDLANES,INITLANE,SURFTYPE,SURFCOND,ALIGNMENT,PROFILE,LINERIGHT,LINELEFT,RUMBINIT,RUMBROAD,LIGHTCOND,WEATHER,TRAFDEV,TRAFFUNCT,DISTRACT,PREFHE,PREMOVE,CRITCAT,CRITEVENT,MANEUVER,PRESTAB,PRELOC,CRASHCAT,CRASHCONF,CRASHTYPE,ROLLTYPE,ROLLTURN,ROLLINTRPT,ROLLPREMAN,ROLLINITYP,ROLLINLOC,ROLLOBJ,ROLLTRIP,ROLLDIR,ROLLDIST,DVANGTHIS,DVANGOTH,TOWHITCH,TRAJDOC,TREEPOLE,DVEVENT,DVBASIS,DVTOTAL,DVLONG,DVLAT,DVENERGY,DVSPEED,DVMOMENT,DVBES,DVEST,DVCONF,VAIS,VISS,VINJURED,VTREAT,INITOBJCLASS,HEADANGLECAT,CASEWGT,PSUSTRAT,VERSION
6476,28,9,1-28-2017-009-06,6,3,2T1BU4EEXDC0,17,49,32,2013,4,1,2,0,1,B,1,1260,5,46,1,2,0,56,1,0,0,995,0,0,0,16917,9,9,0,5,3,1,2,1,1,1,0,2,0,0,1,1,0,0,9,0,2,3,53,99,1,1,6,M,98,0,0,0,0,0,0,0,0,0,0,100,100,0,0,0,2,4,14,14,0,5695,998,-11,10,0,1,95,95,95,95,0,995,282.498055025382,3,2
6500,22,20,1-22-2017-020-09,9,1,1GNEK13T6YJ1,17,20,421,2000,15,3,15,0,1,F,1,2423,5,0,1,1,1,40,1,0,0,995,0,0,0,99201,1,2,3,4,2,1,2,5,1,1,0,0,0,0,1,8,0,0,1,0,1,4,66,7,2,1,5,L,88,0,0,0,0,0,0,0,0,0,0,340,270,0,1,0,1,1,10,-9,-3,20199,998,-31,14,0,3,0,0,0,0,0,995,795.828383252832,12,2
6510,33,16,1-33-2017-016-05,5,1,5FNYF3H63AB0,17,37,421,2010,15,3,15,0,1,R,2,1963,5,0,1,1,1,72,1,9,9,998,8,9,9,95966,1,2,0,4,2,1,2,2,3,4,1,2,0,0,1,2,0,0,9,1,14,1,6,99,4,4,1,B,7,1,2,2,2,5,4,31,6,1,15,997,997,0,0,0,1,6,999,999,999,9999999,999,999,999,7,0,4,21,2,3,2,997,68.0497986758237,12,2
6500,22,20,1-22-2017-020-09,9,2,2B4GP44G4XR4,17,7,442,1999,20,4,20,0,1,L,1,1482,5,0,1,1,1,40,1,0,0,995,0,0,0,83843,5,2,3,4,2,1,2,5,1,1,0,0,0,0,1,8,0,0,1,0,1,4,66,1,1,1,5,L,89,0,0,0,0,0,0,0,0,0,0,270,340,0,0,0,1,1,13,0,13,10400,998,118,9,0,3,1,2,0,3,0,995,795.828383252832,12,2
6498,19,26,1-19-2017-026-05,5,1,1FMZU34E3XUA,17,12,401,1999,14,3,14,0,1,F,1,1631,5,0,1,1,1,80,1,0,0,995,0,0,0,35952,1,2,2,4,2,1,2,1,1,2,1,2,0,0,1,1,1,2,3,0,1,2,17,1,1,1,5,L,86,0,0,0,0,0,0,0,0,0,0,90,220,0,0,0,1,1,16,-14,8,25935,998,57,19,0,1,0,0,0,0,0,995,253.139564629783,9,2
6498,19,26,1-19-2017-026-05,5,2,1D4PT5GK8BW5,17,7,403,2011,14,3,14,0,1,R,1,1862,5,0,1,1,1,80,1,0,0,995,0,0,0,35950,1,2,2,4,2,1,2,1,1,1,1,2,0,0,1,1,1,2,1,0,1,4,66,1,1,1,5,L,87,0,0,0,0,0,0,0,0,0,0,220,90,0,0,0,1,1,14,-13,-5,9593,998,45,11,0,1,1,1,0,3,0,995,253.139564629783,9,2
6508,20,17,1-20-2017-017-04,4,1,JH4CC2558NC0,17,54,34,1992,4,1,4,0,1,F,1,1429,5,0,1,1,1,64,1,0,0,995,0,0,0,93923,1,9,2,4,2,1,2,1,1,1,1,2,0,0,1,1,0,0,9,0,1,3,50,99,1,1,2,D,20,0,0,0,0,0,0,0,0,0,0,160,150,0,0,0,1,1,20,-20,3,33254,998,2,9,0,4,0,0,0,0,0,995,1176.72254964077,11,2
6493,13,16,1-13-2017-016-04,4,1,1C3CDFBA0DD3,17,7,29,2013,4,1,3,0,1,L,1,1471,5,0,1,1,1,97,1,0,0,995,0,0,0,76013,1,2,0,2,3,2,1,1,2,4,3,3,0,0,1,8,0,0,1,1,14,2,10,1,1,2,2,F,48,0,0,0,0,0,0,0,0,0,0,10,90,0,0,0,1,1,19,-3,19,12779,998,-42,14,0,1,0,0,0,0,0,995,2740.02107410605,7,2
6493,13,16,1-13-2017-016-04,4,2,1HGCP2F36CA0,17,37,32,2012,4,1,4,0,1,F,1,1523,5,0,1,1,1,97,1,0,0,995,0,0,0,76103,2,2,0,2,3,3,1,1,2,4,3,2,0,0,1,8,0,0,1,0,14,4,61,4,1,1,2,F,48,0,0,0,0,0,0,0,0,0,0,90,10,0,0,0,1,1,18,-17,-6,34511,998,-69,21,0,1,1,1,0,3,0,995,2740.02107410605,7,2
6507,15,10,1-15-2017-010-02,2,1,5UXKR0C53H0V,17,34,401,2017,14,3,14,0,1,F,9,2173,5,0,2,0,1,56,1,0,0,995,0,0,0,11753,3,2,3,3,3,1,2,2,1,1,1,1,0,0,1,8,0,0,1,1,10,1,6,2,2,4,1,B,7,0,0,0,0,0,0,0,0,0,0,998,998,0,0,1,0,0,999,999,999,9999999,999,999,999,9,0,1,1,0,4,0,998,60.4241199960332,1,2
6508,20,17,1-20-2017-017-04,4,2,1FM5K8D82EGB,17,12,401,2014,14,3,14,0,1,B,1,2146,5,0,2,1,1,64,1,0,0,995,0,0,0,93923,7,2,2,4,2,1,2,1,1,1,1,2,0,0,1,1,0,0,1,0,5,3,52,1,1,1,2,D,21,0,0,0,0,0,0,0,0,0,0,150,160,0,0,0,1,1,14,14,0,7091,998,-42,9,0,4,0,0,0,0,0,995,1176.72254964077,11,2
6511,33,17,1-33-2017-017-03,3,1,3N1AB7AP2GY2,17,35,43,2016,4,1,3,0,1,F,9,1293,5,0,2,4,1,40,1,0,0,995,0,0,0,95926,1,2,2,4,3,2,2,1,1,1,3,3,0,0,1,8,1,2,3,0,1,2,17,2,1,1,5,L,88,0,0,0,0,0,0,0,0,0,0,305,215,0,0,0,1,12,999,999,999,9999999,999,999,999,9,0,1,1,0,0,0,995,246.408660052814,12,2
6511,33,17,1-33-2017-017-03,3,2,1FTRW08L51KF,17,12,481,2001,34,5,31,0,1,L,9,2265,5,0,2,0,0,40,1,0,0,995,0,0,0,95973,9,9,2,4,2,1,2,1,1,1,0,2,0,0,1,8,1,2,1,0,1,4,66,99,1,1,5,L,89,0,0,0,0,0,0,0,0,0,0,215,305,0,0,0,0,0,999,999,999,9999999,999,999,999,9,0,95,95,95,95,0,995,246.408660052814,12,2
6509,20,18,1-20-2017-018-08,8,1,1GTFC24K9SE5,17,23,481,1995,34,5,31,0,1,F,2,9999,9,136,2,1,1,56,1,9,1,0,2,9,2,93955,1,2,2,4,2,1,2,1,1,1,0,0,0,0,5,8,1,2,3,1,11,1,8,1,1,4,1,A,2,0,0,0,0,0,0,0,0,0,0,998,998,0,0,1,1,12,999,999,999,9999999,999,999,999,3,0,2,5,0,3,0,998,306.994221458313,11,2
6482,10,11,1-10-2017-011-03,3,1,1FA6P8AM2G52,17,12,3,2016,2,1,3,0,1,F,1,1598,5,0,1,1,1,89,1,0,0,995,0,0,0,45404,7,2,1,2,3,2,2,2,3,2,3,3,0,3,3,2,0,0,1,1,14,1,6,1,2,4,1,A,2,0,0,0,0,0,0,0,0,0,0,998,998,0,0,0,1,1,12,-12,0,11118,998,69,12,0,4,0,0,0,4,0,998,157.312954998393,4,2
6503,30,22,1-30-2017-022-02,2,1,1FTFW1ET5DKD,17,12,481,2013,34,5,31,0,1,F,1,2586,5,0,2,1,1,64,1,0,1,0,2,0,1,85215,1,2,0,1,2,1,2,1,3,1,1,3,2,2,1,8,0,0,3,1,14,1,8,1,1,4,1,A,4,0,0,0,0,0,0,0,0,0,0,998,998,0,1,0,13,1,16,-16,0,30117,998,64,16,0,1,2,4,0,3,0,998,80.1948085112166,10,2
6504,18,10,1-18-2017-010-09,9,1,1GCHK29162E1,17,20,481,2002,34,5,31,0,1,T,2,2575,5,50,1,1,1,89,1,0,0,995,0,0,0,54701,1,2,0,4,2,1,2,2,1,1,1,4,0,0,2,4,0,0,1,1,1,1,5,98,3,4,1,A,2,1,2,2,2,1,4,61,1,2,12,997,997,0,1,0,1,6,999,999,999,9999999,999,999,999,7,0,1,1,0,0,3,997,2893.1160076217,6,2
6515,30,21,1-30-2017-021-06,6,1,KNDMC2330760,17,55,441,2007,20,4,20,0,1,L,1,1996,5,0,1,2,0,56,1,0,0,995,0,0,0,85013,9,9,3,4,6,3,2,1,1,1,3,4,0,0,1,1,0,0,9,0,11,2,15,1,1,1,4,J,72,0,0,0,0,0,0,0,0,0,0,350,0,0,0,0,1,1,5,5,3,3972,998,171,5,0,4,95,95,95,95,0,995,1771.20478471158,10,2
6515,30,21,1-30-2017-021-06,6,2,JN8AS5MV5BW6,17,35,51,2011,6,1,3,0,1,F,1,1574,5,0,2,1,1,56,1,0,0,995,0,0,0,85027,1,2,3,4,6,4,2,1,1,1,4,4,0,0,1,1,0,0,9,0,1,4,61,7,1,1,4,J,73,0,0,0,0,0,0,0,0,0,0,998,998,0,0,0,2,12,999,999,999,9999999,999,999,999,2,0,1,1,0,6,0,998,1771.20478471158,10,2
6490,11,5,1-11-2017-005-02,2,1,5J6RE48357L0,17,37,402,2007,14,3,14,0,1,B,9,1544,5,9999,9,0,0,72,1,0,0,995,0,0,0,23223,9,9,2,2,6,5,2,1,1,1,1,1,0,0,1,1,1,2,1,0,5,3,53,1,1,1,2,D,21,0,0,0,0,0,0,0,0,0,0,240,240,0,0,0,0,0,999,999,999,9999999,999,999,999,9,0,95,95,95,95,0,995,238.745408970889,8,2
6490,11,5,1-11-2017-005-02,2,2,2G1WG5E36D12,17,20,2,2013,4,1,4,5,1,F,9,1613,2,9999,9,0,1,72,1,0,0,995,0,0,0,23832,9,2,2,2,6,5,2,1,1,1,1,1,0,0,1,1,1,2,1,0,1,3,50,1,1,1,2,D,20,0,0,0,0,0,0,0,0,0,0,240,240,0,0,0,0,0,999,999,999,9999999,999,999,999,9,0,9,97,0,8,0,995,238.745408970889,8,2
6513,13,18,1-13-2017-018-03,3,1,JM3TB2DA9C03,17,41,54,2012,6,1,4,0,1,F,1,1959,5,9999,9,0,0,72,1,0,0,995,0,0,0,76020,9,9,2,3,2,2,1,1,1,4,0,0,0,0,1,1,0,0,9,0,1,3,52,99,1,1,2,D,28,0,0,0,0,0,0,0,0,0,0,270,270,0,0,0,1,3,7,-7,0,3371,998,0,7,0,4,95,95,95,95,0,995,783.989468106173,7,2
6513,13,18,1-13-2017-018-03,3,2,5NPDH4AE7DH2,17,55,35,2013,4,1,3,0,1,F,1,1265,5,0,1,1,1,72,1,0,0,995,0,0,0,76234,9,9,2,3,2,2,1,1,1,4,0,0,0,0,1,1,0,0,9,0,2,3,53,99,1,1,2,D,29,0,0,0,0,0,0,0,0,0,0,270,270,0,0,0,2,3,20,-20,0,11551,998,20,15,0,4,99,99,0,99,0,995,783.989468106173,7,2
6513,13,18,1-13-2017-018-03,3,3,2GCEK19V7112,17,20,481,2001,34,5,31,0,1,B,1,2151,5,9999,9,0,0,72,1,0,0,995,0,0,0,76244,9,9,2,3,2,2,1,1,1,4,0,0,0,0,1,1,0,0,9,0,2,3,53,99,1,1,6,M,98,0,0,0,0,0,0,0,0,0,0,270,270,0,0,0,2,3,12,12,0,20892,998,0,16,0,4,95,95,95,95,0,995,783.989468106173,7,2
6496,26,10,1-26-2017-010-06,6,1,2HGFG3B88CH5,17,37,31,2012,2,1,2,0,1,F,1,1278,5,0,1,1,1,40,1,0,0,995,0,0,0,95670,1,9,2,4,3,1,2,1,1,2,5,5,0,0,3,1,1,2,2,0,1,2,17,1,1,1,5,L,88,0,0,0,0,0,0,0,0,0,0,140,50,0,0,0,1,1,23,-11,-20,71994,998,-147,25,0,1,99,99,0,99,0,995,2568.83600284856,10,2
6496,26,10,1-26-2017-010-06,6,2,2HGFA55568H7,17,37,31,2008,4,1,3,0,1,L,1,1305,5,0,1,1,1,64,1,0,0,995,0,7,0,95670,5,2,2,2,5,2,2,1,1,1,1,1,0,0,3,1,1,2,1,0,1,4,66,1,1,1,5,L,89,0,0,0,0,0,0,0,0,0,0,50,140,0,0,0,1,1,22,-19,11,13542,998,-13,16,0,1,1,1,0,6,0,995,2568.83600284856,10,2
6516,23,18,1-23-2017-018-03,3,1,1NKWXBTX34J0,17,85,884,2004,63,8,60,0,1,F,9,,,,,,0,89,1,0,0,995,0,0,0,43003,9,9,0,1,2,1,2,1,1,1,1,3,0,0,1,8,0,0,2,0,3,3,50,1,1,1,2,D,20,,,,,,,,,,,,,,,,,,,,,,,,,,,95,95,95,95,,,175.276009767455,5,2
6516,23,18,1-23-2017-018-03,3,2,3N1AB7AP7FY3,17,35,43,2015,4,1,3,0,1,B,9,1293,5,0,1,1,1,89,1,0,0,995,0,0,0,43110,1,2,0,1,2,1,2,1,1,1,1,3,0,0,1,8,0,0,1,0,5,3,53,1,1,1,2,D,21,0,0,0,0,0,0,0,0,0,0,345,345,0,0,0,1,5,999,999,999,9999999,999,999,13,0,0,0,0,0,4,0,995,175.276009767455,5,2
6488,25,4,1-25-2017-004-03,3,1,1FMCU9J97EUB,17,12,402,2014,14,3,14,0,1,F,1,1635,5,0,1,3,1,48,1,0,0,995,0,0,0,27617,9,9,0,1,4,2,2,1,1,1,3,2,0,0,1,1,0,0,9,0,2,3,50,99,1,1,2,D,20,0,0,0,0,0,0,0,0,0,0,270,270,0,0,0,1,3,23,-23,0,27706,998,0,20,0,4,99,99,0,99,0,995,239.202737091011,2,2
6488,25,4,1-25-2017-004-03,3,2,5FNRL3H45AB0,17,37,441,2010,20,4,20,0,1,B,1,2062,5,0,1,1,1,48,1,0,0,995,0,0,0,04106,1,2,0,1,4,2,2,1,1,1,3,2,0,0,1,1,0,0,9,0,5,3,52,1,1,1,2,D,21,0,0,0,0,0,0,0,0,0,0,270,270,0,0,0,1,3,20,20,0,43374,998,0,23,0,4,1,1,0,0,0,995,239.202737091011,2,2
6488,25,4,1-25-2017-004-03,3,3,1FMCU93134KB,17,12,402,2004,14,3,14,0,1,B,1,1518,5,0,1,1,1,48,1,0,0,995,0,0,0,04106,1,1,0,1,4,2,2,1,1,1,3,2,0,0,1,1,0,0,9,0,5,3,53,1,1,1,6,M,98,0,0,0,0,0,0,0,0,0,0,270,270,0,0,0,2,1,16,16,0,11043,998,12,13,0,1,0,0,0,0,0,995,239.202737091011,2,2
6488,25,4,1-25-2017-004-03,3,4,3N1AB7AP4FY3,17,35,43,2015,4,1,3,0,1,B,1,1293,5,0,1,5,0,48,1,0,0,995,0,0,0,04106,9,9,0,1,4,2,2,1,1,1,3,2,0,0,1,1,0,0,1,0,5,3,53,99,1,1,6,M,98,0,0,0,0,0,0,0,0,0,0,270,270,0,0,0,3,3,16,16,0,15190,998,0,17,0,4,95,95,95,95,0,995,239.202737091011,2,2
6528,16,21,1-16-2017-021-05,5,1,1HGCP26328A1,17,37,32,2008,4,1,4,0,1,L,2,1468,5,0,1,1,1,32,1,0,0,995,0,0,0,45207,2,2,2,1,4,1,2,1,1,2,3,0,0,0,1,1,2,2,9,0,11,2,15,1,1,1,4,J,68,0,0,0,0,0,0,0,0,0,0,150,280,0,0,0,1,3,25,-12,21,66663,998,114,27,0,4,2,5,0,3,0,995,83.1361727133337,5,2
6528,16,21,1-16-2017-021-05,5,2,2G2WP5823613,17,22,20,2006,4,1,4,0,1,F,1,1577,5,9999,9,0,1,56,1,0,0,995,0,0,0,45238,9,9,2,4,4,2,2,1,1,2,0,3,0,0,1,1,0,0,9,0,1,4,67,99,1,1,4,J,69,0,0,0,0,0,0,0,0,0,0,280,150,0,0,0,1,3,22,-22,4,28615,998,66,19,0,4,9,97,0,8,0,995,83.1361727133337,5,2
6525,24,21,1-24-2017-021-03,3,1,1G8ZK5278YZ1,17,24,5,2000,4,1,3,0,1,R,2,1058,5,0,1,1,1,80,1,0,0,995,0,0,0,08205,1,2,3,4,4,2,2,1,1,1,3,2,1,1,1,1,0,0,9,1,11,2,15,99,1,2,4,J,68,0,0,0,0,0,0,0,0,0,0,250,160,0,1,0,1,1,30,-5,-30,20391,998,-66,20,0,1,3,19,1,3,0,995,494.857893190686,1,2
6525,24,21,1-24-2017-021-03,3,2,1FTNF1CF8EKD,17,12,481,2014,34,5,31,0,1,F,1,2223,5,0,1,1,1,80,1,0,0,995,0,0,0,08205,1,2,3,4,4,2,2,1,1,1,1,3,1,1,1,1,0,0,1,0,1,4,62,8,1,1,4,J,69,0,0,0,0,0,0,0,0,0,0,160,250,0,1,0,1,1,14,-14,2,46348,998,22,23,0,1,1,2,0,4,0,995,494.857893190686,1,2
6523,23,19,1-23-2017-019-06,6,1,1FTZR15V0XPA,17,12,471,1999,34,5,30,0,1,T,2,1664,5,0,1,1,1,89,1,0,0,995,0,0,0,44901,1,2,2,4,2,1,2,2,1,1,0,0,0,0,1,2,2,2,2,0,1,2,17,3,1,1,5,L,87,1,2,2,5,7,1,2,2,1,7,997,997,0,0,0,3,6,999,999,999,9999999,999,999,999,7,0,1,1,0,4,1,997,299.441769836291,5,2
6524,23,20,1-23-2017-020-06,6,1,999999999999,99,20,22,2010,4,1,2,0,1,R,2,1261,5,9999,9,0,1,89,1,0,0,995,0,0,0,44833,9,9,2,4,2,1,2,1,1,1,0,0,0,0,1,8,2,2,9,0,1,2,17,99,1,2,5,L,87,0,0,0,0,0,0,0,0,0,0,270,180,0,0,0,1,3,36,-12,-34,120467,998,-7,46,0,4,0,0,0,4,0,995,299.441769836291,5,2
6531,32,19,1-32-2017-019-07,7,1,2HNYD2H74AH5,17,54,421,2010,15,3,15,0,1,R,1,2064,5,0,1,1,1,64,1,0,0,995,0,0,0,75044,3,2,2,1,4,4,1,1,1,1,1,0,0,0,3,1,1,2,9,0,11,2,15,99,1,1,4,J,68,0,0,0,0,0,0,0,0,0,0,165,50,0,0,0,1,1,14,-9,-11,7956,998,-55,9,0,1,0,0,0,0,0,995,5536.09702917442,7,2
6531,32,19,1-32-2017-019-07,7,2,1NXBR32E95Z4,17,49,32,2005,4,1,2,0,1,F,1,1135,5,0,1,1,1,64,1,0,0,995,0,0,0,75231,2,2,2,1,4,2,1,1,1,1,3,3,0,0,3,1,1,2,1,0,1,4,62,2,1,1,4,J,69,0,0,0,0,0,0,0,0,0,0,50,165,0,0,0,1,1,23,-21,8,43248,998,63,26,0,1,1,1,0,0,0,995,5536.09702917442,7,2
6524,23,20,1-23-2017-020-06,6,2,2HGEJ6342WH1,17,37,31,1998,3,1,2,0,1,F,3,1037,5,0,1,1,1,89,1,0,0,995,0,0,0,45839,1,2,2,4,2,1,2,1,1,1,0,0,0,0,1,8,2,2,1,0,1,4,66,1,1,1,5,L,86,0,0,0,0,0,0,0,0,0,0,180,270,0,0,0,1,3,45,-42,15,67185,998,61,34,0,4,2,5,0,4,0,995,299.441769836291,5,2
6523,23,19,1-23-2017-019-06,6,2,1G2ZA5E07A41,17,22,22,2010,4,1,4,0,1,F,2,1499,8,0,1,1,1,89,1,0,0,995,0,0,0,44833,1,2,2,4,2,1,2,2,1,2,1,2,0,0,1,2,0,0,1,0,1,2,17,1,1,1,5,L,86,0,0,0,0,0,0,0,0,0,0,100,200,0,0,0,1,12,999,999,999,9999999,999,999,999,3,0,1,1,0,4,0,995,299.441769836291,5,2
6526,24,22,1-24-2017-022-06,6,1,JTDBU4EE4B91,17,49,32,2011,4,1,2,0,1,F,2,1255,5,0,1,1,1,40,1,0,0,995,0,0,0,08401,2,2,2,3,2,1,2,1,1,1,0,1,0,0,1,1,1,2,1,1,17,2,12,7,1,4,1,B,6,0,0,0,0,0,0,0,0,0,0,998,998,0,0,2,1,11,999,999,999,9999999,999,999,999,7,0,1,2,0,4,0,998,959.779082034474,1,2
6532,32,20,1-32-2017-020-07,7,1,1FTFW1ETXEKD,17,12,481,2014,34,5,31,0,1,B,9,9999,9,9999,9,0,0,113,1,0,0,995,0,0,0,75087,9,9,0,2,4,4,1,1,1,4,3,2,0,0,1,1,0,0,9,0,2,8,98,1,1,1,6,M,98,0,0,0,0,0,0,0,0,0,0,90,90,0,0,0,2,0,999,999,999,9999999,999,999,999,9,0,95,95,95,95,0,995,5536.09702917442,7,2
6532,32,20,1-32-2017-020-07,7,2,2FMDK53C29BA,17,12,25,2009,6,1,5,0,1,F,2,2027,5,0,1,1,1,113,1,0,0,995,0,0,0,75087,1,2,0,2,4,4,1,1,1,4,3,2,0,0,1,1,0,0,1,0,2,3,53,1,1,1,2,D,29,0,0,0,0,0,0,0,0,0,0,90,90,0,0,0,2,9,999,999,999,9999999,999,999,999,7,0,1,1,0,0,0,995,5536.09702917442,7,2
6532,32,20,1-32-2017-020-07,7,3,3GNEC16Z15G2,17,20,422,2005,15,3,15,0,1,F,1,2244,5,0,1,3,1,113,1,0,0,995,0,0,0,75087,1,2,0,2,4,4,1,1,1,4,3,2,0,0,1,1,0,0,3,0,1,3,52,2,1,1,2,D,28,0,0,0,0,0,0,0,0,0,0,90,90,0,0,0,1,4,20,-20,0,65707,998,0,27,0,4,0,0,0,0,0,995,5536.09702917442,7,2
6534,11,8,1-11-2017-008-03,3,1,5NPDH4AE9FH5,17,55,35,2015,4,1,3,0,1,F,1,1305,5,0,1,1,1,72,1,0,0,995,0,0,0,23112,1,2,0,4,2,1,2,1,1,2,1,2,0,0,1,1,0,0,1,0,5,3,54,1,1,1,6,M,93,0,0,0,0,0,0,0,0,0,0,160,160,0,0,0,1,5,999,999,999,9999999,999,999,22,2,0,1,1,0,4,0,995,672.058865672227,8,2
6537,12,11,1-12-2017-011-01,1,1,KM8JU3AC4DU5,17,55,402,2013,14,3,14,0,1,L,9,1505,5,0,1,1,1,105,1,0,1,0,2,0,0,73437,1,2,3,4,2,1,2,1,1,4,0,0,0,0,1,1,0,0,9,0,11,2,15,1,1,1,4,K,82,0,0,0,0,0,0,0,0,0,0,115,270,0,0,0,1,5,999,999,999,9999999,999,999,41,0,0,4,21,1,1,0,995,473.930148358357,9,2
6534,11,8,1-11-2017-008-03,3,2,1FDYA90X7HVA,17,12,898,1987,62,8,60,0,1,B,9,,,,,,1,72,1,0,0,995,0,0,0,23139,9,9,0,4,2,1,2,1,1,2,1,2,0,0,1,1,0,0,9,0,13,2,20,99,1,1,6,M,92,,,,,,,,,,,,,,,,,,,,,,,,,,,95,95,95,95,,,672.058865672227,8,2
6537,12,11,1-12-2017-011-01,1,2,1FUJA6CK57LY,17,82,884,2007,66,8,68,0,1,F,9,,,,,,1,105,1,0,0,995,0,0,0,73438,9,9,2,4,2,1,2,1,1,4,1,4,0,0,1,1,0,0,9,0,1,4,72,2,1,4,4,K,83,,,,,,,,,,,,,,,,,,,,,,,,,,,95,95,95,95,,,473.930148358357,9,2
6527,16,20,1-16-2017-020-01,1,1,1GNER13D89S1,17,20,24,2009,6,1,5,0,1,F,3,2145,5,0,1,5,1,56,1,0,1,0,3,1,3,45217,1,2,2,4,2,1,2,1,1,1,3,2,0,0,1,1,0,0,9,1,1,2,15,99,1,2,4,J,68,0,0,0,0,0,0,0,0,0,0,140,0,0,1,0,1,5,999,999,999,9999999,999,999,999,4,0,5,50,1,1,0,995,114.656428155167,5,2
6535,19,27,1-19-2017-027-05,5,1,JTDBL40E69J0,17,49,32,2009,4,1,2,0,1,R,1,1279,5,0,1,1,1,72,1,0,0,995,0,0,0,35903,2,2,3,4,2,1,2,2,2,1,1,2,0,0,1,8,0,0,1,0,11,2,15,1,1,1,4,J,68,0,0,0,0,0,0,0,0,0,0,170,70,0,1,0,1,1,16,-5,-15,32508,998,175,16,0,4,0,0,0,4,0,995,98.2578456106775,9,2
6535,19,27,1-19-2017-027-05,5,2,1FMYU01142KA,17,12,402,2002,14,3,14,0,1,F,1,1357,5,0,1,1,1,72,1,0,0,995,0,0,0,35906,1,2,3,4,2,1,2,1,3,1,1,2,0,0,1,8,0,0,1,0,14,4,62,2,1,1,4,J,69,0,0,0,0,0,0,0,0,0,0,70,170,0,0,0,1,1,15,-14,3,12209,998,49,14,0,4,0,0,0,4,0,995,98.2578456106775,9,2
6538,29,9,1-29-2017-009-09,9,1,1HGCM663X3A0,17,37,32,2003,4,1,3,0,1,F,1,1389,5,0,1,1,1,999,1,0,0,995,0,0,0,02740,2,1,2,4,2,1,2,1,2,1,0,2,0,0,2,1,0,0,2,1,14,2,15,3,1,2,3,G,50,0,0,0,0,0,0,0,0,0,0,160,30,0,0,0,1,3,14,-13,-5,14544,998,-99,13,0,4,0,0,0,0,0,995,2720.74723027127,2,2
6539,31,8,1-31-2017-008-10,10,1,2C3JA53G35H6,17,6,51,2005,4,1,5,0,1,F,1,1710,5,0,1,1,1,89,1,0,0,995,0,7,0,62931,1,2,0,4,2,1,2,1,1,1,1,4,0,0,2,1,0,0,1,0,1,6,87,1,1,1,1,C,13,0,0,0,0,0,0,0,0,0,0,998,998,0,0,0,1,10,999,999,999,9999999,999,999,13,2,0,0,0,0,0,0,998,2147.68433674278,6,2
6538,29,9,1-29-2017-009-09,9,2,1J4FF68S4XL6,17,2,404,1999,14,3,14,0,1,F,1,1524,9,0,1,1,1,999,1,0,0,995,0,0,0,02746,1,2,2,4,2,1,2,1,2,1,0,2,0,0,2,1,0,0,1,0,14,3,55,4,1,1,3,G,51,0,0,0,0,0,0,0,0,0,0,30,160,0,0,0,1,3,14,-12,7,15964,998,44,15,0,4,1,2,0,4,0,995,2720.74723027127,2,2
6527,16,20,1-16-2017-020-01,1,2,1FUBGDBG3CLB,17,82,881,2012,66,8,68,0,1,F,9,,,,,,1,56,1,0,0,995,0,0,0,45216,9,9,2,4,2,1,2,1,1,1,0,3,0,0,1,1,0,0,9,0,1,4,62,99,1,1,4,J,69,,,,,,,,,,,,,,,,,,,,,,,,,,,95,95,95,95,,,114.656428155167,5,2
6541,17,16,1-17-2017-016-05,5,1,5FPYK16559B1,17,37,471,2009,34,5,30,0,1,L,1,2043,5,0,1,1,1,48,1,0,0,995,0,0,0,61265,9,9,2,4,2,1,2,1,2,1,0,2,0,0,1,1,2,2,9,0,11,2,15,99,1,7,4,K,82,0,0,0,0,0,0,0,0,0,0,230,330,0,0,0,1,1,14,-9,11,25344,998,48,16,0,1,9,97,0,8,0,995,108.179886824118,4,2
6541,17,16,1-17-2017-016-05,5,2,1GNDX03E31D3,17,20,443,2001,20,4,20,0,1,F,1,1761,5,0,1,1,1,56,1,0,0,995,0,0,0,61265,1,2,2,4,3,1,2,1,3,1,0,2,0,0,1,1,0,0,1,0,14,4,67,2,1,1,4,K,83,0,0,0,0,0,0,0,0,0,0,330,230,0,0,0,1,1,16,-14,-8,21315,998,-101,14,0,1,1,1,0,0,0,995,108.179886824118,4,2