CASEID,PSU,CASENO,CASENUMBER,CATEGORY,VEHNO,VIN,VINLENGTH,MAKE,MODEL,MODELYR,BODYTYPE,BODYCAT,VEHCLASS,SPECUSE,TRANSTAT,DAMPLANE,DAMSEV,CURBWT,CURBSRC,CARGOWT,CARGOSRC,INSPTYPE,TOWSTAT,SPEEDLIMIT,DRPRESENT,PARALCOHOL,ALCTEST,ALCTESTRESULT,ALCTESTSRC,PARDRUG,DRUGTEST,ZIP,RACE,ETHNICITY,RELTOJUNCT,TRAFFLOW,RDLANES,INITLANE,SURFTYPE,SURFCOND,ALIGNMENT,PROFILE,LINERIGHT,LINELEFT,RUMBINIT,RUMBROAD,LIGHTCOND,WEATHER,TRAFDEV,TRAFFUNCT,DISTRACT,PREFHE,PREMOVE,CRITCAT,CRITEVENT,MANEUVER,PRESTAB,PRELOC,CRASHCAT,CRASHCONF,CRASHTYPE,ROLLTYPE,ROLLTURN,ROLLINTRPT,ROLLPREMAN,ROLLINITYP,ROLLINLOC,ROLLOBJ,ROLLTRIP,ROLLDIR,ROLLDIST,DVANGTHIS,DVANGOTH,TOWHITCH,TRAJDOC,TREEPOLE,DVEVENT,DVBASIS,DVTOTAL,DVLONG,DVLAT,DVENERGY,DVSPEED,DVMOMENT,DVBES,DVEST,DVCONF,VAIS,VISS,VINJURED,VTREAT,INITOBJCLASS,HEADANGLECAT,CASEWGT,PSUSTRAT,VERSION
6722,13,26,1-13-2017-026-05,5,3,1G2MB35B17Y1,17,22,23,2007,1,1,1,0,1,B,9,1297,5,9999,9,6,0,56,1,0,0,995,0,0,0,76010,9,9,2,4,6,2,1,1,1,1,3,3,3,1,1,1,1,2,9,0,5,3,53,99,1,1,6,M,98,0,0,0,0,0,0,0,0,0,0,20,20,0,0,0,2,12,999,999,999,9999999,999,999,999,9,0,95,95,95,95,0,995,236.361255730127,7,2
6707,10,19,1-10-2017-019-02,2,1,2G1FC1E36E91,17,20,9,2014,2,1,4,0,1,F,3,1700,5,0,1,1,1,80,1,1,2,996,1,0,0,45415,2,2,0,4,3,1,2,1,1,1,1,2,0,0,2,8,0,0,9,1,1,2,13,99,1,4,1,A,1,0,0,0,0,0,0,0,0,0,0,998,998,0,0,1,3,1,57,-57,0,230423,998,0,57,0,1,3,10,1,4,0,998,62.26969384391,4,2
6730,21,14,1-21-2017-014-04,4,1,5XXGM4A78FG4,17,63,34,2015,4,1,4,0,1,R,1,1468,5,0,1,1,1,80,1,0,0,995,0,0,0,92324,1,2,0,1,2,1,2,1,1,1,0,3,0,0,1,1,0,0,1,0,10,3,53,1,1,1,2,F,48,0,0,0,0,0,0,0,0,0,0,210,205,0,0,0,1,8,999,999,999,9999999,999,999,999,6,0,0,0,0,6,0,995,2221.76994369018,11,2
6730,21,14,1-21-2017-014-04,4,2,3VWHG71K37M1,17,30,40,2007,4,1,2,0,1,F,2,1465,5,0,2,4,1,80,1,0,0,995,0,0,0,92376,9,1,0,1,2,1,2,1,1,1,0,3,0,0,1,1,0,0,1,1,6,3,51,2,2,1,2,F,48,0,0,0,0,0,0,0,0,0,0,998,998,0,1,5,5,12,999,999,999,9999999,999,999,999,3,0,1,1,0,4,0,998,2221.76994369018,11,2
6725,15,16,1-15-2017-016-05,5,1,JNKCV64E08M1,17,58,37,2008,2,1,4,0,1,R,1,1644,5,0,1,1,1,56,1,0,0,995,0,0,0,28390,9,9,0,4,5,2,2,1,3,1,3,2,0,0,3,8,0,0,9,0,14,3,51,99,1,1,2,D,24,0,0,0,0,0,0,0,0,0,0,50,10,0,0,0,2,3,20,15,-13,44733,998,40,24,0,4,5,33,1,3,0,995,165.942224003426,1,2
6725,15,16,1-15-2017-016-05,5,2,999999999999,99,99,999,9999,99,10,99,99,1,B,9,,,,,,0,56,1,9,0,995,0,9,0,99999,9,9,0,4,5,1,2,1,3,1,1,3,0,0,3,8,0,0,9,1,14,3,53,99,1,1,2,D,25,,,,,,,,,,,,,,,,,,,,,,,,,,,95,95,95,95,,,165.942224003426,1,2
6732,26,18,1-26-2017-018-04,4,1,WDDGF4HB1DR2,17,42,42,2013,4,1,3,0,1,F,1,1505,5,0,1,1,1,64,1,8,0,995,0,0,0,95621,1,9,2,1,3,2,2,1,1,4,1,3,0,0,1,1,1,2,9,0,1,2,17,1,1,1,4,K,83,0,0,0,0,0,0,0,0,0,0,100,0,0,0,0,1,1,21,-20,-4,39030,998,-34,24,0,4,0,0,0,0,0,995,1280.3826642764,10,2
6732,26,18,1-26-2017-018-04,4,2,JHMCM56735C0,17,37,32,2005,4,1,3,0,1,L,1,1389,5,0,1,1,1,56,1,0,0,995,0,0,0,95628,1,2,2,4,4,3,2,1,1,1,1,2,0,0,1,1,1,2,1,0,11,4,66,2,1,1,4,K,82,0,0,0,0,0,0,0,0,0,0,0,100,0,0,0,1,1,23,-8,22,20812,998,31,19,0,4,0,0,0,0,0,995,1280.3826642764,10,2
6732,26,18,1-26-2017-018-04,4,3,999999999999,99,12,988,2009,58,7,58,3,1,L,9,,,,,,1,56,1,0,0,995,0,0,0,95833,9,9,2,4,4,2,2,1,1,1,1,1,0,0,1,1,1,2,9,0,11,4,60,1,1,1,6,M,98,,,,,,,,,,,,,,,,,,,,,,,,,,,95,95,95,95,,,1280.3826642764,10,2
6728,20,28,1-20-2017-028-03,3,1,1FADP3L99GL2,17,12,37,2016,5,1,3,0,1,L,1,1475,5,0,1,1,1,89,1,0,0,995,0,0,0,93906,2,2,2,4,4,1,2,1,1,1,1,1,0,0,3,1,0,0,1,0,12,2,21,1,1,1,6,M,98,0,0,0,0,0,0,0,0,0,0,85,135,0,0,0,1,1,11,5,9,12813,998,156,9,0,4,0,0,0,0,0,995,107.95194807247,11,2
6728,20,28,1-20-2017-028-03,3,2,1G11D5SL3FF2,17,20,37,2015,4,1,3,0,1,F,1,1625,5,0,1,1,1,89,1,0,1,0,2,7,1,93960,9,1,2,4,4,2,2,1,1,1,1,2,1,0,3,1,0,0,9,0,1,8,98,1,1,1,6,M,98,0,0,0,0,0,0,0,0,0,0,135,85,0,0,0,1,1,10,-10,-2,10445,998,34,13,0,4,1,1,0,3,0,995,107.95194807247,11,2
6733,30,34,1-30-2017-034-03,3,1,1GNEK13T66R1,17,20,421,2006,15,3,15,0,1,L,1,2258,5,9999,9,0,1,72,1,0,0,995,0,0,0,85260,9,9,2,4,2,1,2,1,1,1,0,0,0,0,1,1,2,2,9,0,11,2,15,99,9,1,4,K,82,0,0,0,0,0,0,0,0,0,0,110,270,0,0,0,1,3,14,-14,2,30663,998,-100,15,0,4,0,0,0,0,0,995,852.232770905654,10,2
6733,30,34,1-30-2017-034-03,3,2,WDDHF8JB0DA7,17,42,48,2013,4,1,4,0,1,F,1,1825,5,0,2,1,1,72,1,0,0,995,0,0,0,60527,1,2,2,1,6,3,2,1,1,1,3,0,0,0,1,1,0,0,2,0,1,4,67,99,9,1,4,K,83,0,0,0,0,0,0,0,0,0,0,270,110,0,0,0,1,3,17,-17,-3,18888,998,31,16,0,4,1,1,0,0,0,995,852.232770905654,10,2
6734,12,15,1-12-2017-015-09,9,1,1G1ZS58FX7F1,17,20,37,2007,4,1,3,0,1,F,9,1416,5,0,1,1,1,113,1,0,0,995,0,0,0,67001,1,2,0,2,2,1,2,1,1,1,1,3,2,3,1,8,0,0,1,1,1,2,13,1,1,4,1,A,1,0,0,0,0,0,0,0,0,0,0,998,998,0,0,0,2,10,999,999,999,9999999,999,999,14,0,0,0,0,0,0,0,998,3747.88353603989,9,2
6729,20,29,1-20-2017-029-09,9,1,1FTYR14U06PA,17,12,471,2006,34,5,30,0,1,L,2,1502,5,0,2,5,1,105,1,0,0,995,0,0,0,93905,9,1,1,2,3,1,2,2,1,9,1,3,0,0,1,2,0,0,1,1,16,1,6,7,4,2,2,F,47,1,3,2,5,7,1,2,2,1,20,260,345,0,0,0,1,5,999,999,999,9999999,999,999,28,3,0,1,3,0,6,1,995,726.269869888516,11,2
6729,20,29,1-20-2017-029-09,9,2,5VCACSLE8BH2,17,89,883,2011,63,8,60,0,1,F,9,,,,,,1,105,1,0,0,995,0,0,0,93906,9,9,1,2,3,2,2,2,1,9,3,3,0,0,1,2,0,0,9,0,1,4,61,99,1,1,2,F,45,,,,,,,,,,,,,,,,,,,,,,,,,,,95,95,95,95,,,726.269869888516,11,2
6736,16,30,1-16-2017-030-07,7,1,3AKJGLDR5HSG,17,82,881,2017,66,8,68,0,1,R,9,,,,,,0,72,1,0,0,995,0,0,0,43125,9,9,1,2,3,2,2,1,1,1,3,3,0,3,3,8,0,0,9,1,15,2,11,1,1,2,2,F,46,,,,,,,,,,,,,,,,,,,,,,,,,,,95,95,95,95,,,3068.62319672174,5,2
6736,16,30,1-16-2017-030-07,7,2,KNAGM4A74B51,17,63,34,2011,4,1,4,0,1,F,1,1454,5,0,1,1,1,72,1,0,0,995,0,0,0,45213,2,2,1,2,3,1,2,1,1,1,1,3,2,3,3,8,0,0,9,0,1,4,60,1,1,1,2,F,45,0,0,0,0,0,0,0,0,0,0,998,998,0,0,0,2,1,18,-16,-9,35912,998,-133,18,0,4,0,0,0,6,0,998,3068.62319672174,5,2
6737,23,28,1-23-2017-028-03,3,1,2C4RDGCG3HR6,17,7,442,2017,20,4,20,0,1,L,1,2050,5,0,1,1,1,56,1,0,1,0,2,0,0,43015,9,9,2,4,2,1,2,1,1,1,1,2,0,0,2,8,2,2,9,0,1,2,17,99,1,1,5,L,89,0,0,0,0,0,0,0,0,0,0,180,265,0,0,0,1,1,15,-5,14,16675,998,49,13,0,1,9,97,0,5,0,995,266.709017293061,5,2
6737,23,28,1-23-2017-028-03,3,2,1FTRF17203NA,17,12,481,2003,34,5,31,0,1,F,1,1843,5,68,1,5,1,56,1,0,1,0,2,0,3,43035,1,2,2,4,2,1,2,1,1,1,1,2,0,0,2,8,2,2,9,0,1,2,17,3,1,1,5,L,88,0,0,0,0,0,0,0,0,0,0,265,180,0,0,0,1,1,17,-16,-6,30997,998,-84,18,0,1,2,5,0,4,0,995,266.709017293061,5,2
6738,23,29,1-23-2017-029-04,4,1,1FMJU2AT4HEA,17,12,422,2017,15,3,15,0,1,F,9,2652,5,9999,9,0,1,56,1,0,0,995,0,0,0,43015,9,9,0,4,2,1,2,2,1,1,1,2,0,0,2,2,0,0,9,1,1,2,12,99,1,4,1,B,6,0,0,0,0,0,0,0,0,0,0,998,998,0,0,2,0,0,999,999,999,9999999,999,999,999,9,0,0,0,0,0,0,998,951.596529837935,5,2
6742,24,32,1-24-2017-032-04,4,1,1FADP3K24EL1,17,12,37,2014,5,1,3,0,1,R,9,1475,5,0,1,1,1,80,1,0,8,997,8,0,0,08215,1,2,2,4,4,2,2,1,1,1,1,2,1,1,1,1,1,2,2,0,11,2,15,1,1,2,4,J,68,0,0,0,0,0,0,0,0,0,0,100,330,0,1,0,1,5,999,999,999,9999999,999,999,12,0,0,0,0,0,0,0,995,2640.9729826904,1,2
6742,24,32,1-24-2017-032-04,4,2,1HD4CJM173K4,17,72,706,2003,80,9,80,0,1,F,9,,,,,,1,80,1,0,0,995,0,0,0,08030,9,9,2,4,4,1,2,1,1,1,1,3,0,1,1,1,1,2,9,0,1,4,62,99,1,1,4,J,69,,,,,,,,,,,,,,,,,,,,,,,,,,,95,95,95,95,,,2640.9729826904,1,2
6739,14,18,1-14-2017-018-04,4,1,2G61S5S30E92,17,19,23,2014,4,1,4,0,1,B,9,1817,5,9999,9,0,0,56,1,0,0,995,0,0,0,78130,9,9,2,4,4,1,2,1,1,1,1,3,0,0,1,1,1,2,9,0,5,3,53,99,1,1,6,M,98,0,0,0,0,0,0,0,0,0,0,140,140,0,0,0,0,0,999,999,999,9999999,999,999,999,9,0,95,95,95,95,0,995,6663.4099845413,8,2
6739,14,18,1-14-2017-018-04,4,2,KNDJT2A54C74,17,63,37,2012,6,1,2,0,1,B,1,1190,5,0,1,1,1,56,1,0,0,995,0,0,0,78130,1,2,2,4,4,1,2,1,1,1,1,3,0,0,1,1,1,2,1,0,5,3,53,2,1,1,2,D,21,0,0,0,0,0,0,0,0,0,0,140,140,0,0,0,1,1,19,19,0,24963,998,7,22,0,1,1,1,0,0,0,995,6663.4099845413,8,2
6739,14,18,1-14-2017-018-04,4,3,1C3CCBBG2DN7,17,6,18,2013,4,1,3,0,1,F,1,1544,5,0,1,1,1,56,1,0,0,995,0,0,0,78130,1,2,2,4,4,1,2,1,1,1,1,3,0,0,1,1,1,2,3,0,1,3,50,2,1,1,2,D,20,0,0,0,0,0,0,0,0,0,0,140,140,0,0,0,1,1,16,-16,0,10528,998,-14,13,0,1,1,1,0,0,0,995,6663.4099845413,8,2
6747,12,16,1-12-2017-016-06,6,1,3N1BC1CP1AL3,17,35,50,2010,5,1,2,0,1,F,1,1235,5,0,1,1,1,72,1,0,0,995,0,0,0,73448,1,2,0,4,2,1,2,1,1,4,1,2,0,0,1,1,0,0,1,1,1,2,13,2,1,4,1,A,1,0,0,0,0,0,0,0,0,0,0,998,998,0,0,0,1,1,14,-14,0,11953,998,45,14,0,4,3,10,1,3,0,998,1702.36586596526,9,2
6741,24,31,1-24-2017-031-06,6,1,5TDXK3DC9CS2,17,49,442,2012,20,4,20,0,1,F,1,1940,5,0,1,1,1,64,1,0,0,995,0,0,0,08234,2,2,2,5,3,1,2,1,1,1,1,2,0,0,1,1,1,2,3,0,1,3,50,1,1,1,2,D,20,0,0,0,0,0,0,0,0,0,0,50,50,0,0,0,1,1,13,-13,0,13772,998,46,13,0,4,0,0,0,0,0,995,1195.70880195864,1,2
6741,24,31,1-24-2017-031-06,6,2,1G4CU5419441,17,18,3,2004,4,1,4,0,1,B,1,1786,5,9999,1,1,1,72,1,0,0,995,0,0,0,08215,9,9,2,5,3,1,2,1,1,1,1,2,0,0,1,1,1,2,9,0,5,3,53,1,1,1,2,D,21,0,0,0,0,0,0,0,0,0,0,50,50,0,0,0,1,1,14,14,0,14219,998,28,14,0,4,0,0,0,0,0,995,1195.70880195864,1,2
6743,32,29,1-32-2017-029-09,9,1,1GNCT18W11K1,17,20,401,2001,14,3,14,0,1,L,1,1893,5,0,1,1,1,113,1,0,0,995,0,0,0,76137,1,2,1,3,2,1,1,1,2,2,1,3,0,0,1,1,0,0,1,1,14,2,10,1,1,2,2,F,47,0,0,0,0,0,0,0,0,0,0,225,230,0,0,0,1,8,999,999,999,9999999,999,999,999,6,0,0,0,0,0,0,995,11898.5904414158,7,2
6743,32,29,1-32-2017-029-09,9,2,1GCHC24638E1,17,20,481,2008,34,5,31,0,1,R,1,2408,5,0,1,2,0,113,1,0,0,995,0,0,0,76116,9,9,1,3,2,2,1,1,2,2,3,2,0,0,1,1,0,0,9,0,14,4,61,1,1,1,2,F,45,0,0,0,0,0,0,0,0,0,0,230,225,0,0,0,1,8,999,999,999,9999999,999,999,999,6,0,95,95,95,95,0,995,11898.5904414158,7,2
6748,29,14,1-29-2017-014-03,3,1,3MZBM1V72FM1,17,41,51,2015,4,1,3,0,1,B,3,1284,5,0,1,1,1,48,1,0,0,995,0,0,0,02771,1,2,0,4,2,1,2,1,2,1,0,2,0,0,2,1,0,0,1,1,14,1,6,3,4,4,1,B,7,0,0,0,0,0,0,0,0,0,0,998,998,0,1,1,3,1,68,64,-23,294477,998,53,68,0,4,1,1,0,4,0,998,860.19338867189,2,2
6744,32,30,1-32-2017-030-06,6,1,4M2CU87118KJ,17,14,402,2008,14,3,14,0,1,R,1,1535,8,0,1,1,1,56,1,0,0,995,0,0,0,75149,1,2,2,1,4,4,2,1,1,2,5,0,0,0,1,1,0,0,2,0,11,2,15,1,1,1,4,J,68,0,0,0,0,0,0,0,0,0,0,240,140,0,0,0,1,1,19,-3,-18,12877,998,-66,13,0,1,1,1,0,5,0,995,4008.89781094842,7,2
6744,32,30,1-32-2017-030-06,6,2,KL1TD5DE1BB1,17,20,39,2011,4,1,1,0,1,F,1,1170,5,0,1,1,1,56,1,0,0,995,0,0,0,75150,2,2,2,1,4,1,2,1,2,4,0,5,0,0,1,1,0,0,1,0,14,4,62,2,1,1,4,J,69,0,0,0,0,0,0,0,0,0,0,140,240,0,0,0,1,1,23,-23,0,41012,998,17,28,0,1,1,1,0,5,0,995,4008.89781094842,7,2
6750,31,13,1-31-2017-013-04,4,1,1FT7W2B64EEA,17,12,481,2014,34,5,31,0,1,F,1,3099,5,0,1,1,1,89,1,0,0,995,0,0,0,62821,1,2,0,4,2,1,2,2,2,4,1,4,0,0,4,2,0,0,1,0,14,6,87,1,1,1,1,C,13,0,0,0,0,0,0,0,0,0,0,998,998,0,0,0,1,10,999,999,999,9999999,999,999,17,2,0,0,0,0,0,0,998,1284.64109095433,6,2
6749,17,21,1-17-2017-021-07,7,1,19UUA66218A0,17,54,35,2008,4,1,3,0,1,F,2,1642,5,0,1,5,1,48,1,9,0,995,0,0,0,99999,9,9,0,1,2,1,2,1,2,1,0,2,0,0,3,1,0,0,9,1,14,2,12,99,1,4,1,B,6,0,0,0,0,0,0,0,0,0,0,998,998,0,1,0,3,10,999,999,999,9999999,999,999,25,3,0,0,0,0,0,0,998,1152.79836779502,4,2
6752,19,40,1-19-2017-040-08,8,1,1GNDT13WXY23,17,20,401,2000,14,3,14,0,1,F,3,1871,5,0,1,1,1,113,1,0,1,0,2,0,1,35765,1,2,0,2,2,1,1,1,1,1,3,1,2,3,2,8,0,0,1,1,15,2,13,1,1,4,1,A,1,0,0,0,0,0,0,0,0,0,0,998,998,0,1,0,1,1,48,-48,0,207231,998,55,48,0,1,3,13,2,3,0,998,539.527964967708,9,2
6753,21,15,1-21-2017-015-06,6,1,19XFB2F50CE3,17,37,31,2012,4,1,3,0,1,F,2,1267,5,0,1,1,1,64,1,0,1,185,2,0,0,92410,9,1,2,4,5,3,2,1,1,4,1,2,0,0,3,1,1,2,3,1,11,2,13,1,1,4,1,A,1,0,0,0,0,0,0,0,0,0,0,998,998,0,0,1,2,1,36,-36,0,80833,998,59,36,0,4,1,2,0,4,0,998,554.685159972558,11,2
6759,30,35,1-30-2017-035-02,2,1,2GNALCEK8G63,17,20,404,2016,14,3,14,0,1,F,3,1706,5,9999,9,1,1,72,1,1,1,324,2,0,1,85248,9,9,2,4,5,1,2,1,1,1,0,3,0,0,3,8,1,2,9,0,1,3,50,99,9,1,2,D,20,0,0,0,0,0,0,0,0,0,0,270,270,0,1,0,1,1,51,-51,0,120223,998,0,42,0,1,1,1,0,3,0,995,69.4909761305047,10,2
6759,30,35,1-30-2017-035-02,2,2,1G11C5SL0FF2,17,20,37,2015,4,1,3,0,1,B,3,1625,5,0,2,1,1,72,1,0,9,998,8,0,9,85282,2,2,2,4,5,1,2,1,1,1,0,3,0,0,3,8,1,2,1,0,5,3,53,1,1,1,2,D,21,0,0,0,0,0,0,0,0,0,0,270,270,0,0,0,1,1,54,54,0,252915,998,0,62,0,1,1,1,0,4,0,995,69.4909761305047,10,2
6763,33,30,1-33-2017-030-09,9,1,1GCCS19X5V82,17,20,471,1997,34,5,30,0,1,F,2,1481,5,0,1,1,1,89,1,0,0,995,0,0,0,95965,1,2,0,4,2,1,2,2,3,2,1,2,0,0,1,8,0,0,1,1,14,1,6,8,3,4,1,A,2,0,0,0,0,0,0,0,0,0,0,998,998,0,0,0,1,7,999,999,999,9999999,999,999,999,7,0,1,1,0,4,0,998,487.436148599422,12,2
6762,33,29,1-33-2017-029-10,10,1,4S3BH6867276,17,48,34,2002,5,1,3,0,1,F,9,1501,5,0,1,3,1,105,1,0,0,995,0,0,0,95965,1,2,0,1,4,2,2,2,3,4,1,2,0,0,2,2,0,0,1,0,14,6,90,1,1,1,1,C,12,0,0,0,0,0,0,0,0,0,0,998,998,0,0,0,1,10,999,999,999,9999999,999,999,999,9,0,0,0,0,0,0,998,1439.50259572749,12,2
6757,13,28,1-13-2017-028-04,4,1,1FTFW1EF9EKF,17,12,481,2014,34,5,31,0,1,F,9,2574,5,9999,9,0,0,72,1,0,0,995,0,0,0,76227,9,9,2,1,3,1,2,1,3,1,0,3,0,0,1,8,0,0,3,0,10,2,16,1,1,1,4,K,80,0,0,0,0,0,0,0,0,0,0,150,0,1,0,0,1,0,999,999,999,9999999,999,999,999,9,0,95,95,95,95,0,995,4712.18190865343,7,2
6757,13,28,1-13-2017-028-04,4,2,1FMJK1K58DEF,17,12,422,2013,15,3,15,0,1,F,2,2633,5,0,1,1,1,72,1,0,0,995,0,0,0,76092,1,2,2,4,2,1,1,1,1,4,0,0,0,0,1,8,0,0,1,0,5,4,67,1,1,1,4,K,81,0,0,0,0,0,0,0,0,0,0,0,150,0,0,0,1,5,999,999,999,9999999,999,999,999,7,0,0,0,0,0,0,995,4712.18190865343,7,2
6758,13,29,1-13-2017-029-06,6,1,WVGAV7AX4CW5,17,30,402,2012,14,3,14,0,1,R,1,1539,5,0,2,1,1,48,1,0,0,995,0,0,0,76051,1,2,3,1,3,2,1,1,1,1,3,1,0,0,1,1,0,0,1,0,1,4,71,10,1,1,5,L,87,0,0,0,0,0,0,0,0,0,0,260,170,0,0,0,1,3,4,-2,-3,1947,998,123,4,0,4,0,0,0,0,0,995,2614.98469636895,7,2
6758,13,29,1-13-2017-029-06,6,2,2MEHM75V58X6,17,14,6,2008,4,1,4,0,1,F,1,1900,5,0,1,3,0,48,1,0,0,995,0,0,0,76040,9,9,3,4,2,1,2,1,1,1,0,0,0,0,1,1,0,0,2,0,1,2,17,1,1,1,5,L,86,0,0,0,0,0,0,0,0,0,0,170,260,0,1,0,1,3,3,-3,2,1073,998,118,3,0,4,95,95,95,95,0,995,2614.98469636895,7,2
6764,20,30,1-20-2017-030-03,3,1,1G1FB1RX3G01,17,20,9,2016,2,1,4,0,1,F,3,1530,5,9999,9,1,1,105,1,0,0,995,0,0,0,93955,7,1,0,3,1,1,2,1,2,1,1,2,0,0,2,1,0,0,1,1,14,6,87,4,2,4,1,A,2,0,0,0,0,0,0,0,0,0,0,998,998,0,0,1,1,1,70,-70,0,309567,998,8,70,0,1,0,0,0,0,0,998,1034.98607246191,11,2
6754,18,17,1-18-2017-017-09,9,1,1GNFK16Z43J3,17,20,431,2003,16,3,16,0,1,F,2,2424,5,0,1,1,1,56,1,0,0,995,0,0,0,54729,1,2,2,4,2,1,2,1,2,1,0,2,0,0,2,1,0,0,3,1,14,2,12,1,1,4,1,B,6,0,0,0,0,0,0,0,0,0,0,998,998,0,0,0,1,1,36,-36,0,122168,998,0,36,0,1,1,1,0,4,0,998,2543.89401154685,6,2
6740,28,16,1-28-2017-016-04,4,1,KNMAT2MV6FP5,17,35,51,2015,6,1,3,0,1,F,9,1610,5,0,2,1,1,89,1,0,0,995,0,0,0,17110,1,2,0,4,2,1,2,1,1,1,1,2,2,3,2,1,6,2,1,0,1,6,87,2,1,1,1,C,13,0,0,0,0,0,0,0,0,0,0,998,998,0,0,0,1,10,999,999,999,9999999,999,999,13,0,0,0,0,0,0,0,998,564.743714786933,3,2
6744,32,30,1-32-2017-030-06,6,3,JTMZD31V6750,17,49,402,2007,14,3,14,99,1,L,9,1562,5,9999,9,0,0,56,1,0,0,995,0,0,0,75149,9,9,2,4,2,1,2,1,1,2,0,0,3,1,1,1,0,0,9,0,5,4,62,99,1,1,6,M,98,0,0,0,0,0,0,0,0,0,0,50,200,0,0,0,2,0,999,999,999,9999999,999,999,999,9,0,95,95,95,95,0,995,4008.89781094842,7,2
6746,11,17,1-11-2017-017-01,1,1,1G4HP52L6RH4,17,18,2,1994,4,1,4,0,1,T,2,1559,5,9999,9,5,1,72,1,9,1,140,3,9,1,99999,2,9,0,1,2,2,2,1,3,1,1,3,0,0,2,1,0,0,9,1,14,2,13,99,1,4,1,A,1,1,99,2,2,2,4,60,4,1,30,997,997,0,1,0,2,6,999,999,999,9999999,999,999,999,7,0,6,75,1,1,3,997,473.930148358357,8,2
6755,22,33,1-22-2017-033-04,4,1,5FNYF6H56GB0,17,37,421,2016,15,3,15,0,1,F,1,1943,5,0,1,1,1,48,1,0,0,995,0,0,0,83843,9,9,0,5,2,1,2,1,1,1,0,2,0,0,1,1,0,0,3,1,1,2,13,1,1,4,1,A,1,0,0,0,0,0,0,0,0,0,0,998,998,0,0,0,2,11,999,999,999,9999999,999,999,999,6,0,0,0,0,0,0,998,271.6975024183,12,2
6751,19,39,1-19-2017-039-10,10,1,999999999999,99,35,47,9999,4,1,3,0,1,F,9,9999,9,9999,9,0,0,56,1,9,0,995,0,9,0,99999,9,9,2,4,2,1,2,1,1,2,0,0,0,0,1,1,1,2,9,0,1,2,17,99,1,1,5,L,88,0,0,0,0,0,0,0,0,0,0,10,280,0,0,0,0,0,999,999,999,9999999,999,999,999,9,0,95,95,95,95,0,995,18182.9057658158,9,2
6751,19,39,1-19-2017-039-10,10,2,1GNDT13W1Y21,17,20,401,2000,14,3,14,0,1,L,1,1871,5,0,1,1,1,56,1,0,0,995,0,0,0,35905,1,2,2,4,2,1,2,1,1,1,0,2,0,0,1,1,1,2,1,0,1,4,66,1,1,1,5,L,89,0,0,0,0,0,0,0,0,0,0,280,10,0,0,0,1,3,6,-4,4,2675,998,55,6,0,4,0,0,0,0,0,995,18182.9057658158,9,2
6745,10,20,1-10-2017-020-03,3,1,1FADP3F23DL3,17,12,37,2013,4,1,3,0,1,R,1,1340,5,0,1,1,1,56,1,0,0,995,0,0,0,45449,9,9,2,4,5,2,2,1,1,1,1,1,0,0,1,1,1,2,9,0,1,2,17,1,1,1,5,L,87,0,0,0,0,0,0,0,0,0,0,350,260,0,0,0,1,1,11,-7,-9,8377,998,-11,12,0,1,99,99,0,8,0,995,405.610228972484,4,2
6745,10,20,1-10-2017-020-03,3,2,1FAFP52U2WA1,17,12,17,1998,4,1,3,0,1,F,1,1509,5,0,1,1,1,56,1,0,0,995,0,0,0,45403,1,2,2,4,5,2,2,1,1,1,1,1,0,0,1,1,1,2,1,0,1,4,66,1,1,1,5,L,86,0,0,0,0,0,0,0,0,0,0,260,350,0,0,0,1,1,9,-7,6,9123,998,139,9,0,1,1,2,0,4,0,995,405.610228972484,4,2
6769,15,18,1-15-2017-018-06,6,1,WBAVC73557KP,17,34,34,2007,4,1,3,0,1,F,1,1625,5,0,1,1,1,72,1,0,0,995,0,0,0,11798,2,1,0,3,2,1,2,2,1,1,1,3,0,0,3,2,0,0,1,0,1,3,52,2,1,1,2,D,28,0,0,0,0,0,0,0,0,0,0,40,40,0,0,0,1,3,19,-19,0,20151,998,0,16,0,4,1,1,0,4,0,995,1212.83585076125,1,2
6769,15,18,1-15-2017-018-06,6,2,JH4CU2F69AC0,17,54,39,2010,4,1,3,0,1,B,1,1545,5,0,2,4,1,72,1,0,0,995,0,0,0,11754,1,2,0,3,2,1,2,2,1,1,1,3,0,0,3,2,0,0,1,0,2,3,53,1,1,1,2,D,29,0,0,0,0,0,0,0,0,0,0,40,40,0,0,0,1,3,22,22,0,39001,998,0,25,0,4,1,1,0,4,0,995,1212.83585076125,1,2
6770,26,20,1-26-2017-020-09,9,1,JT2SK13E7P01,17,49,40,1993,4,1,2,0,1,F,1,1365,5,0,1,1,1,999,1,0,0,995,0,0,0,95822,2,2,0,1,3,2,2,1,1,1,3,0,0,0,1,1,0,0,9,1,1,2,12,1,1,4,1,B,6,0,0,0,0,0,0,0,0,0,0,998,998,0,0,1,1,1,15,-14,-5,12337,998,-7,15,0,4,1,1,0,4,0,998,4482.50651550674,10,2
6771,22,35,1-22-2017-035-09,9,1,1FDKF37G0SNB,17,12,481,1995,40,6,45,0,1,R,9,9999,9,363,1,2,0,56,1,0,0,995,0,0,0,83843,9,9,3,5,5,2,2,1,3,1,3,2,0,0,1,8,0,0,3,0,14,2,16,1,1,2,4,J,74,0,0,0,0,0,0,0,0,0,0,240,230,0,0,0,1,5,999,999,999,9999999,999,999,999,9,0,95,95,95,95,0,995,442.483622805907,12,2