CASEID,PSU,CASENO,CASENUMBER,CATEGORY,VEHNO,VIN,VINLENGTH,MAKE,MODEL,MODELYR,BODYTYPE,BODYCAT,VEHCLASS,SPECUSE,TRANSTAT,DAMPLANE,DAMSEV,CURBWT,CURBSRC,CARGOWT,CARGOSRC,INSPTYPE,TOWSTAT,SPEEDLIMIT,DRPRESENT,PARALCOHOL,ALCTEST,ALCTESTRESULT,ALCTESTSRC,PARDRUG,DRUGTEST,ZIP,RACE,ETHNICITY,RELTOJUNCT,TRAFFLOW,RDLANES,INITLANE,SURFTYPE,SURFCOND,ALIGNMENT,PROFILE,LINERIGHT,LINELEFT,RUMBINIT,RUMBROAD,LIGHTCOND,WEATHER,TRAFDEV,TRAFFUNCT,DISTRACT,PREFHE,PREMOVE,CRITCAT,CRITEVENT,MANEUVER,PRESTAB,PRELOC,CRASHCAT,CRASHCONF,CRASHTYPE,ROLLTYPE,ROLLTURN,ROLLINTRPT,ROLLPREMAN,ROLLINITYP,ROLLINLOC,ROLLOBJ,ROLLTRIP,ROLLDIR,ROLLDIST,DVANGTHIS,DVANGOTH,TOWHITCH,TRAJDOC,TREEPOLE,DVEVENT,DVBASIS,DVTOTAL,DVLONG,DVLAT,DVENERGY,DVSPEED,DVMOMENT,DVBES,DVEST,DVCONF,VAIS,VISS,VINJURED,VTREAT,INITOBJCLASS,HEADANGLECAT,CASEWGT,PSUSTRAT,VERSION
6771,22,35,1-22-2017-035-09,9,2,1GNEK13V95J1,17,20,421,2005,15,3,15,0,1,L,1,2190,5,0,1,1,1,56,1,0,0,995,0,0,0,99201,1,2,3,5,5,1,2,1,3,1,0,3,0,0,1,8,0,0,1,0,14,4,60,9,1,1,4,J,74,0,0,0,0,0,0,0,0,0,0,230,240,0,0,0,1,5,999,999,999,9999999,999,999,999,6,0,1,1,0,4,0,995,442.483622805907,12,2
6774,25,6,1-25-2017-006-06,6,1,4T1BE32K34U3,17,49,40,2004,4,1,3,0,1,F,1,1455,5,0,1,1,1,56,1,0,0,995,0,0,0,04101,9,9,2,4,6,2,2,1,1,1,1,1,0,0,1,1,1,2,9,0,1,4,62,99,9,1,4,J,69,0,0,0,0,0,0,0,0,0,0,260,20,0,0,0,1,1,21,-16,13,50051,998,126,22,0,1,99,99,0,8,0,995,346.700311597188,2,2
6772,23,30,1-23-2017-030-09,9,1,1G1YY26U3751,17,20,4,2007,2,1,3,0,1,T,3,1442,5,0,1,1,1,89,1,1,1,32,1,0,0,43123,1,2,0,4,2,1,2,1,3,4,1,2,0,0,2,1,0,0,1,1,14,1,6,3,2,4,1,A,2,1,2,2,2,2,4,60,4,2,10,997,997,0,0,0,2,6,999,999,999,9999999,999,999,999,8,0,2,5,0,3,3,997,1244.94209992097,5,2
6481,10,10,1-10-2017-010-02,2,1,1G1JC5SH3C41,17,20,28,2012,5,1,2,0,1,B,9,1220,5,9999,9,0,0,105,1,0,0,995,0,7,0,45315,9,9,0,2,3,3,2,1,1,9,3,2,0,0,4,8,0,0,1,0,2,3,52,1,1,1,6,M,98,0,0,0,0,0,0,0,0,0,0,180,180,0,0,0,0,0,999,999,999,9999999,999,999,999,9,0,95,95,95,95,0,995,26.2442140037051,4,2
6773,23,31,1-23-2017-031-03,3,1,5FNYF4H52BB0,17,37,421,2011,15,3,15,0,1,L,1,2058,5,0,1,1,1,72,1,0,0,995,0,0,0,43065,1,2,2,4,3,2,2,1,1,1,1,2,0,0,1,1,2,2,9,0,11,2,15,99,1,1,4,K,82,0,0,0,0,0,0,0,0,0,0,265,350,0,0,0,1,1,11,-6,10,2665,998,-179,3,0,1,0,0,0,0,0,995,206.435445922034,5,2
6773,23,31,1-23-2017-031-03,3,2,2T1BPRHE2EC0,17,49,32,2014,4,1,3,0,1,F,1,1290,5,0,1,1,1,72,1,0,0,995,0,0,0,43015,2,2,2,1,3,1,2,1,3,1,1,3,0,0,1,1,0,0,1,0,14,4,67,3,1,1,4,K,83,0,0,0,0,0,0,0,0,0,0,350,265,0,0,0,1,1,17,-15,-9,50571,998,-95,24,0,1,2,9,0,3,0,995,206.435445922034,5,2
6774,25,6,1-25-2017-006-06,6,2,NM0LS7BN2CT0,17,12,444,2012,20,4,20,0,1,R,1,1538,5,100,1,1,1,56,1,0,0,995,0,0,0,04927,1,2,2,4,4,2,2,1,1,1,3,2,0,0,1,1,1,2,9,0,11,2,15,99,9,1,4,J,68,0,0,0,0,0,0,0,0,0,0,20,260,0,0,0,1,1,19,-16,-9,24724,998,68,17,0,1,1,1,0,4,0,995,346.700311597188,2,2
6777,12,17,1-12-2017-017-06,6,1,1GCHK23657F5,17,20,481,2007,34,5,31,0,1,R,1,2639,5,0,1,1,1,105,1,0,0,995,0,0,0,73463,1,2,2,1,3,3,2,1,1,2,1,2,0,2,1,1,0,0,1,0,11,2,15,1,1,2,4,J,68,0,0,0,0,0,0,0,0,0,0,10,275,0,0,0,1,1,20,-4,-20,57882,998,-74,22,0,4,1,1,0,4,0,995,917.181748152234,9,2
6777,12,17,1-12-2017-017-06,6,2,3D7TT2CT0BG5,17,7,482,2011,34,5,31,0,1,F,1,2830,5,0,1,1,1,105,1,0,0,995,0,0,0,73443,1,2,2,1,2,1,2,1,1,1,1,3,2,2,1,1,0,0,1,0,1,2,17,4,1,4,4,J,69,0,0,0,0,0,0,0,0,0,0,275,10,0,0,0,1,1,19,-19,0,27216,998,0,16,0,4,1,1,0,4,0,995,917.181748152234,9,2
6481,10,10,1-10-2017-010-02,2,2,1FTFW1ET6CFA,17,12,481,2012,34,5,31,0,1,R,9,2408,9,9999,9,0,1,105,1,0,0,995,0,0,0,45315,9,9,0,2,3,3,2,1,1,9,3,2,0,0,4,8,0,0,1,0,1,3,52,1,1,1,6,M,98,0,0,0,0,0,0,0,0,0,0,180,180,0,0,0,0,0,999,999,999,9999999,999,999,999,9,0,9,97,0,8,0,995,26.2442140037051,4,2
6779,32,32,1-32-2017-032-03,3,1,2GKALSEK3C61,17,23,402,2012,14,3,14,0,1,R,1,1748,5,0,1,1,1,56,1,0,0,995,0,0,0,75020,1,2,2,4,2,1,1,1,1,1,0,0,0,0,1,1,2,2,9,0,11,2,15,99,1,1,4,K,76,0,0,0,0,0,0,0,0,0,0,35,0,0,0,0,1,1,19,12,-14,26277,998,-96,16,0,4,1,1,0,6,0,995,1463.79989406413,7,2
6779,32,32,1-32-2017-032-03,3,2,3FA6P0H77FR3,17,12,23,2015,4,1,4,0,1,F,1,1783,5,0,1,1,1,56,1,0,0,995,0,0,0,75214,1,2,2,1,4,2,2,1,1,4,3,3,0,0,1,1,0,0,1,0,1,4,65,1,1,1,4,K,77,0,0,0,0,0,0,0,0,0,0,0,35,0,0,0,1,1,19,-19,3,38649,998,-7,23,0,4,1,3,0,4,0,995,1463.79989406413,7,2
6778,32,31,1-32-2017-031-07,7,1,999999999999,99,37,399,9999,4,1,9,99,1,9,9,9999,9,9999,9,0,0,56,1,8,0,995,0,7,0,99999,9,9,0,1,3,3,2,1,1,1,3,0,0,0,3,1,0,0,9,1,15,2,11,99,1,2,2,F,46,0,0,0,0,0,0,0,0,0,0,75,70,0,0,0,0,0,999,999,999,9999999,999,999,999,9,0,95,95,95,95,0,995,5306.80771863192,7,2
6778,32,31,1-32-2017-031-07,7,2,1B3HB48B68D5,17,7,25,2008,5,1,2,0,1,F,1,1345,5,0,1,1,1,56,1,0,0,995,0,0,0,75208,1,1,0,1,3,2,2,1,1,1,3,3,0,0,3,1,0,0,1,0,1,4,60,8,1,1,2,F,45,0,0,0,0,0,0,0,0,0,0,998,998,0,0,0,2,12,999,999,999,9999999,999,999,999,2,0,0,0,0,0,0,998,5306.80771863192,7,2
6781,14,19,1-14-2017-019-02,2,1,3FA6P0K95GR1,17,12,23,2016,4,1,4,0,1,L,1,1783,5,0,1,1,1,64,1,0,0,995,0,0,0,78133,1,2,3,4,2,1,2,1,1,2,0,0,0,0,1,8,0,0,1,0,11,2,15,99,1,1,4,K,82,0,0,0,0,0,0,0,0,0,0,30,160,0,0,0,1,5,999,999,999,9999999,999,999,999,1,0,1,3,0,4,0,995,288.741149175906,8,2
6781,14,19,1-14-2017-019-02,2,2,2XP2AN7X1DM1,17,87,881,2013,78,8,78,0,1,F,9,,,,,,1,64,1,0,0,995,0,0,0,78155,9,9,3,5,4,2,2,1,1,1,1,2,0,0,1,8,0,0,9,0,1,4,72,99,1,1,4,K,83,,,,,,,,,,,,,,,,,,,,,,,,,,,95,95,95,95,,,288.741149175906,8,2
6776,24,33,1-24-2017-033-09,9,1,KMHDN45D91U1,17,55,35,2001,4,1,2,0,1,F,3,1217,5,0,1,1,1,80,1,0,0,995,0,0,0,08330,1,2,0,4,2,1,2,2,3,1,1,4,0,0,1,2,0,0,9,1,14,2,10,99,1,2,3,I,64,0,0,0,0,0,0,0,0,0,0,310,160,0,0,0,2,1,45,-42,-15,194619,998,-87,52,0,4,2,5,0,4,0,995,3538.97814112905,1,2
6776,24,33,1-24-2017-033-09,9,2,1FVACWCS66HW,17,82,881,2006,62,8,60,0,1,L,9,,,,,,1,80,1,0,0,995,0,0,0,08215,9,9,0,4,2,1,2,2,2,1,1,2,0,0,1,2,0,0,9,0,14,4,62,99,1,1,3,I,65,,,,,,,,,,,,,,,,,,,,,,,,,,,95,95,95,95,,,3538.97814112905,1,2
6776,24,33,1-24-2017-033-09,9,3,1GNDV33W37D1,17,20,444,2007,20,4,20,0,1,F,2,1939,5,0,1,1,1,80,1,1,0,995,0,0,0,08215,1,2,0,4,2,1,2,2,2,1,1,2,0,0,1,2,0,0,1,0,14,4,62,1,1,1,6,M,98,0,0,0,0,0,0,0,0,0,0,160,310,0,0,0,2,1,29,-28,5,13802,998,-14,13,0,4,2,5,0,3,0,995,3538.97814112905,1,2
6481,10,10,1-10-2017-010-02,2,3,1FADP3K23EL4,17,12,37,2014,5,1,2,0,1,B,9,1340,5,9999,9,0,1,105,1,0,0,995,0,0,0,45373,9,9,0,2,3,3,2,1,1,9,3,2,0,0,4,8,0,0,1,0,2,3,52,1,1,1,6,M,98,0,0,0,0,0,0,0,0,0,0,180,180,0,0,0,0,0,999,999,999,9999999,999,999,999,9,0,99,99,0,8,0,995,26.2442140037051,4,2
6783,16,31,1-16-2017-031-09,9,1,1G6DP567X502,17,19,18,2005,4,1,4,0,1,L,1,1620,5,0,1,2,0,48,1,0,0,995,0,0,0,45255,9,9,2,4,4,1,2,1,1,1,1,1,0,0,1,1,0,0,9,0,11,2,15,99,1,1,4,K,82,0,0,0,0,0,0,0,0,0,0,250,20,0,0,0,1,1,13,-10,9,7659,998,-7,11,0,1,95,95,95,95,0,995,5664.98907081868,5,2
6783,16,31,1-16-2017-031-09,9,2,JNKCA21A3WT6,17,58,35,1998,4,1,3,0,1,F,1,1431,5,46,2,1,1,48,1,0,0,995,0,0,0,45255,2,2,2,4,4,1,2,1,1,1,0,0,0,0,1,1,0,0,1,0,1,4,67,4,1,1,4,K,83,0,0,0,0,0,0,0,0,0,0,20,250,0,0,0,1,1,14,-14,-2,21713,998,-96,16,0,1,2,5,0,6,0,995,5664.98907081868,5,2
6782,28,17,1-28-2017-017-06,6,1,1B3HB48A09D1,17,7,25,2009,5,1,2,0,1,F,9,1345,5,0,2,1,1,89,1,0,0,995,0,0,0,16936,1,2,2,4,2,1,2,1,3,2,1,2,3,3,1,1,0,0,3,0,14,3,50,2,1,1,2,D,20,0,0,0,0,0,0,0,0,0,0,90,90,0,0,0,1,5,999,999,999,9999999,999,999,13,0,0,1,1,0,0,0,995,69.8854671657851,3,2
6782,28,17,1-28-2017-017-06,6,2,1GDM7H1C1YJ5,17,23,881,2000,63,8,60,0,1,B,9,,,,,,0,89,1,0,0,995,0,0,0,17724,9,9,2,4,2,1,2,1,3,2,1,2,1,3,1,1,0,0,9,0,5,3,53,1,1,1,2,D,21,,,,,,,,,,,,,,,,,,,,,,,,,,,95,95,95,95,,,69.8854671657851,3,2
6789,17,22,1-17-2017-022-05,5,1,1G2AS18H5972,17,22,19,2009,2,1,2,0,1,F,3,1295,5,0,1,1,1,89,1,0,1,252,2,0,1,52722,1,2,0,2,2,2,2,1,3,1,3,2,0,0,3,1,0,0,9,1,14,1,9,99,9,4,1,A,2,0,0,0,0,0,0,0,0,0,0,998,998,0,0,0,1,1,68,-68,0,244082,998,0,68,0,1,2,9,0,3,0,998,139.771523758914,4,2
6785,33,32,1-33-2017-032-03,3,1,3FA6P0LU7DR1,17,12,23,2013,4,1,4,0,1,R,1,1651,5,0,1,1,1,40,1,0,0,995,0,0,0,95938,1,2,2,4,2,1,2,1,1,1,0,0,0,0,1,1,2,2,1,0,1,2,17,7,1,1,5,L,87,0,0,0,0,0,0,0,0,0,0,300,220,0,0,0,1,1,16,-3,-16,10817,998,-53,12,0,1,1,1,0,0,0,995,62.9930657774199,12,2
6785,33,32,1-33-2017-032-03,3,2,JF2SHADC8DH4,17,48,401,2013,14,3,14,0,1,F,1,1500,5,0,1,1,1,56,1,0,0,995,0,0,0,95928,3,2,2,3,2,2,2,1,1,1,1,3,0,0,1,1,0,0,1,0,1,4,66,1,1,1,5,L,86,0,0,0,0,0,0,0,0,0,0,220,300,0,0,0,1,1,18,-17,6,30798,998,55,21,0,4,1,2,0,4,0,995,62.9930657774199,12,2
6785,33,32,1-33-2017-032-03,3,3,1FTNF20586EC,17,12,481,2006,34,5,31,0,1,F,1,2496,4,9999,2,2,0,40,1,0,0,995,0,0,0,95926,9,9,2,4,2,1,2,1,1,1,0,0,0,0,1,1,2,2,1,0,1,4,66,2,2,1,6,M,98,0,0,0,0,0,0,0,0,0,0,125,290,1,0,0,3,5,999,999,999,9999999,999,999,999,2,0,95,95,95,95,0,995,62.9930657774199,12,2
6793,21,16,1-21-2017-016-09,9,1,KMHJF25F3XU8,17,55,35,1999,4,1,2,0,1,L,2,1158,5,0,1,1,1,48,1,0,0,995,0,0,0,92405,9,1,2,4,2,1,2,1,1,1,0,0,0,0,1,1,2,2,2,0,1,2,17,8,1,1,5,L,89,0,0,0,0,0,0,0,0,0,0,85,160,0,0,0,1,1,29,-5,29,40424,998,51,26,0,1,3,14,1,3,0,995,1166.36244670081,11,2
6793,21,16,1-21-2017-016-09,9,2,1J4FX78S6SC5,17,2,404,1995,14,3,14,0,1,F,1,1667,5,0,1,1,1,64,1,0,0,995,0,0,0,92405,9,1,2,4,2,1,2,1,1,1,0,0,0,0,1,1,0,0,1,0,1,2,17,7,1,1,5,L,88,0,0,0,0,0,0,0,0,0,0,160,85,0,1,0,1,1,22,-21,-8,51880,998,-71,25,0,1,1,2,0,6,0,995,1166.36244670081,11,2
6788,13,31,1-13-2017-031-07,7,1,1NXBR32E58Z9,17,49,32,2008,4,1,2,0,1,F,1,1279,5,0,1,5,1,56,1,0,0,995,0,0,0,76134,2,2,2,4,4,2,2,1,1,1,1,2,0,0,3,1,0,0,3,0,1,3,50,2,1,1,2,D,20,0,0,0,0,0,0,0,0,0,0,90,90,0,0,0,1,3,13,-13,0,8263,998,0,13,0,4,0,0,0,0,0,995,4245.73701337969,7,2
6788,13,31,1-13-2017-031-07,7,2,1FTEW1CP1GKF,17,12,481,2016,34,5,31,0,1,B,1,2028,5,9999,9,0,0,56,1,0,0,995,0,0,0,76134,9,9,2,4,4,2,2,1,1,1,1,2,0,0,3,1,0,0,9,0,5,3,53,99,1,1,2,D,21,0,0,0,0,0,0,0,0,0,0,90,90,0,0,0,1,3,8,8,0,5609,998,0,8,0,4,95,95,95,95,0,995,4245.73701337969,7,2
6790,19,41,1-19-2017-041-01,1,1,1FMJU1HT3GEF,17,12,422,2016,15,3,15,0,1,F,3,2652,5,0,1,1,1,999,1,0,0,995,0,0,0,35954,1,2,0,4,2,1,2,1,3,4,1,4,0,0,1,1,0,0,9,1,14,2,13,99,1,4,1,A,1,0,0,0,0,0,0,0,0,0,0,998,998,0,0,1,2,12,999,999,999,9999999,999,999,999,5,0,3,17,1,1,0,998,249.502488489623,9,2
6792,19,42,1-19-2017-042-03,3,1,JN8AZ1MUXCW1,17,35,49,2012,6,1,4,0,1,L,1,1891,5,0,1,1,1,80,1,0,0,995,0,0,0,35952,1,2,2,4,3,2,2,1,1,4,1,2,0,0,1,1,0,0,1,0,1,4,62,1,1,1,4,J,69,0,0,0,0,0,0,0,0,0,0,90,200,0,1,0,1,1,22,-17,14,9743,998,42,11,0,1,1,1,0,4,0,995,1005.6604482818,9,2
6792,19,42,1-19-2017-042-03,3,2,1C3CDFBB3FD2,17,7,29,2015,4,1,3,0,1,F,2,1445,5,0,1,1,1,80,1,0,0,995,0,0,0,35952,1,2,2,4,3,2,2,1,1,2,1,2,0,0,1,1,0,0,2,0,11,2,15,1,1,1,4,J,68,0,0,0,0,0,0,0,0,0,0,200,90,0,0,0,1,1,28,-25,-14,91186,998,-92,34,0,1,0,0,0,0,0,995,1005.6604482818,9,2
6799,31,15,1-31-2017-015-03,3,1,3C6LR5AT2EG1,17,7,482,2014,34,5,31,0,1,9,9,2876,5,9999,9,0,1,89,1,0,0,995,0,0,0,42064,1,2,0,4,2,1,2,1,1,1,1,4,0,0,1,1,0,0,9,1,1,2,10,99,1,2,3,I,66,0,0,0,0,0,0,0,0,0,0,320,135,0,0,0,0,0,999,999,999,9999999,999,999,999,9,0,0,0,0,0,0,995,749.398250761231,6,2
6799,31,15,1-31-2017-015-03,3,2,5TFAW5F17EX3,17,49,482,2014,34,5,31,0,1,R,9,2575,5,0,1,4,1,89,1,0,0,995,0,0,0,62979,1,2,0,4,2,1,2,1,1,1,1,4,0,0,1,1,0,0,1,1,1,3,54,7,1,2,3,I,66,0,0,0,0,0,0,0,0,0,0,135,320,0,0,0,1,12,999,999,999,9999999,999,999,999,9,0,1,1,0,0,0,995,749.398250761231,6,2
6794,22,36,1-22-2017-036-01,1,1,1FTYR14VX1PB,17,12,471,2001,34,5,30,0,1,T,3,1502,5,75,1,1,1,105,1,1,1,67,4,9,3,83524,5,2,0,1,3,2,2,1,1,1,1,3,0,1,3,1,0,0,9,1,1,2,13,99,1,4,1,A,1,1,2,1,2,5,4,31,6,2,20,996,996,0,0,6,3,7,999,999,999,9999999,999,999,999,8,0,3,10,1,1,2,996,96.8900178613484,12,2
6787,13,30,1-13-2017-030-02,2,1,1FMEU63E98UA,17,12,401,2008,14,3,14,0,1,F,1,2013,5,0,1,1,1,97,1,0,0,995,0,0,0,76006,2,2,1,2,3,3,2,1,1,5,3,2,0,0,1,1,0,0,3,0,1,3,51,1,1,1,2,D,24,0,0,0,0,0,0,0,0,0,0,20,20,0,0,0,1,11,999,999,999,9999999,999,999,999,6,0,1,1,0,0,0,995,91.0705421755407,7,2
6787,13,30,1-13-2017-030-02,2,2,1N4AL3APXDN4,17,35,47,2013,4,1,4,0,1,B,3,1420,5,0,1,1,1,97,1,0,0,995,0,0,0,76164,1,1,1,2,3,3,2,1,1,5,3,2,0,0,1,1,0,0,9,0,1,3,53,99,1,1,2,D,25,0,0,0,0,0,0,0,0,0,0,20,20,0,0,0,1,12,999,999,999,9999999,999,999,999,5,0,4,29,1,3,0,995,91.0705421755407,7,2
6787,13,30,1-13-2017-030-02,2,3,1N4AA5AP4AC8,17,35,47,2010,4,1,4,0,1,B,2,1526,5,0,1,1,1,97,1,0,0,995,0,0,0,75054,2,9,1,2,3,3,2,1,1,5,3,2,0,0,1,1,0,0,9,0,1,3,53,99,1,1,6,M,98,0,0,0,0,0,0,0,0,0,0,20,20,0,0,0,3,3,30,30,0,59323,998,0,31,0,4,9,97,0,99,0,995,91.0705421755407,7,2
6775,10,21,1-10-2017-021-10,10,1,6G2VX12U16L5,17,22,8,2006,2,1,4,0,1,R,1,1690,5,0,1,1,1,105,1,0,0,995,0,0,0,45345,9,9,0,2,3,3,2,2,1,2,3,2,1,3,4,2,0,0,9,1,1,1,6,99,4,4,1,B,7,0,0,0,0,0,0,0,0,0,0,998,998,0,0,0,1,1,12,12,-2,10987,998,-59,12,0,1,0,0,0,0,0,998,3689.5500133657,4,2
6798,15,19,1-15-2017-019-06,6,1,4JGDA5HB5DA2,17,42,401,2013,14,3,14,0,1,F,1,2130,5,9999,9,0,0,48,1,0,0,995,0,0,0,11530,9,9,2,1,3,3,2,1,1,1,1,2,0,0,1,1,1,2,9,0,1,3,50,99,1,1,2,D,20,0,0,0,0,0,0,0,0,0,0,10,10,0,0,0,1,3,8,-8,0,7163,998,0,9,0,4,95,95,95,95,0,995,1370.13552267711,1,2
6798,15,19,1-15-2017-019-06,6,2,JN8AS58V79W4,17,35,51,2009,6,1,3,0,1,B,1,1485,5,0,1,1,1,48,1,0,0,995,0,0,0,12575,9,9,2,1,3,3,2,1,1,1,1,2,0,0,1,1,1,2,9,0,5,3,53,99,1,1,2,D,21,0,0,0,0,0,0,0,0,0,0,10,10,0,0,0,1,3,11,11,0,6312,998,-30,10,0,4,99,99,0,99,0,995,1370.13552267711,1,2
6800,30,37,1-30-2017-037-03,3,1,3MYDLBZVXGY1,17,67,36,2016,4,1,2,0,1,T,2,1096,8,0,2,1,1,56,1,0,0,995,0,0,0,85353,1,1,0,4,2,1,2,1,1,1,0,1,0,0,2,1,8,2,1,0,1,6,90,4,1,1,1,C,12,1,8,2,2,1,4,61,1,2,80,997,997,0,1,0,3,6,999,999,999,9999999,999,999,999,7,0,1,1,0,6,3,997,783.865220651963,10,2
6787,13,30,1-13-2017-030-02,2,4,3MZBM1M76GM3,17,41,51,2016,5,1,3,0,1,B,9,1384,5,9999,9,0,0,97,1,0,0,995,0,0,0,76002,9,9,1,2,3,3,2,1,1,5,3,2,0,0,1,1,0,0,9,0,1,3,53,99,1,1,6,M,98,0,0,0,0,0,0,0,0,0,0,20,20,0,0,0,0,0,999,999,999,9999999,999,999,999,9,0,95,95,95,95,0,995,91.0705421755407,7,2
6801,30,38,1-30-2017-038-06,6,1,1FAHP35NX8W1,17,12,37,2008,4,1,2,0,1,R,3,1189,5,9999,9,0,1,40,1,0,0,995,0,0,0,85028,9,9,2,4,6,4,2,1,1,1,1,2,0,0,1,1,1,2,9,0,11,2,15,99,1,1,4,J,68,0,0,0,0,0,0,0,0,0,0,250,100,0,0,0,1,3,42,-41,-7,124220,998,90,43,0,4,0,0,0,0,0,995,1520.31007734854,10,2
6801,30,38,1-30-2017-038-06,6,2,3FAHP0HA6BR2,17,12,23,2011,4,1,3,0,1,F,2,1490,5,0,2,1,1,64,1,0,0,995,0,0,0,85345,2,2,2,1,6,2,2,1,1,1,3,1,0,0,1,1,1,2,2,0,1,4,62,2,1,1,4,J,69,0,0,0,0,0,0,0,0,0,0,100,250,0,0,0,1,3,31,-29,11,53544,998,38,29,0,4,1,2,0,4,0,995,1520.31007734854,10,2
6802,20,31,1-20-2017-031-06,6,1,999999999999,99,20,481,1986,34,5,31,0,1,9,9,9999,9,9999,9,0,0,64,1,0,0,995,0,0,0,93953,9,9,0,4,2,1,2,1,2,1,1,2,0,0,1,1,0,0,3,1,14,2,10,99,1,2,3,I,64,0,0,0,0,0,0,0,0,0,0,130,320,1,0,0,0,0,999,999,999,9999999,999,999,999,9,0,95,95,95,95,0,995,736.164404750298,11,2
6802,20,31,1-20-2017-031-06,6,2,JTMZF4DV4A50,17,49,402,2010,14,3,14,0,1,L,2,1579,5,0,1,1,1,64,1,0,0,995,0,0,0,93950,1,2,0,4,2,1,2,1,3,1,1,2,0,0,1,1,0,0,1,0,14,4,62,1,1,1,3,I,65,0,0,0,0,0,0,0,0,0,0,320,130,0,0,0,1,8,999,999,999,9999999,999,999,999,7,0,1,1,0,4,0,995,736.164404750298,11,2
6768,30,36,1-30-2017-036-04,4,1,1N6AD0ER6DN7,17,35,472,2013,34,5,30,0,1,F,9,1970,5,0,2,0,1,105,1,0,0,995,0,0,0,85226,2,2,0,2,5,4,2,1,1,1,3,1,0,0,1,1,0,0,1,0,1,3,52,4,1,1,2,D,28,0,0,0,0,0,0,0,0,0,0,280,270,0,0,0,0,0,999,999,999,9999999,999,999,999,9,0,0,0,0,0,0,995,2767.78589531975,10,2
6768,30,36,1-30-2017-036-04,4,2,3TMAZ5CN7GM0,17,49,472,2016,34,5,30,0,1,B,9,1775,8,9999,9,0,0,105,1,0,0,995,0,7,0,85224,9,9,0,2,5,4,2,1,1,1,3,1,0,0,1,1,0,0,9,0,2,3,52,99,1,1,2,D,29,0,0,0,0,0,0,0,0,0,0,270,280,0,0,0,0,0,999,999,999,9999999,999,999,999,9,0,95,95,95,95,0,995,2767.78589531975,10,2
6805,29,15,1-29-2017-015-04,4,1,1C4NJDEB5ED7,17,2,1,2014,6,1,2,0,1,F,2,1473,5,0,1,1,1,56,1,0,0,995,0,0,0,01801,1,2,2,4,4,2,2,1,1,2,3,2,0,0,1,1,0,0,3,0,1,3,50,1,1,2,2,D,20,0,0,0,0,0,0,0,0,0,0,30,30,0,0,0,1,1,25,-25,0,13031,998,0,15,0,1,0,0,0,0,0,995,1180.76502650807,2,2
6805,29,15,1-29-2017-015-04,4,2,KMHDU4AD2AU1,17,55,35,2010,4,1,3,0,1,B,2,1246,5,0,1,1,1,56,1,0,0,995,0,0,0,02915,1,2,2,4,4,2,2,1,1,2,3,2,0,0,1,1,0,0,1,0,5,3,53,1,1,2,2,D,22,0,0,0,0,0,0,0,0,0,0,0,220,0,1,0,2,1,34,-32,-12,143676,998,-96,42,0,1,2,5,0,4,0,995,1180.76502650807,2,2
6805,29,15,1-29-2017-015-04,4,3,WDBRH64J12F2,17,42,42,2002,6,1,3,0,1,F,2,1585,5,0,1,1,1,56,1,0,0,995,0,0,0,02878,1,2,2,4,4,1,2,1,1,1,1,3,1,0,1,1,0,0,1,0,1,4,62,4,1,1,6,M,98,0,0,0,0,0,0,0,0,0,0,220,0,0,1,0,2,1,28,-26,10,15658,998,73,14,0,1,2,6,0,4,0,995,1180.76502650807,2,2
6805,29,15,1-29-2017-015-04,4,4,3VWJP7AT3DM6,17,30,47,2013,3,1,2,0,1,L,1,1353,5,0,1,1,1,56,1,0,0,995,0,0,0,02871,1,2,2,4,2,1,2,1,1,4,0,0,0,0,1,1,2,2,1,0,5,4,66,1,1,1,6,M,98,0,0,0,0,0,0,0,0,0,0,120,220,0,1,0,5,11,999,999,999,9999999,999,999,999,6,0,0,0,0,0,0,995,1180.76502650807,2,2
6804,26,21,1-26-2017-021-03,3,1,1GCEC14W31Z1,17,20,481,2001,34,5,31,0,1,F,2,1836,5,0,1,1,1,48,1,0,0,995,0,0,0,95831,5,9,0,4,3,1,2,2,3,2,1,2,0,0,1,1,0,0,1,1,14,1,6,2,2,2,3,G,50,0,0,0,0,0,0,0,0,0,0,60,280,0,0,0,1,1,27,-25,-9,31133,998,-18,20,0,1,0,0,0,6,0,995,1072.7157378518,10,2
6804,26,21,1-26-2017-021-03,3,2,5TDBK3EH5DS2,17,49,403,2013,14,3,14,0,1,F,2,1896,5,0,1,1,1,48,1,0,0,995,0,0,0,95831,3,2,0,4,2,1,2,2,1,4,1,2,0,0,1,1,0,0,1,0,1,4,62,4,1,1,3,G,51,0,0,0,0,0,0,0,0,0,0,280,60,0,0,0,1,1,26,-25,9,77632,998,15,32,0,1,1,2,0,4,0,995,1072.7157378518,10,2
6796,18,18,1-18-2017-018-03,3,1,1G2NG52E6YM7,17,22,18,2000,4,1,3,0,1,F,3,1413,5,0,1,1,1,72,1,0,0,995,0,0,0,54729,1,2,0,4,2,1,2,2,1,1,1,2,0,0,1,8,0,0,3,1,1,2,10,1,1,2,3,I,64,0,0,0,0,0,0,0,0,0,0,355,190,0,1,0,1,4,49,-49,0,301902,998,-60,67,0,4,2,6,0,4,0,995,329.590173474336,6,2