CASEID,PSU,CASENO,CASENUMBER,CATEGORY,VEHNO,VIN,VINLENGTH,MAKE,MODEL,MODELYR,BODYTYPE,BODYCAT,VEHCLASS,SPECUSE,TRANSTAT,DAMPLANE,DAMSEV,CURBWT,CURBSRC,CARGOWT,CARGOSRC,INSPTYPE,TOWSTAT,SPEEDLIMIT,DRPRESENT,PARALCOHOL,ALCTEST,ALCTESTRESULT,ALCTESTSRC,PARDRUG,DRUGTEST,ZIP,RACE,ETHNICITY,RELTOJUNCT,TRAFFLOW,RDLANES,INITLANE,SURFTYPE,SURFCOND,ALIGNMENT,PROFILE,LINERIGHT,LINELEFT,RUMBINIT,RUMBROAD,LIGHTCOND,WEATHER,TRAFDEV,TRAFFUNCT,DISTRACT,PREFHE,PREMOVE,CRITCAT,CRITEVENT,MANEUVER,PRESTAB,PRELOC,CRASHCAT,CRASHCONF,CRASHTYPE,ROLLTYPE,ROLLTURN,ROLLINTRPT,ROLLPREMAN,ROLLINITYP,ROLLINLOC,ROLLOBJ,ROLLTRIP,ROLLDIR,ROLLDIST,DVANGTHIS,DVANGOTH,TOWHITCH,TRAJDOC,TREEPOLE,DVEVENT,DVBASIS,DVTOTAL,DVLONG,DVLAT,DVENERGY,DVSPEED,DVMOMENT,DVBES,DVEST,DVCONF,VAIS,VISS,VINJURED,VTREAT,INITOBJCLASS,HEADANGLECAT,CASEWGT,PSUSTRAT,VERSION
6796,18,18,1-18-2017-018-03,3,2,5XYZU3LA1EG1,17,55,401,2014,14,3,14,0,1,L,3,1690,5,0,1,1,1,72,1,0,0,995,0,0,0,54729,1,2,0,4,2,1,2,2,1,1,1,2,0,0,1,8,0,0,1,0,1,4,62,4,1,1,3,I,65,0,0,0,0,0,0,0,0,0,0,190,355,0,0,0,1,4,41,-40,7,11284,998,-84,11,0,4,1,2,0,6,0,995,329.590173474336,6,2
6806,20,33,1-20-2017-033-08,8,1,1HGCG6697YA0,17,37,32,2000,4,1,3,0,1,F,9,1400,8,0,1,1,1,105,1,0,1,0,2,0,2,94066,1,2,0,1,2,2,1,1,3,4,3,2,1,3,2,8,0,0,9,1,14,2,12,99,1,4,3,I,64,0,0,0,0,0,0,0,0,0,0,285,140,0,0,0,1,5,999,999,999,9999999,999,999,39,0,0,4,34,1,3,0,995,313.37870302556,11,2
6806,20,33,1-20-2017-033-08,8,2,4V4NC9TG0DN1,17,51,881,2013,66,8,68,0,1,L,9,,,,,,1,105,1,0,0,995,0,0,0,33033,9,9,0,1,2,1,1,1,2,2,1,3,2,3,2,8,0,0,9,0,14,4,62,4,9,1,3,I,65,,,,,,,,,,,,,,,,,,,,,,,,,,,95,95,95,95,,,313.37870302556,11,2
6809,11,18,1-11-2017-018-02,2,1,1GCFG15X9311,17,20,461,2003,21,4,21,0,1,F,2,2367,5,46,1,1,1,56,1,0,0,995,0,0,0,23234,1,1,2,4,4,2,2,1,2,4,3,2,0,0,3,1,0,0,9,1,14,2,10,1,1,2,3,G,50,0,0,0,0,0,0,0,0,0,0,240,75,0,0,0,1,1,39,-38,7,310104,998,34,56,0,1,1,1,0,8,0,995,327.722359603461,8,2
6809,11,18,1-11-2017-018-02,2,2,4T1BF1FK0FU0,17,49,40,2015,4,1,4,0,1,F,3,1467,5,0,1,1,1,56,1,0,1,0,2,0,1,23225,2,9,2,4,5,2,2,1,3,2,3,2,0,0,3,1,0,0,1,0,14,4,62,1,1,1,3,G,51,0,0,0,0,0,0,0,0,0,0,75,240,0,0,0,1,1,63,-54,31,123623,998,91,44,0,1,3,14,1,3,0,995,327.722359603461,8,2
6795,22,37,1-22-2017-037-03,3,1,1XKZP4EX5GJ4,17,85,881,2016,66,8,68,0,1,R,9,,,,,,1,97,1,0,0,995,0,7,0,83801,9,9,3,4,2,1,2,1,1,4,1,2,1,0,1,8,0,0,9,1,17,2,10,3,1,2,3,I,64,,,,,,,,,,,,,,,,,,,,,,,,,,,95,95,95,95,,,138.601988535822,12,2
6795,22,37,1-22-2017-037-03,3,2,5TFUM5F16DX0,17,49,482,2013,34,5,31,0,1,F,9,2476,5,0,1,1,1,97,1,0,1,0,2,0,1,99111,1,2,3,4,2,1,2,1,1,2,1,2,1,0,1,8,0,0,1,0,1,4,62,3,1,1,3,I,65,0,0,0,0,0,0,0,0,0,0,200,350,0,0,0,1,5,999,999,999,9999999,999,999,21,0,0,1,1,0,4,0,995,138.601988535822,12,2
6810,33,33,1-33-2017-033-09,9,1,2HGEJ6615YH5,17,37,31,2000,4,1,2,0,1,F,2,1067,5,0,1,1,1,64,1,0,1,0,2,1,2,95901,1,2,0,4,2,1,2,1,3,2,1,2,0,0,1,1,0,0,9,0,14,3,50,2,2,1,2,D,20,0,0,0,0,0,0,0,0,0,0,200,200,0,0,0,1,1,27,-27,0,35328,998,-33,27,0,4,1,1,0,4,0,995,148.131680422055,12,2
6810,33,33,1-33-2017-033-09,9,2,1GCEC19W8VE1,17,20,481,1997,34,5,31,0,1,B,1,1972,5,0,1,2,0,64,1,0,0,995,0,0,0,95966,9,9,0,4,2,1,2,1,3,2,1,2,0,0,1,1,0,0,9,0,5,3,52,1,1,1,2,D,21,0,0,0,0,0,0,0,0,0,0,200,200,0,0,0,1,1,16,16,0,18615,998,-38,15,0,4,95,95,95,95,0,995,148.131680422055,12,2
6812,17,23,1-17-2017-023-09,9,1,1GNDT13S2821,17,20,403,2008,14,3,14,0,1,F,1,2052,5,0,1,1,1,89,1,0,1,0,2,0,0,61264,1,2,0,4,2,1,2,1,3,1,1,1,0,0,4,1,0,0,3,1,14,2,13,3,1,4,1,A,1,0,0,0,0,0,0,0,0,0,0,998,998,0,0,0,4,1,14,-14,0,16716,998,0,14,0,4,4,29,1,3,0,998,1691.99672341111,4,2
6811,28,18,1-28-2017-018-06,6,1,1FMCU9C7XBKA,17,12,402,2011,14,3,14,0,1,F,1,1609,5,0,1,1,1,56,1,0,0,995,0,0,0,16929,1,2,0,4,2,1,2,1,1,1,0,0,0,0,2,1,0,0,3,1,1,2,12,1,1,4,1,B,6,0,0,0,0,0,0,0,0,0,0,998,998,0,0,1,1,1,22,-22,0,31438,998,-16,22,0,1,1,2,0,6,0,998,185.209716714862,3,2
6816,12,18,1-12-2017-018-05,5,1,5Y2SL65828Z4,17,22,32,2008,6,1,2,0,1,F,9,1227,5,0,1,1,1,105,1,9,1,0,2,9,2,73458,9,9,2,1,3,1,2,1,1,1,1,3,0,0,4,8,1,2,9,0,1,2,17,99,1,1,5,L,88,0,0,0,0,0,0,0,0,0,0,10,280,0,0,0,1,5,999,999,999,9999999,999,999,53,0,0,3,14,1,3,0,995,628.832940754307,9,2
6813,23,32,1-23-2017-032-03,3,1,3VWDP7AJ4CM3,17,30,40,2012,4,1,3,0,1,R,2,1381,5,54,2,0,1,56,1,0,0,995,0,0,0,43202,1,2,2,4,6,3,2,1,1,1,1,2,0,0,1,8,1,2,1,0,11,4,63,2,1,1,4,J,68,0,0,0,0,0,0,0,0,0,0,230,90,0,0,0,1,3,36,-35,-6,160476,998,92,44,0,4,0,0,0,0,0,995,277.455039344838,5,2
6813,23,32,1-23-2017-032-03,3,2,5YFBURHE4GP4,17,49,32,2016,4,1,3,0,1,F,2,1265,5,0,1,1,1,56,1,0,0,995,0,0,0,43302,3,2,2,1,4,1,2,1,1,1,1,1,0,0,1,8,1,2,2,1,15,2,17,2,1,2,4,J,69,0,0,0,0,0,0,0,0,0,0,90,230,0,0,0,1,3,39,-34,20,69172,998,97,30,0,4,1,1,0,0,0,995,277.455039344838,5,2
6814,23,33,1-23-2017-033-10,10,1,1J4GL48K14W2,17,2,405,2004,14,3,14,0,1,F,9,1735,5,0,1,1,1,113,1,0,0,995,0,0,0,43219,2,2,0,2,3,2,2,1,3,1,3,3,0,3,1,1,0,0,1,1,14,1,6,2,4,4,1,B,7,0,0,0,0,0,0,0,0,0,0,998,998,0,0,0,1,10,999,999,999,9999999,999,999,12,0,0,1,1,0,0,0,998,4628.54463438301,5,2
6481,10,10,1-10-2017-010-02,2,4,999999999999,99,12,481,2016,39,5,39,0,1,B,9,9999,9,9999,9,0,1,105,1,0,0,995,0,0,0,64153,9,9,0,2,3,3,2,1,1,9,3,2,0,0,4,8,0,0,1,0,2,3,52,99,1,1,2,D,29,0,0,0,0,0,0,0,0,0,0,180,180,0,0,0,0,0,999,999,999,9999999,999,999,999,9,0,99,99,0,0,0,995,26.2442140037051,4,2
6481,10,10,1-10-2017-010-02,2,5,1XP5DB9X64D8,17,87,890,2004,66,8,68,0,1,F,9,,,,,,1,105,1,0,0,995,0,0,0,43342,9,9,0,2,3,3,2,1,1,9,3,2,0,0,4,8,0,0,1,0,1,3,52,99,1,1,2,D,28,,,,,,,,,,,,,,,,,,,,,,,,,,,95,95,95,95,,,26.2442140037051,4,2
6816,12,18,1-12-2017-018-05,5,2,3HSDJAPR5FN5,17,84,884,2015,66,8,68,0,1,L,9,,,,,,0,89,1,0,0,995,0,0,0,91020,9,9,2,4,2,1,2,1,1,1,1,2,2,3,4,8,2,2,9,0,1,2,17,1,1,1,5,L,89,,,,,,,,,,,,,,,,,,,,,,,,,,,95,95,95,95,,,628.832940754307,9,2
6821,32,34,1-32-2017-034-03,3,1,3VWJP7AT8CM6,17,30,47,2012,3,1,2,0,1,F,1,1333,5,0,1,1,1,72,1,0,0,995,0,0,0,75104,2,1,2,1,4,2,1,1,1,1,1,1,0,0,1,1,1,2,9,1,15,2,11,1,1,2,2,F,46,0,0,0,0,0,0,0,0,0,0,80,90,0,0,0,2,1,12,-11,2,9734,998,-32,13,0,4,0,0,0,0,0,995,1687.85652753375,7,2
6821,32,34,1-32-2017-034-03,3,2,1FAHP3FN7AW2,17,12,37,2010,4,1,2,0,1,F,1,1225,5,0,1,1,1,72,1,0,0,995,0,0,0,75115,2,9,2,1,4,2,1,1,1,1,1,1,0,0,1,1,1,2,9,0,5,3,53,1,1,1,6,M,98,0,0,0,0,0,0,0,0,0,0,80,90,0,0,0,3,1,13,-13,0,8030,998,41,12,0,1,9,97,0,5,0,995,1687.85652753375,7,2
6821,32,34,1-32-2017-034-03,3,3,2T2ZK1BA4EC1,17,59,403,2014,14,3,14,0,1,B,1,1970,5,0,1,1,1,72,1,0,0,995,0,0,0,75104,2,9,2,1,4,2,1,1,1,1,1,1,0,0,1,1,1,2,9,0,5,3,53,1,1,1,6,M,98,0,0,0,0,0,0,0,0,0,0,90,80,0,0,0,3,1,8,8,-1,9257,998,100,9,0,1,9,97,0,7,0,995,1687.85652753375,7,2
6823,14,20,1-14-2017-020-02,2,1,4T1BK46K37U5,17,49,40,2007,4,1,4,0,1,F,1,1580,5,46,2,1,1,72,1,0,0,995,0,0,0,78247,1,2,2,1,3,3,2,1,1,1,3,1,0,0,1,8,1,2,1,0,1,2,17,2,1,1,4,J,69,0,0,0,0,0,0,0,0,0,0,320,70,0,0,0,1,1,24,-21,12,40007,998,87,21,0,3,1,2,0,4,0,995,358.19383091797,8,2
6823,14,20,1-14-2017-020-02,2,2,1FMJU1H53EEF,17,12,422,2014,15,3,15,0,1,F,1,2633,5,0,2,1,1,72,1,0,0,995,0,0,0,78132,1,2,2,1,3,3,2,1,1,1,1,2,0,0,1,8,1,2,9,0,11,2,15,99,1,1,4,J,68,0,0,0,0,0,0,0,0,0,0,70,320,0,0,0,1,1,15,-11,-9,52617,998,-133,17,0,3,3,22,2,3,0,995,358.19383091797,8,2
6822,16,32,1-16-2017-032-07,7,1,2T3DFREV2HW5,17,49,402,2017,14,3,14,0,1,B,1,1610,5,9999,9,4,0,72,1,0,0,995,0,0,0,37064,9,9,1,2,2,1,2,2,2,9,1,1,0,0,1,2,0,0,9,0,2,3,53,2,1,1,2,D,29,0,0,0,0,0,0,0,0,0,0,175,195,0,0,0,1,3,8,6,5,6144,998,-205,5,0,4,95,95,95,95,0,995,2568.08122827197,5,2
6822,16,32,1-16-2017-032-07,7,2,19UUA9F21AA0,17,54,35,2010,4,1,4,0,1,F,1,1801,5,0,1,1,1,72,1,0,0,995,0,0,0,45238,9,9,1,2,2,1,2,2,2,9,1,1,0,0,1,2,0,0,9,0,14,3,52,99,1,1,2,D,28,0,0,0,0,0,0,0,0,0,0,195,175,0,0,0,1,3,7,-7,-3,14198,998,-107,11,0,4,0,0,0,0,0,995,2568.08122827197,5,2
6818,24,34,1-24-2017-034-07,7,1,1FMDK01146GA,17,12,22,2006,6,1,4,0,1,F,1,1655,5,0,1,1,1,64,1,0,0,995,0,0,0,08406,1,1,2,4,4,2,2,2,1,1,3,2,0,0,1,8,0,0,1,0,1,3,50,2,1,1,2,D,20,0,0,0,0,0,0,0,0,0,0,330,330,0,0,0,1,1,13,-13,0,14084,998,-5,15,0,1,1,1,0,6,0,995,1520.597614017,1,2
6824,29,16,1-29-2017-016-03,3,1,19UUA66205A0,17,54,35,2005,4,1,3,0,1,R,1,1585,5,0,1,1,1,48,1,0,0,995,0,0,0,01104,2,2,2,4,2,1,2,2,1,2,1,2,0,0,1,2,0,0,1,1,11,2,10,10,1,1,5,L,87,0,0,0,0,0,0,0,0,0,0,120,30,0,0,0,1,1,16,-3,-16,20298,998,-72,15,0,1,1,1,0,0,0,995,1318.37167531291,2,2
6818,24,34,1-24-2017-034-07,7,2,WBANU53588CT,17,34,35,2008,4,1,4,0,1,B,1,1540,5,0,1,1,1,64,1,0,0,995,0,0,0,08037,1,2,2,4,4,2,2,2,1,1,3,2,0,0,1,8,0,0,1,0,5,3,53,1,1,1,2,D,21,0,0,0,0,0,0,0,0,0,0,330,330,0,0,0,1,1,14,14,0,9833,998,-4,13,0,1,0,0,0,0,0,995,1520.597614017,1,2
6824,29,16,1-29-2017-016-03,3,2,1N4AB7AP6EN8,17,35,43,2014,4,1,3,0,1,F,1,1293,5,0,1,1,1,48,1,0,0,995,0,0,0,02703,1,2,2,4,2,1,2,2,1,4,1,2,0,0,1,2,0,0,1,0,1,3,55,3,1,2,5,L,86,0,0,0,0,0,0,0,0,0,0,30,120,0,0,0,1,1,21,-21,4,35769,998,94,22,0,1,1,1,0,4,0,995,1318.37167531291,2,2
6819,24,35,1-24-2017-035-06,6,1,1J4RR4GG0BC7,17,2,404,2011,14,3,14,0,1,F,2,2114,5,0,1,1,1,64,1,0,0,995,0,0,0,08021,7,2,0,4,2,1,2,1,1,2,1,2,0,0,2,1,0,0,1,1,1,2,13,4,1,4,1,A,3,0,0,0,0,0,0,0,0,0,0,998,998,0,0,7,1,11,999,999,999,9999999,999,999,999,7,0,0,0,0,0,0,998,813.060441738769,1,2
6825,19,43,1-19-2017-043-02,2,1,1C4NJPFA7ED5,17,2,407,2014,14,3,14,0,1,L,2,1428,5,0,1,1,1,72,1,0,0,995,0,0,0,35903,1,9,2,1,4,2,2,1,3,1,3,3,0,0,1,1,1,2,9,0,14,2,17,99,1,1,4,K,83,1,4,2,5,1,1,61,1,2,30,997,997,0,1,0,2,6,999,999,999,9999999,999,999,999,7,0,1,1,0,4,3,997,102.089013427492,9,2
6815,27,4,1-27-2017-004-06,6,1,1GTCS14X3X85,17,23,471,1999,34,5,30,0,1,F,1,1398,5,50,1,1,1,40,1,8,0,995,0,7,0,01201,1,2,2,1,2,2,2,1,1,2,3,2,0,0,1,1,1,2,9,0,1,3,52,4,9,1,2,D,28,0,0,0,0,0,0,0,0,0,0,280,270,0,0,0,1,1,13,-13,0,14621,998,-45,15,0,1,0,0,0,0,0,995,189.541558675509,3,2
6825,19,43,1-19-2017-043-02,2,2,1G1ZS52F35F2,17,20,37,2005,4,1,3,0,1,F,1,1440,5,9999,9,0,1,72,1,0,0,995,0,0,0,35905,1,9,2,4,2,1,2,1,1,1,0,2,0,0,1,1,1,2,9,0,11,4,66,99,1,1,4,K,82,0,0,0,0,0,0,0,0,0,0,250,330,0,0,0,1,3,4,-2,3,1139,998,152,3,0,4,0,0,0,0,0,995,102.089013427492,9,2
6827,31,16,1-31-2017-016-09,9,1,3D6WH48A97G7,17,7,482,2007,40,6,45,0,1,F,1,3041,5,0,1,1,1,56,1,0,0,995,0,0,0,62821,1,2,2,4,2,1,2,1,1,1,0,4,0,0,1,1,0,0,1,0,1,3,50,99,1,1,2,D,20,0,0,0,0,0,0,0,0,0,0,280,280,0,0,0,1,5,999,999,999,9999999,999,999,17,2,0,0,0,0,0,0,995,1112.97598818424,6,2
6827,31,16,1-31-2017-016-09,9,2,1FTYR10D52PA,17,12,471,2002,34,5,30,0,1,B,1,1392,5,0,1,1,1,56,1,0,0,995,0,0,0,62827,1,2,2,4,2,1,2,1,1,1,0,4,0,0,1,1,0,0,1,0,5,3,53,1,1,1,2,D,21,0,0,0,0,0,0,0,0,0,0,280,280,0,0,0,1,5,999,999,999,9999999,999,999,14,2,0,1,2,0,4,0,995,1112.97598818424,6,2
6815,27,4,1-27-2017-004-06,6,2,JTDKN3DU7A12,17,49,46,2010,5,1,3,0,1,F,1,1380,5,0,1,1,1,40,1,8,0,995,0,7,0,01226,1,2,2,1,2,2,2,1,1,2,3,2,0,0,1,1,1,2,1,0,2,3,53,1,1,1,2,D,29,0,0,0,0,0,0,0,0,0,0,270,270,0,0,0,2,3,19,-19,0,14296,998,0,16,0,4,0,0,0,4,0,995,189.541558675509,3,2
6827,31,16,1-31-2017-016-09,9,3,2GKALUEK9C61,17,23,402,2012,14,3,14,0,1,B,9,1748,5,9999,9,0,0,56,1,0,0,995,0,0,0,60062,9,9,2,4,2,1,2,1,1,1,0,4,0,0,1,1,0,0,9,0,5,8,98,99,1,1,6,M,98,0,0,0,0,0,0,0,0,0,0,280,280,0,0,0,0,0,999,999,999,9999999,999,999,999,9,0,95,95,95,95,0,995,1112.97598818424,6,2
6826,19,44,1-19-2017-044-08,8,1,1G4HP57296U1,17,18,23,2006,4,1,5,0,1,R,2,1707,5,0,1,1,1,113,1,0,0,995,0,0,0,35967,1,2,0,1,2,2,2,2,1,1,3,2,1,3,1,2,0,0,1,1,1,1,6,98,4,4,1,B,7,0,0,0,0,0,0,0,0,0,0,998,998,0,0,1,3,1,27,9,-25,114492,998,175,27,0,1,1,2,0,4,0,998,1264.8216884943,9,2
6815,27,4,1-27-2017-004-06,6,3,1N4AL3AP5FC2,17,35,47,2015,4,1,3,0,1,B,1,1416,5,9999,9,6,0,40,1,0,0,995,0,0,0,01201,9,9,2,1,2,2,2,1,1,2,3,2,0,0,1,1,1,2,9,0,5,3,53,1,1,1,6,M,98,0,0,0,0,0,0,0,0,0,0,270,270,0,0,0,2,3,19,19,0,16280,998,0,16,0,4,95,95,95,95,0,995,189.541558675509,3,2
6832,22,39,1-22-2017-039-09,9,1,KMHJF35F0YU9,17,55,35,2000,4,1,2,0,1,F,1,1158,5,0,1,1,1,56,1,0,0,995,0,0,0,83843,1,2,2,5,5,1,2,1,1,4,0,3,0,0,1,8,0,0,3,0,1,3,50,2,1,1,2,D,20,0,0,0,0,0,0,0,0,0,0,0,0,0,0,0,1,1,21,-21,0,37954,998,0,28,0,4,1,1,0,0,0,995,702.951057885935,12,2
6831,22,38,1-22-2017-038-02,2,1,JN8AF5MV2GT6,17,35,403,2016,14,3,14,0,1,F,2,1443,5,0,1,1,1,105,1,0,0,995,0,0,0,98028,1,2,1,3,1,1,2,1,2,1,1,1,0,0,1,1,0,0,2,1,12,2,21,1,1,2,6,M,98,0,0,0,0,0,0,0,0,0,0,5,95,0,0,0,1,5,999,999,999,9999999,999,999,999,7,0,1,3,0,4,0,995,57.5944953362226,12,2
6831,22,38,1-22-2017-038-02,2,2,1GB3KZCG9DF1,17,20,881,2013,61,8,60,0,1,R,9,,,,,,0,105,1,0,0,995,0,0,0,83501,9,9,1,1,1,1,2,1,1,1,1,2,1,0,1,1,0,0,1,0,1,4,64,99,1,1,6,M,98,,,,,,,,,,,,,,,,,,,,,,,,,,,95,95,95,95,,,57.5944953362226,12,2
6832,22,39,1-22-2017-039-09,9,2,JM1EC4350R03,17,41,46,1994,2,1,1,0,1,B,1,1095,5,0,1,2,0,56,1,0,0,995,0,7,0,83501,9,9,2,5,5,1,2,1,1,4,0,3,0,0,1,8,0,0,1,0,5,3,52,1,1,1,2,D,21,0,0,0,0,0,0,0,0,0,0,0,0,0,0,0,1,1,23,23,0,7868,998,4,13,0,4,95,95,95,95,0,995,702.951057885935,12,2
6830,18,19,1-18-2017-019-08,8,1,1J8GL48K47W6,17,2,405,2007,14,3,14,0,1,T,3,1819,5,0,1,1,1,89,1,0,1,0,2,0,2,54729,1,2,0,4,2,1,2,2,1,1,1,2,0,0,2,2,0,0,9,1,1,2,12,1,1,4,1,B,6,1,3,1,2,1,4,61,1,1,26,998,998,0,1,2,12,7,999,999,999,9999999,999,999,999,8,0,3,22,1,3,3,998,703.273619459784,6,2
6833,15,20,1-15-2017-020-03,3,1,5TDDK3DC4FS1,17,49,442,2015,20,4,20,0,1,R,1,2115,5,0,1,1,1,48,1,0,0,995,0,0,0,11598,1,2,2,4,2,1,2,1,1,1,0,0,0,0,1,1,0,0,9,0,1,4,66,99,1,1,5,L,87,0,0,0,0,0,0,0,0,0,0,150,60,0,0,0,1,1,13,-8,-10,25110,998,99,14,0,1,0,0,0,4,0,995,375.42663400268,1,2
6833,15,20,1-15-2017-020-03,3,2,1HGCR2F35GA2,17,37,32,2016,4,1,4,0,1,F,1,1496,5,0,1,1,1,48,1,0,0,995,0,0,0,11598,1,2,2,4,2,1,2,1,1,1,0,0,0,0,1,1,2,2,1,0,1,2,17,2,1,1,5,L,86,0,0,0,0,0,0,0,0,0,0,60,150,0,0,0,1,1,18,-14,12,29719,998,117,17,0,1,0,0,0,0,0,995,375.42663400268,1,2
6829,21,17,1-21-2017-017-03,3,1,1G1JC6SG7E42,17,20,28,2014,5,1,1,0,1,F,1,1259,5,0,1,1,1,56,1,0,0,995,0,0,0,92410,9,1,2,4,5,1,2,1,1,1,0,1,0,0,1,1,1,2,9,0,1,2,17,99,1,1,4,J,69,0,0,0,0,0,0,0,0,0,0,195,325,0,0,0,1,1,21,-20,7,10770,998,18,14,0,1,99,99,0,3,0,995,311.956694061437,11,2
6829,21,17,1-21-2017-017-03,3,2,1HGEM22522L0,17,37,31,2002,2,1,2,0,1,F,2,1127,5,0,1,1,1,56,1,0,0,995,0,0,0,92376,9,1,2,4,5,3,2,1,1,1,1,2,1,0,1,1,1,2,2,0,11,2,15,1,1,1,4,J,68,0,0,0,0,0,0,0,0,0,0,325,195,0,0,0,1,1,25,-22,-12,47672,998,-49,30,0,1,1,1,0,0,0,995,311.956694061437,11,2
6835,13,33,1-13-2017-033-02,2,1,2T2ZK1BA5FC2,17,59,403,2015,14,3,14,0,1,F,1,1970,5,9999,9,1,1,64,1,0,0,995,0,0,0,76132,1,2,2,1,4,4,2,1,1,1,3,0,0,0,1,8,1,2,1,0,11,2,15,2,1,1,4,J,68,0,0,0,0,0,0,0,0,0,0,340,200,0,0,0,1,1,17,-15,-9,29653,998,-75,17,0,4,1,1,0,4,0,995,65.3942572948334,7,2
6835,13,33,1-13-2017-033-02,2,2,KNDPB3AC5G78,17,63,401,2016,14,3,14,0,1,F,1,1471,5,0,1,1,1,64,1,0,0,995,0,0,0,76116,2,2,2,1,4,3,2,1,1,1,3,3,0,0,1,8,1,2,1,0,1,4,66,11,1,1,4,J,69,0,0,0,0,0,0,0,0,0,0,200,340,0,0,0,1,1,23,-23,4,30326,998,-26,23,0,4,3,14,1,3,0,995,65.3942572948334,7,2
6838,30,39,1-30-2017-039-04,4,1,KMHD35LH1FU2,17,55,35,2015,5,1,2,0,1,F,1,1295,5,0,2,1,1,89,1,0,0,995,0,0,0,85032,1,2,0,3,5,4,2,1,1,1,3,1,0,0,1,1,0,0,2,0,15,3,53,4,1,1,2,F,45,0,0,0,0,0,0,0,0,0,0,0,0,0,0,0,2,1,14,-14,0,11472,998,75,13,0,4,0,0,0,0,0,995,1827.93791705103,10,2
6838,30,39,1-30-2017-039-04,4,2,2G1WX15K0293,17,20,36,2002,2,1,4,0,1,R,2,1516,5,0,2,4,1,89,1,0,0,995,0,0,0,85042,1,1,0,3,5,5,2,1,1,1,1,2,0,0,1,1,0,0,1,0,1,4,61,1,1,1,2,F,44,0,0,0,0,0,0,0,0,0,0,0,0,0,0,0,1,8,999,999,999,9999999,999,999,999,7,0,0,0,0,0,0,995,1827.93791705103,10,2
6838,30,39,1-30-2017-039-04,4,3,2GNALBEK5D62,17,20,404,2013,14,3,14,0,1,B,1,1706,5,0,2,1,1,89,1,0,0,995,0,0,0,85050,1,2,0,3,5,4,2,1,1,1,3,1,0,0,1,1,0,0,1,0,5,4,60,1,1,1,6,M,98,0,0,0,0,0,0,0,0,0,0,0,0,0,0,0,2,1,11,11,0,13017,998,69,12,0,4,0,0,0,0,0,995,1827.93791705103,10,2
6839,30,40,1-30-2017-040-09,9,1,1FMRU17W04LA,17,12,422,2004,15,3,15,0,1,B,1,2579,5,0,1,2,0,64,1,0,0,995,0,0,0,85392,9,9,2,4,7,1,2,1,1,1,0,3,0,0,3,1,1,2,9,1,10,2,16,99,1,1,4,J,70,0,0,0,0,0,0,0,0,0,0,40,0,0,0,0,1,3,8,7,-4,14520,998,115,10,0,4,95,95,95,95,0,995,3397.36491587046,10,2
6839,30,40,1-30-2017-040-09,9,2,4B3AG42G35E0,17,7,43,2005,2,1,2,0,1,F,1,1390,8,0,1,1,1,64,1,0,0,995,0,0,0,85051,1,1,2,4,7,1,2,1,1,1,0,3,0,0,3,1,1,2,1,0,1,4,60,2,1,1,4,J,71,0,0,0,0,0,0,0,0,0,0,0,40,0,0,0,1,3,15,-15,-3,14584,998,-88,14,0,4,0,0,0,0,0,995,3397.36491587046,10,2
6837,33,35,1-33-2017-035-06,6,1,2GCEC19K3S11,17,20,481,1995,34,5,31,0,1,F,1,1934,5,0,1,1,1,56,1,0,0,995,0,0,0,95969,1,1,2,4,5,3,2,1,1,1,1,2,0,0,1,1,1,2,1,0,11,2,15,1,1,1,4,J,68,0,0,0,0,0,0,0,0,0,0,105,335,0,0,0,1,1,21,-18,-10,90665,998,-120,27,0,1,1,1,0,4,0,995,345.47842926931,12,2
6837,33,35,1-33-2017-035-06,6,2,3MEHM0HA2AR6,17,14,21,2010,4,1,3,0,1,L,2,1490,5,0,1,1,1,56,1,0,0,995,0,0,0,95926,1,2,2,4,5,1,2,1,1,1,0,3,0,0,1,1,1,2,1,1,4,4,62,1,1,1,4,J,69,0,0,0,0,0,0,0,0,0,0,335,105,0,0,0,1,1,28,-26,9,21220,998,-80,16,0,1,1,2,0,6,0,995,345.47842926931,12,2
6836,33,34,1-33-2017-034-08,8,1,1FAFP40444F1,17,12,3,2004,2,1,2,0,1,L,2,1492,5,0,2,1,1,72,1,0,1,256,2,1,2,95966,1,2,0,4,2,1,2,1,3,2,1,2,0,0,2,1,0,0,3,1,6,1,6,99,3,4,1,A,2,0,0,0,0,0,0,0,0,0,0,998,998,0,0,1,2,1,31,0,31,74904,998,-72,31,0,3,3,22,1,3,0,998,217.884133565871,12,2
6844,11,19,1-11-2017-019-08,8,1,1G3HY52K9X48,17,21,2,1999,4,1,4,0,1,F,1,1565,5,9999,9,4,1,72,1,1,1,353,2,0,1,23234,9,9,0,1,2,1,2,1,3,4,1,3,0,0,1,1,0,0,9,1,14,2,13,99,1,4,1,A,1,0,0,0,0,0,0,0,0,0,0,998,998,0,1,0,3,12,999,999,999,9999999,999,999,999,2,0,2,9,0,3,0,998,1502.31800595479,8,2