CASEID,PSU,CASENO,CASENUMBER,CATEGORY,VEHNO,VIN,VINLENGTH,MAKE,MODEL,MODELYR,BODYTYPE,BODYCAT,VEHCLASS,SPECUSE,TRANSTAT,DAMPLANE,DAMSEV,CURBWT,CURBSRC,CARGOWT,CARGOSRC,INSPTYPE,TOWSTAT,SPEEDLIMIT,DRPRESENT,PARALCOHOL,ALCTEST,ALCTESTRESULT,ALCTESTSRC,PARDRUG,DRUGTEST,ZIP,RACE,ETHNICITY,RELTOJUNCT,TRAFFLOW,RDLANES,INITLANE,SURFTYPE,SURFCOND,ALIGNMENT,PROFILE,LINERIGHT,LINELEFT,RUMBINIT,RUMBROAD,LIGHTCOND,WEATHER,TRAFDEV,TRAFFUNCT,DISTRACT,PREFHE,PREMOVE,CRITCAT,CRITEVENT,MANEUVER,PRESTAB,PRELOC,CRASHCAT,CRASHCONF,CRASHTYPE,ROLLTYPE,ROLLTURN,ROLLINTRPT,ROLLPREMAN,ROLLINITYP,ROLLINLOC,ROLLOBJ,ROLLTRIP,ROLLDIR,ROLLDIST,DVANGTHIS,DVANGOTH,TOWHITCH,TRAJDOC,TREEPOLE,DVEVENT,DVBASIS,DVTOTAL,DVLONG,DVLAT,DVENERGY,DVSPEED,DVMOMENT,DVBES,DVEST,DVCONF,VAIS,VISS,VINJURED,VTREAT,INITOBJCLASS,HEADANGLECAT,CASEWGT,PSUSTRAT,VERSION
6847,32,35,1-32-2017-035-01,1,1,1D7HA16K26J1,17,7,482,2006,34,5,31,0,1,F,1,2049,5,95,2,1,1,113,1,0,1,0,3,0,0,75218,1,2,0,2,5,3,1,1,1,2,3,3,0,0,3,1,0,0,3,1,1,2,12,1,1,4,1,B,6,0,0,0,0,0,0,0,0,0,0,998,998,0,1,0,2,1,15,-14,3,19727,998,-39,15,0,4,3,10,1,2,0,998,396.693839271766,7,2
6845,20,37,1-20-2017-037-04,4,1,JNKCV64E98M1,17,58,37,2008,2,1,4,0,1,F,1,1644,5,0,2,1,1,40,1,0,0,995,0,0,0,93955,2,2,2,4,2,1,2,1,1,1,0,2,0,0,1,1,2,2,2,0,11,2,17,4,1,7,5,L,86,0,0,0,0,0,0,0,0,0,0,330,20,0,0,0,1,3,16,-14,8,14286,998,53,14,0,4,0,0,0,0,0,995,217.162082170699,11,2
6845,20,37,1-20-2017-037-04,4,2,1C4PJMBS5FW7,17,2,404,2015,14,3,14,0,1,R,1,1788,5,0,2,0,1,56,1,0,0,995,0,0,0,93907,1,1,2,1,2,2,1,1,1,1,5,0,0,0,1,1,0,0,1,0,1,4,66,2,1,1,5,L,87,0,0,0,0,0,0,0,0,0,0,20,330,0,0,0,1,3,15,3,-15,23192,998,3,18,0,4,1,1,0,0,0,995,217.162082170699,11,2
6842,20,36,1-20-2017-036-10,10,1,1J4GL58525W5,17,2,405,2005,14,3,14,0,1,F,9,1834,5,9999,9,0,1,56,1,0,0,995,0,0,0,93924,1,9,2,1,4,1,2,2,1,9,1,1,0,0,3,2,1,2,9,1,11,2,13,99,9,4,1,A,1,0,0,0,0,0,0,0,0,0,0,998,998,0,0,9,0,0,999,999,999,9999999,999,999,999,9,0,0,0,0,99,0,998,1015.36148488437,11,2
6846,26,22,1-26-2017-022-03,3,1,3FA6P0K99GR2,17,12,23,2016,4,1,4,0,1,F,1,1599,8,0,1,5,1,48,1,1,9,998,8,0,0,95820,1,1,0,4,2,1,2,1,2,1,0,2,0,0,3,1,0,0,3,1,14,2,10,1,1,4,1,B,6,0,0,0,0,0,0,0,0,0,0,998,998,0,0,0,3,10,999,999,999,9999999,999,999,13,2,0,1,1,0,0,0,998,2176.53884370464,10,2
6849,13,34,1-13-2017-034-09,9,1,1GNEC16Z02J2,17,20,431,2002,16,3,16,0,1,L,1,2228,5,0,1,5,1,72,1,0,0,995,0,0,0,76107,1,1,2,4,2,1,1,1,1,4,0,0,0,0,1,8,2,2,2,0,11,2,15,1,1,1,4,K,82,0,0,0,0,0,0,0,0,0,0,150,240,0,0,0,1,1,16,-5,15,20372,998,-114,12,0,1,0,0,0,0,0,995,4840.88145206512,7,2
6849,13,34,1-13-2017-034-09,9,2,1G1ND52F44M6,17,20,37,2004,4,1,3,0,1,F,2,1440,5,0,1,1,1,72,1,0,0,995,0,0,0,76119,2,2,2,4,4,1,1,1,1,1,0,3,0,0,1,8,0,0,9,0,1,4,67,99,1,1,4,K,83,0,0,0,0,0,0,0,0,0,0,240,150,0,0,0,1,1,26,-24,-9,56560,998,-63,29,0,1,1,2,0,4,0,995,4840.88145206512,7,2
6706,11,16,1-11-2017-016-05,5,1,JA3AJ26E24U0,17,52,46,2004,4,1,2,0,1,F,9,1205,5,9999,9,0,1,89,1,0,0,995,0,0,0,23225,9,9,0,2,4,1,2,1,1,1,1,3,0,0,2,1,0,0,1,1,15,3,53,99,1,2,2,D,25,0,0,0,0,0,0,0,0,0,0,999,999,0,0,0,0,0,999,999,999,9999999,999,999,999,9,0,9,97,0,8,0,999,459.56320010308,8,2
6706,11,16,1-11-2017-016-05,5,2,3C4PDCBG8CT2,17,7,27,2012,6,1,4,0,1,F,1,1918,5,0,1,1,1,89,1,0,0,995,0,0,0,23230,9,9,0,2,4,2,2,1,1,1,3,3,0,0,2,1,0,0,1,0,1,3,51,8,1,1,2,D,24,0,0,0,0,0,0,0,0,0,0,170,170,0,0,0,1,1,21,-21,0,26481,998,-35,18,0,1,9,97,0,8,0,995,459.56320010308,8,2
6855,28,19,1-28-2017-019-06,6,1,JF1GH63629H8,17,48,38,2009,5,1,2,0,1,T,2,1385,5,0,1,1,1,89,1,0,0,995,0,0,0,16930,1,2,0,4,2,1,2,1,3,1,1,2,0,0,1,1,6,2,1,1,14,1,6,3,4,4,1,B,7,1,3,1,2,1,4,61,1,1,20,997,997,0,0,0,1,6,999,999,999,9999999,999,999,999,7,0,1,1,0,4,3,997,154.889477796316,3,2
6856,23,34,1-23-2017-034-02,2,1,1VWAP7A30DC0,17,30,52,2013,4,1,4,0,1,F,3,1436,5,0,1,1,1,89,1,0,0,995,0,0,0,43315,9,9,0,4,2,1,2,1,1,1,1,4,0,0,2,1,0,0,9,1,1,2,10,2,2,2,3,G,50,0,0,0,0,0,0,0,0,0,0,255,90,0,0,0,1,1,55,-55,0,231811,998,-33,61,0,1,9,97,0,8,0,995,66.3431143320455,5,2
6856,23,34,1-23-2017-034-02,2,2,1HGCR2F5XDA0,17,37,32,2013,4,1,4,0,1,F,3,1521,5,0,1,1,1,89,1,0,1,0,2,0,0,43315,1,2,0,4,2,1,2,1,1,1,1,4,0,0,2,1,0,0,1,0,1,4,62,2,1,1,3,G,51,0,0,0,0,0,0,0,0,0,0,90,255,0,0,0,1,1,53,-52,9,122116,998,4,45,0,1,1,1,0,4,0,995,66.3431143320455,5,2
6857,23,35,1-23-2017-035-07,7,1,5XYKT4A10BG1,17,63,402,2011,14,3,14,0,1,F,9,1635,5,9999,9,0,1,72,1,0,0,995,0,0,0,43035,9,9,0,4,2,1,2,1,3,1,1,2,0,0,3,1,0,0,1,0,14,6,87,2,2,1,1,C,13,0,0,0,0,0,0,0,0,0,0,998,998,0,0,0,0,0,999,999,999,9999999,999,999,999,9,0,0,0,0,0,0,998,1929.59482585387,5,2
6858,24,36,1-24-2017-036-08,8,1,1FMDU34XXVZA,17,12,401,1997,14,3,14,0,1,F,9,1631,5,9999,9,4,1,80,1,0,0,995,0,0,0,08037,1,2,2,4,4,2,2,2,1,1,3,2,0,0,1,2,1,2,1,0,11,2,15,1,1,1,4,J,68,0,0,0,0,0,0,0,0,0,0,260,110,1,0,0,1,5,999,999,999,9999999,999,999,999,9,0,1,2,0,4,0,995,478.637750791523,1,2
6858,24,36,1-24-2017-036-08,8,2,4T1BE32K12U5,17,49,40,2002,4,1,3,0,1,F,2,1435,5,0,1,1,1,80,1,0,1,0,2,0,0,08037,9,9,2,4,4,2,2,2,1,1,3,2,0,0,1,2,1,2,9,0,1,4,62,99,1,1,4,J,69,0,0,0,0,0,0,0,0,0,0,110,260,0,0,0,1,11,999,999,999,9999999,999,999,999,7,0,3,22,1,3,0,995,478.637750791523,1,2
6859,24,37,1-24-2017-037-07,7,1,WBSKG9C57BE3,17,34,34,2011,2,1,3,0,1,F,2,1680,5,0,1,1,1,80,1,0,0,995,0,0,0,08087,9,9,2,4,3,1,2,1,1,1,1,2,0,0,1,1,1,2,9,0,1,3,50,99,1,1,2,D,20,0,0,0,0,0,0,0,0,0,0,260,260,0,0,0,1,4,27,-27,0,13850,998,-72,13,0,4,99,99,0,99,0,995,2102.82803174669,1,2
6859,24,37,1-24-2017-037-07,7,2,JA4MS31X58Z0,17,52,47,2008,6,1,3,0,1,B,2,1590,5,0,1,3,0,72,1,0,0,995,0,0,0,07757,9,9,2,4,2,1,2,1,1,1,1,2,0,0,1,1,1,2,9,0,5,3,53,1,1,1,2,D,21,0,0,0,0,0,0,0,0,0,0,260,260,0,0,0,1,4,29,29,0,116402,998,-69,38,0,4,95,95,95,95,0,995,2102.82803174669,1,2
6862,14,21,1-14-2017-021-07,7,1,1FTFW1EF5CFC,17,12,481,2012,34,5,31,0,1,F,1,2522,5,0,2,1,1,56,1,0,0,995,0,0,0,78154,1,2,3,4,2,1,2,1,1,1,0,0,0,0,1,1,0,0,2,0,11,4,66,1,1,1,4,K,82,0,0,0,0,0,0,0,0,0,0,170,300,0,0,0,1,1,23,-23,4,96251,998,40,30,0,1,1,1,0,0,0,995,13075.4920927228,8,2
6862,14,21,1-14-2017-021-07,7,2,1FTPW12VX6KD,17,12,481,2006,34,5,31,0,1,R,1,2363,5,0,2,1,1,56,1,0,0,995,0,0,0,78130,1,1,3,4,4,2,2,1,1,1,3,2,0,0,1,1,0,0,1,0,1,4,71,3,1,1,4,K,83,0,0,0,0,0,0,0,0,0,0,300,170,0,0,0,1,1,24,-19,-16,19133,998,-35,14,0,1,1,2,0,6,0,995,13075.4920927228,8,2
6861,32,37,1-32-2017-037-06,6,1,3N1AB61E48L6,17,35,43,2008,4,1,3,0,1,F,1,1296,5,0,1,1,1,113,1,0,0,995,0,0,0,75043,1,1,0,2,3,1,2,1,1,2,1,3,0,0,1,1,0,0,3,0,1,3,52,2,1,1,2,D,28,0,0,0,0,0,0,0,0,0,0,90,90,0,0,0,1,3,24,-24,0,14726,998,-27,16,0,4,1,1,0,6,0,995,3184.70696791482,7,2
6860,32,36,1-32-2017-036-03,3,1,1C4NJCBAXED5,17,2,1,2014,6,1,2,0,1,L,1,1448,5,0,1,1,1,64,1,0,0,995,0,0,0,75146,2,2,2,4,2,1,1,1,1,1,0,0,0,0,3,1,2,2,1,0,12,2,21,1,1,1,6,M,98,0,0,0,0,0,0,0,0,0,0,230,260,0,0,0,1,1,18,17,6,4179,998,59,8,0,1,1,2,0,4,0,995,1642.02097146795,7,2
6860,32,36,1-32-2017-036-03,3,2,1N4AL11D46N3,17,35,47,2006,4,1,4,0,1,F,1,1378,5,0,1,1,1,64,1,0,0,995,0,0,0,75134,2,9,2,4,2,1,1,1,1,1,0,0,0,0,3,1,0,0,9,0,1,4,61,99,1,1,6,M,98,0,0,0,0,0,0,0,0,0,0,260,230,0,0,0,1,1,19,-19,3,43073,998,67,25,0,1,2,8,0,4,0,995,1642.02097146795,7,2
6861,32,37,1-32-2017-037-06,6,2,2FTRX07W3YCA,17,12,481,2000,34,5,31,0,1,B,1,1857,5,9999,9,0,0,113,1,0,0,995,0,0,0,75220,9,9,0,2,3,1,2,1,1,2,1,3,0,0,1,1,0,0,9,0,2,3,53,99,1,1,2,D,29,0,0,0,0,0,0,0,0,0,0,90,90,0,0,0,1,3,17,17,0,38241,998,0,23,0,4,95,95,95,95,0,995,3184.70696791482,7,2
6863,12,19,1-12-2017-019-08,8,1,1FTFW1ET3BFB,17,12,481,2011,34,5,31,0,1,F,2,2586,5,9999,9,0,0,113,1,8,8,997,8,9,9,75069,9,9,1,2,2,2,1,1,1,1,3,3,2,3,1,1,0,0,9,0,1,3,52,1,1,1,2,D,28,0,0,0,0,0,0,0,0,0,0,180,180,0,0,0,1,3,32,-31,5,78905,998,43,27,0,4,95,95,95,95,0,995,1502.31800595479,9,2
6863,12,19,1-12-2017-019-08,8,2,1G2NF52E83M5,17,22,18,2003,4,1,3,0,1,B,3,1413,5,0,1,1,1,113,1,0,0,995,0,0,0,73086,1,2,1,2,2,2,1,1,1,1,3,3,2,3,1,1,0,0,1,0,1,3,53,1,1,1,2,D,29,0,0,0,0,0,0,0,0,0,0,180,180,0,0,0,1,3,60,59,-10,239325,998,40,64,0,4,4,17,1,3,0,995,1502.31800595479,9,2
6865,29,17,1-29-2017-017-02,2,1,999999999999,99,87,881,2004,66,8,68,0,1,B,9,,,,,,1,105,1,0,0,995,0,0,0,02904,9,9,0,1,3,1,2,1,1,1,1,3,2,3,2,8,0,0,9,0,2,3,53,2,1,1,2,D,29,,,,,,,,,,,,,,,,,,,,,,,,,,,95,95,95,95,,,81.4304760526014,2,2
6870,17,24,1-17-2017-024-04,4,1,1G1PC5SB9D71,17,20,25,2013,4,1,3,0,1,L,1,1407,5,0,1,1,1,48,1,0,0,995,0,0,0,61250,1,2,2,4,2,1,2,1,1,1,0,0,0,0,1,1,2,2,2,0,1,2,17,1,1,1,5,L,89,0,0,0,0,0,0,0,0,0,0,20,110,0,0,0,1,1,18,-6,17,14568,998,-94,13,0,3,1,2,0,4,0,995,4191.2248811145,4,2
6867,19,45,1-19-2017-045-02,2,1,3N1CN7AP2FL9,17,35,50,2015,4,1,2,0,1,R,2,1132,5,0,1,1,1,89,1,1,1,170,2,9,0,36272,1,2,0,4,2,1,2,1,1,1,1,4,0,0,2,1,0,0,9,1,1,2,12,1,1,4,1,B,6,1,4,2,2,1,4,61,1,1,25,997,997,0,1,0,1,6,999,999,999,9999999,999,999,999,7,0,1,1,0,4,3,997,178.303649458387,9,2
6870,17,24,1-17-2017-024-04,4,2,1G1NE52J93M5,17,20,37,2003,4,1,3,0,1,F,1,1384,5,0,1,1,1,48,1,0,0,995,0,0,0,61265,1,2,2,4,2,1,2,1,1,1,0,4,0,0,1,1,0,0,1,0,1,4,66,2,1,1,5,L,88,0,0,0,0,0,0,0,0,0,0,110,20,0,0,0,1,1,17,-16,-6,34804,998,-72,22,0,3,1,1,0,4,0,995,4191.2248811145,4,2
6868,19,46,1-19-2017-046-05,5,1,KMHCT5AE4CU0,17,55,36,2012,5,1,2,0,1,T,1,1168,5,0,1,1,1,72,1,0,0,995,0,0,0,35901,1,2,0,4,2,1,2,2,1,4,1,4,0,0,1,2,0,0,3,1,1,2,10,8,1,4,1,B,6,2,98,8,8,98,8,32,8,8,998,997,997,0,0,0,2,6,999,999,999,9999999,999,999,999,6,0,1,1,0,4,8,997,283.119230360775,9,2
6872,33,36,1-33-2017-036-01,1,1,1D7HU18D15S2,17,7,482,2005,34,5,31,0,1,F,9,2333,5,0,1,1,1,89,1,0,1,0,3,0,1,95948,1,1,0,4,2,1,2,1,1,1,1,2,1,0,1,8,0,0,9,0,1,3,50,1,1,1,2,D,20,0,0,0,0,0,0,0,0,0,0,0,0,0,0,0,1,5,999,999,999,9999999,999,999,90,0,0,5,26,1,1,0,995,90.0802946545538,12,2
6872,33,36,1-33-2017-036-01,1,2,1FUJGBDV2DSF,17,82,898,2013,66,8,68,0,1,B,9,,,,,,0,89,1,0,0,995,0,0,0,95953,9,9,0,4,2,1,2,1,1,1,1,2,1,0,1,8,0,0,9,0,5,3,53,1,1,1,2,D,22,,,,,,,,,,,,,,,,,,,,,,,,,,,95,95,95,95,,,90.0802946545538,12,2
6875,22,41,1-22-2017-041-08,8,1,1GCCS1483581,17,20,473,2005,34,5,30,0,1,T,3,1643,5,0,2,1,1,89,1,9,1,0,2,7,2,99161,1,2,0,4,2,1,2,1,1,1,1,4,0,0,2,1,0,0,3,1,1,2,12,8,2,4,1,A,1,1,10,2,2,1,4,61,1,1,50,997,997,0,1,0,1,6,999,999,999,9999999,999,999,999,8,0,3,17,1,3,3,997,113.695698457785,12,2
6880,30,42,1-30-2017-042-03,3,1,2T1BPRHE6EC0,17,49,32,2014,4,1,3,0,1,F,2,1290,5,0,2,1,1,105,1,0,0,995,0,0,0,85203,1,2,1,2,5,4,2,1,1,2,3,1,0,0,1,1,0,0,1,0,1,3,50,2,1,1,2,D,20,0,0,0,0,0,0,0,0,0,0,110,110,0,0,0,1,1,25,-25,0,20403,998,2,20,0,4,1,1,0,0,0,995,505.667818826238,10,2
6880,30,42,1-30-2017-042-03,3,2,JTMBK31V8750,17,49,402,2007,14,3,14,0,1,B,1,1658,5,9999,9,2,0,105,1,0,0,995,0,0,0,85373,9,9,1,2,5,4,2,1,1,2,3,1,0,0,1,1,0,0,9,0,5,3,53,1,1,1,2,D,21,0,0,0,0,0,0,0,0,0,0,110,110,0,0,0,1,1,19,19,0,36642,998,0,23,0,4,95,95,95,95,0,995,505.667818826238,10,2
6882,13,36,1-13-2017-036-03,3,1,JTDZN3EU1C30,17,49,46,2012,5,1,4,0,1,R,2,1485,5,0,1,3,1,48,1,0,0,995,0,0,0,75248,1,2,3,1,2,2,1,1,3,1,0,0,0,0,1,8,0,0,2,0,14,2,15,2,1,1,4,J,68,0,0,0,0,0,0,0,0,0,0,190,90,0,0,0,1,3,28,-18,-22,102806,998,79,36,0,4,0,0,0,0,0,995,1223.97054512083,7,2
6882,13,36,1-13-2017-036-03,3,2,3N1CE2CP9HL3,17,35,50,2017,5,1,2,0,1,F,2,1114,5,0,1,1,1,48,1,0,0,995,0,0,0,76001,1,9,3,1,2,2,1,1,2,1,0,0,0,0,1,8,0,0,9,0,14,4,62,3,1,1,4,J,69,0,0,0,0,0,0,0,0,0,0,90,190,0,0,0,1,3,34,-29,17,44314,998,90,24,0,4,9,97,0,0,0,995,1223.97054512083,7,2
6881,13,35,1-13-2017-035-05,5,1,2GCEK13M7811,17,20,481,2008,34,5,31,0,1,F,2,2440,5,0,1,1,1,113,1,1,8,997,8,0,1,76060,1,2,0,2,4,4,2,1,1,1,1,3,0,0,3,8,0,0,3,0,1,3,51,8,1,1,2,D,24,1,2,2,5,1,1,61,1,2,999,280,270,0,0,0,1,5,999,999,999,9999999,999,999,999,7,0,3,10,1,3,3,995,208.584731118145,7,2
6874,22,40,1-22-2017-040-07,7,1,1HGCP36848A0,17,37,32,2008,4,1,4,0,1,L,1,1621,5,0,1,1,1,40,1,0,0,995,0,0,0,83843,1,2,2,4,2,1,2,1,1,1,0,2,0,0,1,8,2,2,2,0,11,2,15,9,1,1,4,K,82,0,0,0,0,0,0,0,0,0,0,240,0,0,0,0,1,1,12,-10,6,23653,998,-137,14,0,1,0,0,0,0,0,995,404.026947427941,12,2
6874,22,40,1-22-2017-040-07,7,2,1HGCM56807A1,17,37,32,2007,4,1,3,0,1,F,1,1440,5,0,1,1,1,56,1,0,0,995,0,0,0,59701,1,2,2,5,5,2,2,1,1,2,3,2,0,0,1,8,0,0,1,0,1,4,67,2,1,1,4,K,83,0,0,0,0,0,0,0,0,0,0,0,240,0,0,0,1,1,13,-11,-6,7751,998,-112,9,0,1,1,1,0,6,0,995,404.026947427941,12,2
6883,16,34,1-16-2017-034-04,4,1,2GKALSEK6D64,17,23,402,2013,14,3,14,0,1,F,1,1748,5,0,1,1,1,105,1,0,0,995,0,0,0,45011,9,9,0,2,3,3,2,1,1,1,3,2,1,3,1,8,0,0,9,0,1,6,87,99,1,1,1,C,13,0,0,0,0,0,0,0,0,0,0,998,998,0,0,0,1,10,999,999,999,9999999,999,999,14,2,0,0,0,0,0,0,998,1494.08520176857,5,2
6876,21,18,1-21-2017-018-03,3,1,JT2SK12E0P01,17,49,40,1993,4,1,2,0,1,F,1,1365,5,0,1,1,1,64,1,0,0,995,0,0,0,92324,1,9,2,1,3,3,2,1,1,1,1,0,0,0,1,1,1,2,2,0,11,2,15,1,1,1,4,J,68,0,0,0,0,0,0,0,0,0,0,150,0,0,0,0,1,1,12,-12,-4,11760,998,-71,13,0,1,1,1,0,0,0,995,884.412612130975,11,2
6876,21,18,1-21-2017-018-03,3,2,1C6RR7KT1DS5,17,7,482,2013,34,5,31,0,1,F,1,2352,5,0,1,1,1,64,1,0,0,995,0,0,0,90631,1,9,2,4,5,2,2,1,1,1,1,1,0,0,1,1,1,2,1,0,1,4,62,1,1,1,4,J,69,0,0,0,0,0,0,0,0,0,0,998,998,0,1,1,3,1,12,-12,0,15419,998,73,12,0,4,1,3,0,6,0,998,884.412612130975,11,2
6876,21,18,1-21-2017-018-03,3,3,3FAFP3133YR2,17,12,37,2000,3,1,2,0,1,L,1,1160,5,0,1,1,1,64,1,0,0,995,0,0,0,92881,2,9,2,4,3,1,2,1,1,1,0,1,0,0,1,1,1,2,1,0,5,4,66,1,1,1,6,M,98,0,0,0,0,0,0,0,0,0,0,290,330,0,0,0,2,1,6,0,6,6045,998,147,7,0,1,0,0,0,0,0,995,884.412612130975,11,2
6877,20,38,1-20-2017-038-08,8,1,1GCEC19W11Z1,17,20,481,2001,34,5,31,0,1,F,2,1980,5,9999,9,1,1,105,1,0,1,86,2,9,1,93930,9,1,1,3,1,1,2,1,2,1,1,1,0,0,2,8,0,0,9,1,14,2,12,99,9,4,1,B,6,0,0,0,0,0,0,0,0,0,0,998,998,0,0,0,2,11,999,999,999,9999999,999,999,999,7,0,3,14,1,3,0,998,222.084990157857,11,2
6878,20,39,1-20-2017-039-06,6,1,1HGCD563XSA0,17,37,32,1995,4,1,3,0,1,L,1,1305,5,0,1,1,1,999,1,0,1,0,2,1,1,93905,9,1,2,4,2,1,2,1,1,1,0,2,0,0,1,1,2,2,3,0,11,2,15,1,1,1,4,K,82,0,0,0,0,0,0,0,0,0,0,120,220,0,0,0,1,4,19,-6,18,24542,998,-50,19,0,4,4,21,1,3,0,995,521.704452169489,11,2
6879,30,41,1-30-2017-041-03,3,1,5GADV23L75D1,17,18,441,2005,20,4,20,0,1,F,2,1991,5,0,1,1,1,64,1,0,0,995,0,0,0,85053,1,1,2,1,7,5,2,1,1,1,1,2,0,0,1,1,1,2,9,0,11,2,15,1,1,1,4,J,68,0,0,0,0,0,0,0,0,0,0,220,90,0,0,0,1,3,32,-25,-21,146787,998,-158,30,0,4,0,0,0,0,0,995,505.667818826119,10,2
6879,30,41,1-30-2017-041-03,3,2,2T3JFREV4HW5,17,49,402,2017,14,3,14,0,1,F,3,1619,5,9999,9,0,1,64,1,0,0,995,0,0,0,85032,9,9,2,4,7,2,2,1,1,1,1,3,0,0,1,1,1,2,9,0,1,4,62,99,9,1,4,J,69,0,0,0,0,0,0,0,0,0,0,90,220,0,0,0,1,3,40,-39,7,134231,998,36,44,0,4,99,99,0,99,0,995,505.667818826119,10,2
6878,20,39,1-20-2017-039-06,6,2,1ZVBP8EN0A51,17,12,3,2010,1,1,3,0,1,F,1,1814,5,0,2,1,1,56,1,0,1,0,2,7,1,93905,9,1,2,5,5,2,2,1,1,1,3,2,0,0,1,1,0,0,1,1,1,4,67,3,1,2,4,K,83,0,0,0,0,0,0,0,0,0,0,220,120,0,0,0,1,4,15,-15,-3,15928,998,-38,14,0,4,2,5,0,3,0,995,521.704452169489,11,2
6869,10,22,1-10-2017-022-07,7,1,1GNFK230X9R2,17,20,421,2009,15,3,15,0,1,F,3,2388,5,0,1,1,1,40,1,8,0,995,0,7,0,99999,9,9,0,4,2,1,2,2,1,2,0,0,0,0,3,2,0,0,9,1,1,2,13,99,1,4,1,C,11,0,0,0,0,0,0,0,0,0,0,180,180,0,0,0,1,1,42,-42,0,155192,998,51,39,0,1,99,99,0,99,0,995,2737.61734606746,4,2
6887,15,21,1-15-2017-021-05,5,1,KMHDU4AD7AU8,17,55,35,2010,4,1,3,0,1,F,9,1246,5,0,2,4,1,56,1,8,1,324,2,0,0,11563,1,2,0,5,5,1,2,1,3,4,1,3,0,0,1,1,0,0,1,1,14,2,11,11,1,4,1,C,11,0,0,0,0,0,0,0,0,0,0,140,140,0,0,0,2,12,999,999,999,9999999,999,999,999,9,0,1,1,0,4,0,995,103.820220354151,1,2
6888,18,21,1-18-2017-021-09,9,1,1J4FF48S91L5,17,2,404,2001,14,3,14,0,1,R,1,1522,5,0,1,1,1,89,1,0,0,995,0,0,0,54728,1,2,0,4,2,1,2,1,1,1,1,4,0,0,1,8,0,0,1,1,1,1,8,1,1,4,1,A,2,0,0,0,0,0,0,0,0,0,0,998,998,0,1,0,1,8,999,999,999,9999999,999,999,999,6,0,1,1,0,2,0,998,1731.35796359501,6,2
6885,26,23,1-26-2017-023-03,3,1,KNDMB2332962,17,63,441,2009,20,4,20,99,1,L,9,2107,5,9999,9,0,0,56,1,9,0,995,0,9,0,99999,9,9,0,4,4,1,2,1,1,1,0,3,0,0,3,1,0,0,9,1,11,2,10,99,1,2,4,J,72,0,0,0,0,0,0,0,0,0,0,999,999,0,0,0,0,0,999,999,999,9999999,999,999,999,9,0,95,95,95,95,0,995,1592.59780310843,10,2
6885,26,23,1-26-2017-023-03,3,2,1GNSKBE03DR2,17,20,421,2013,15,3,15,0,1,F,9,2480,5,9999,9,0,1,56,1,0,0,995,0,0,0,95838,1,1,0,4,4,2,2,1,1,1,3,2,0,0,3,1,0,0,9,0,1,4,61,99,1,1,4,J,73,0,0,0,0,0,0,0,0,0,0,999,999,0,0,0,0,0,999,999,999,9999999,999,999,999,9,0,9,97,0,99,0,995,1592.59780310843,10,2
6890,31,18,1-31-2017-018-04,4,1,3GNAL4EK0ES6,17,20,405,2014,14,3,14,0,1,F,1,1732,8,0,1,3,1,32,1,0,0,995,0,0,0,62844,1,2,2,4,2,1,2,1,1,1,1,0,0,0,2,1,2,2,9,0,1,2,17,1,1,1,5,L,86,0,0,0,0,0,0,0,0,0,0,270,0,0,0,0,1,5,999,999,999,9999999,999,999,999,2,0,0,0,0,0,0,995,2463.15349404059,6,2
6890,31,18,1-31-2017-018-04,4,2,3HSDHSJR6EN7,17,84,881,2014,66,8,68,0,1,R,9,,,,,,1,56,1,0,0,995,0,0,0,68623,9,9,2,4,2,1,2,1,1,1,0,4,0,0,2,1,2,2,9,0,1,4,66,1,1,1,5,L,87,,,,,,,,,,,,,,,,,,,,,,,,,,,95,95,95,95,,,2463.15349404059,6,2
6865,29,17,1-29-2017-017-02,2,2,JM3KE4BY6G06,17,41,403,2016,14,3,14,0,1,F,2,1553,5,0,1,1,1,105,1,0,0,995,0,0,0,02725,1,2,0,2,3,1,2,1,1,1,1,3,2,3,2,8,0,0,9,0,1,3,52,1,1,1,2,D,28,0,0,0,0,0,0,0,0,0,0,0,0,0,1,0,1,5,999,999,999,9999999,999,999,32,3,0,2,5,0,3,0,995,81.4304760526014,2,2
6881,13,35,1-13-2017-035-05,5,2,999999999999,99,99,884,9999,66,8,68,0,1,B,9,,,,,,0,113,1,8,0,995,0,7,0,99999,9,9,0,2,4,1,2,1,1,1,1,3,0,0,3,8,0,0,9,0,1,3,53,1,1,1,2,D,25,,,,,,,,,,,,,,,,,,,,,,,,,,,95,95,95,95,,,208.584731118145,7,2
6894,23,36,1-23-2017-036-09,9,1,999999999999,99,7,24,2007,4,1,5,0,1,R,9,9999,9,9999,9,0,1,105,1,0,0,995,0,0,0,44035,9,9,0,2,3,3,2,2,1,1,3,2,1,1,1,2,0,0,9,1,1,1,6,99,9,4,1,B,7,0,0,0,0,0,0,0,0,0,0,998,998,0,0,0,0,0,999,999,999,9999999,999,999,999,9,0,9,97,0,99,0,998,3971.829325204,5,2