CASEID,PSU,CASENO,CASENUMBER,CATEGORY,VEHNO,VIN,VINLENGTH,MAKE,MODEL,MODELYR,BODYTYPE,BODYCAT,VEHCLASS,SPECUSE,TRANSTAT,DAMPLANE,DAMSEV,CURBWT,CURBSRC,CARGOWT,CARGOSRC,INSPTYPE,TOWSTAT,SPEEDLIMIT,DRPRESENT,PARALCOHOL,ALCTEST,ALCTESTRESULT,ALCTESTSRC,PARDRUG,DRUGTEST,ZIP,RACE,ETHNICITY,RELTOJUNCT,TRAFFLOW,RDLANES,INITLANE,SURFTYPE,SURFCOND,ALIGNMENT,PROFILE,LINERIGHT,LINELEFT,RUMBINIT,RUMBROAD,LIGHTCOND,WEATHER,TRAFDEV,TRAFFUNCT,DISTRACT,PREFHE,PREMOVE,CRITCAT,CRITEVENT,MANEUVER,PRESTAB,PRELOC,CRASHCAT,CRASHCONF,CRASHTYPE,ROLLTYPE,ROLLTURN,ROLLINTRPT,ROLLPREMAN,ROLLINITYP,ROLLINLOC,ROLLOBJ,ROLLTRIP,ROLLDIR,ROLLDIST,DVANGTHIS,DVANGOTH,TOWHITCH,TRAJDOC,TREEPOLE,DVEVENT,DVBASIS,DVTOTAL,DVLONG,DVLAT,DVENERGY,DVSPEED,DVMOMENT,DVBES,DVEST,DVCONF,VAIS,VISS,VINJURED,VTREAT,INITOBJCLASS,HEADANGLECAT,CASEWGT,PSUSTRAT,VERSION
6938,24,42,1-24-2017-042-06,6,1,1N4AL24E18C2,17,35,47,2008,2,1,3,0,1,F,1,1386,5,0,1,1,1,40,1,0,0,995,0,0,0,08234,2,2,0,4,2,1,2,1,1,1,0,0,0,0,2,1,0,0,3,1,1,2,12,99,1,4,1,C,11,0,0,0,0,0,0,0,0,0,0,240,60,0,0,0,1,3,15,-14,3,13506,998,-9,15,0,4,0,0,0,5,0,995,668.211328127467,1,2
6935,23,39,1-23-2017-039-03,3,2,2T2BZMCA9GC0,17,59,403,2016,14,3,14,0,1,R,1,1989,8,0,1,1,1,89,1,0,0,995,0,0,0,43050,1,2,2,4,2,1,2,1,1,2,0,0,0,0,1,1,2,2,1,0,1,2,17,10,1,1,5,L,87,0,0,0,0,0,0,0,0,0,0,90,5,0,0,0,1,1,22,-4,-21,3065,998,-81,6,0,1,0,0,0,0,0,995,237.92598052621,5,2
6948,12,21,1-12-2017-021-03,3,1,1HD1KBM1XGB6,17,72,706,2016,80,9,80,0,1,F,9,,,,,,1,72,1,0,0,995,0,0,0,73463,9,9,0,4,2,1,2,1,1,1,1,2,1,0,1,1,0,0,9,1,1,3,50,7,1,2,6,M,98,,,,,,,,,,,,,,,,,,,,,,,,,,,95,95,95,95,,,1881.9311135103,9,2
6944,24,43,1-24-2017-043-03,3,2,2GTEC13T1511,17,23,481,2005,34,5,31,0,1,F,1,2262,5,136,8,2,0,80,1,0,0,995,0,0,0,08311,9,9,2,1,2,1,2,1,1,1,1,2,0,0,1,1,0,0,9,0,5,3,53,1,1,1,2,D,21,0,0,0,0,0,0,0,0,0,0,340,340,1,0,0,3,5,999,999,999,9999999,999,999,999,6,0,95,95,95,95,0,995,344.526835652634,1,2
6948,12,21,1-12-2017-021-03,3,2,1FADP3F26EL3,17,12,37,2014,4,1,3,0,1,L,9,1340,5,0,1,1,1,72,1,0,0,995,0,0,0,73438,1,2,0,4,2,1,2,1,1,1,1,2,1,0,1,1,0,0,1,0,11,2,15,1,1,2,6,M,98,0,0,0,0,0,0,0,0,0,0,300,340,0,0,0,1,5,999,999,999,9999999,999,999,9,0,0,0,0,0,5,0,995,1881.9311135103,9,2
6944,24,43,1-24-2017-043-03,3,3,1FMZU73E25UB,17,12,401,2005,14,3,14,0,1,B,9,1984,5,9999,9,4,0,80,1,0,0,995,0,0,0,08244,9,9,2,1,2,1,2,1,1,1,1,2,0,0,1,1,0,0,9,0,5,3,53,99,1,1,6,M,98,0,0,0,0,0,0,0,0,0,0,340,340,0,0,0,3,5,999,999,999,9999999,999,999,16,0,0,95,95,95,95,0,995,344.526835652634,1,2
6943,11,20,1-11-2017-020-01,1,1,1FTRW08L91KE,17,12,481,2001,34,5,31,0,1,R,9,2265,5,9999,9,4,1,97,1,8,9,998,8,7,9,23937,9,9,0,1,2,2,2,1,1,1,3,2,0,0,1,1,0,0,9,1,1,2,12,99,1,4,1,B,6,1,1,2,6,1,4,61,1,1,999,997,997,0,0,0,3,6,999,999,999,9999999,999,999,999,9,0,9,97,0,1,3,997,142.987646644288,8,2
6946,19,50,1-19-2017-050-03,3,1,KNADM4A34G66,17,63,32,2016,4,1,2,0,1,F,2,1131,5,0,1,1,1,56,1,0,0,995,0,0,0,35904,1,9,0,4,2,1,2,1,3,2,1,2,0,0,2,1,0,0,9,1,14,2,10,99,1,2,3,G,50,0,0,0,0,0,0,0,0,0,0,110,295,0,0,0,1,1,30,-30,5,22901,998,-10,23,0,1,1,1,0,4,0,995,292.080491700682,9,2
6946,19,50,1-19-2017-050-03,3,2,1ZVHT80N8851,17,12,3,2008,2,1,3,0,1,F,1,1516,5,0,1,1,1,56,1,0,0,995,0,0,0,35907,1,9,0,4,2,1,2,1,2,4,1,2,0,0,2,1,0,0,1,0,14,2,16,99,1,1,3,G,51,0,0,0,0,0,0,0,0,0,0,295,110,0,0,0,1,1,22,-22,4,52471,998,68,27,0,1,1,1,0,4,0,995,292.080491700682,9,2
6947,19,51,1-19-2017-051-10,10,1,1GNEC13T0YJ1,17,20,421,2000,15,3,15,0,1,F,1,2190,8,0,1,1,1,56,1,0,0,995,0,0,0,35901,2,2,0,4,6,3,2,1,1,1,3,2,0,0,1,1,0,0,1,0,1,6,87,1,1,1,1,C,13,0,0,0,0,0,0,0,0,0,0,998,998,0,0,0,1,10,999,999,999,9999999,999,999,999,1,0,0,0,0,0,0,998,11555.350714141,9,2
6952,29,19,1-29-2017-019-09,9,1,1N4AL11DX3C2,17,35,47,2003,4,1,4,0,1,F,2,1447,5,0,1,1,1,48,1,8,9,998,8,7,9,02747,1,2,2,3,1,1,2,1,1,1,0,0,0,0,3,1,0,0,3,1,1,2,11,1,1,4,1,A,1,0,0,0,0,0,0,0,0,0,0,998,998,0,1,1,1,1,37,-34,0,67822,998,16,34,0,4,1,1,0,6,0,998,1897.18891735628,2,2
6953,31,20,1-31-2017-020-03,3,1,1C6RR6FPXDS6,17,7,482,2013,34,5,31,0,1,R,1,2235,5,0,1,1,1,0,1,0,0,995,0,0,0,62827,1,2,2,4,2,1,2,1,1,1,0,0,0,0,1,1,2,2,1,0,11,2,15,1,1,1,4,K,76,0,0,0,0,0,0,0,0,0,0,90,10,0,0,0,1,1,14,-2,-14,61299,998,-350,12,0,4,2,5,0,4,0,995,1250.62463447385,6,2
6953,31,20,1-31-2017-020-03,3,2,1C4RJFBG5FC8,17,2,422,2015,15,3,15,0,1,F,1,2211,5,0,1,1,1,0,1,0,0,995,0,0,0,62869,9,9,2,4,2,1,2,1,1,1,0,0,0,0,1,1,0,0,9,0,1,4,65,99,1,1,4,K,77,0,0,0,0,0,0,0,0,0,0,10,90,0,0,0,1,1,14,-14,5,51046,998,74,22,0,4,9,97,0,99,0,995,1250.62463447385,6,2
6954,17,26,1-17-2017-026-02,2,1,3GNAL3EK8ES6,17,20,405,2014,14,3,14,0,1,L,2,1724,8,0,1,1,1,56,1,0,1,0,2,0,1,52806,1,1,2,4,2,1,2,1,1,1,2,1,2,2,1,1,2,2,9,0,1,2,17,99,1,1,5,L,89,0,0,0,0,0,0,0,0,0,0,140,230,0,0,0,1,1,28,-18,22,46435,998,20,25,0,1,3,10,1,3,0,995,245.245415056232,4,2
6954,17,26,1-17-2017-026-02,2,2,3FADP4BJ6EM1,17,12,32,2014,4,1,1,0,1,F,3,1215,5,0,1,1,1,89,1,0,1,0,2,0,1,61275,1,1,2,1,4,2,2,1,1,1,3,2,2,3,1,1,0,0,1,0,1,4,66,99,1,1,5,L,88,0,0,0,0,0,0,0,0,0,0,230,140,0,0,0,1,1,40,-35,-20,123829,998,-84,42,0,1,2,5,0,3,0,995,245.245415056232,4,2
6956,18,23,1-18-2017-023-10,10,1,2MELM75W7VX6,17,14,6,1997,4,1,5,0,1,F,1,1722,5,0,1,4,1,89,1,1,8,997,8,0,0,54703,9,9,0,4,2,1,2,1,2,1,1,2,0,0,2,8,0,0,9,1,14,2,12,1,1,4,1,B,6,0,0,0,0,0,0,0,0,0,0,998,998,0,1,0,1,1,12,-12,0,11443,998,54,12,0,1,0,0,0,0,0,998,20830.7351125155,6,2
6955,21,20,1-21-2017-020-10,10,1,2FTRF17284CA,17,12,481,2004,34,5,31,0,1,9,9,1790,5,0,2,0,1,56,1,1,1,80,1,0,0,92582,1,9,2,1,3,1,2,2,1,1,0,1,0,0,3,8,1,2,9,1,1,2,13,99,1,4,1,A,1,0,0,0,0,0,0,0,0,0,0,998,998,0,0,1,0,0,999,999,999,9999999,999,999,999,9,0,1,1,0,99,0,998,6194.83177347751,11,2
6957,13,39,1-13-2017-039-02,2,1,4V4NC9TK84N3,17,51,881,2004,66,8,68,0,1,F,9,,,,,,1,105,1,0,0,995,0,0,0,50702,9,9,0,2,2,1,2,1,1,2,1,3,2,3,1,1,0,0,9,1,1,3,52,7,1,2,2,D,28,,,,,,,,,,,,,,,,,,,,,,,,,,,95,95,95,95,,,140.15566461981,7,2
6957,13,39,1-13-2017-039-02,2,2,4T1BF1FK2GU1,17,49,40,2016,4,1,4,0,1,B,3,1467,5,9999,9,4,1,105,1,0,0,995,0,0,0,76177,1,9,0,2,2,1,2,1,1,2,1,3,2,3,1,1,0,0,9,0,2,3,53,99,1,1,2,D,29,0,0,0,0,0,0,0,0,0,0,190,190,0,0,0,1,5,999,999,999,9999999,999,999,999,8,0,1,2,0,4,0,995,140.15566461981,7,2
6957,13,39,1-13-2017-039-02,2,3,3C6UR5CL0GG1,17,7,482,2016,34,5,31,0,1,L,9,3005,5,0,1,1,1,105,1,0,0,995,0,0,0,75098,1,9,0,2,2,1,2,1,1,2,1,3,2,3,1,1,0,0,9,0,2,4,60,99,1,1,6,M,98,0,0,0,0,0,0,0,0,0,0,180,190,0,0,0,2,5,999,999,999,9999999,999,999,25,0,0,0,0,0,0,0,995,140.15566461981,7,2
6957,13,39,1-13-2017-039-02,2,4,1FT7W2A62GEB,17,12,481,2016,34,5,31,0,1,F,2,2970,5,700,1,5,1,105,1,0,0,995,0,0,0,76020,1,9,0,2,2,2,2,1,1,1,3,2,1,3,1,1,0,0,9,0,2,3,53,99,1,1,6,M,98,0,0,0,0,0,0,0,0,0,0,220,340,1,0,0,7,5,999,999,999,9999999,999,999,999,7,0,0,0,0,0,0,995,140.15566461981,7,2
6958,13,40,1-13-2017-040-03,3,1,4T1BF1FK0GU2,17,49,40,2016,4,1,4,0,1,F,1,1467,5,0,1,1,1,113,1,0,0,995,0,0,0,76013,1,9,1,2,4,2,1,1,1,1,1,3,0,0,1,1,0,0,9,1,1,2,13,99,1,4,1,A,1,0,0,0,0,0,0,0,0,0,0,998,998,0,0,0,1,1,12,-12,0,7746,998,25,12,0,4,1,2,0,4,0,998,1802.8418267689,7,2
6957,13,39,1-13-2017-039-02,2,5,1FM5K7F89EGC,17,12,401,2014,14,3,14,0,1,B,3,2146,5,0,1,1,1,105,1,0,1,0,2,0,1,76634,1,2,0,2,2,1,2,1,1,2,1,3,2,3,1,1,0,0,9,0,2,4,60,99,1,2,6,M,98,1,1,2,1,4,4,54,4,2,2,180,180,0,0,0,8,5,999,999,999,9999999,999,999,57,5,0,4,24,1,3,3,995,140.15566461981,7,2
6957,13,39,1-13-2017-039-02,2,6,4V4NC9EJ1GN9,17,51,881,2016,66,8,68,0,1,B,9,,,,,,0,105,1,0,0,995,0,0,0,43612,9,9,0,2,2,1,2,1,1,1,1,3,3,1,1,1,0,0,9,0,2,3,53,99,1,1,6,M,98,,,,,,,,,,,,,,,,,,,,,,,,,,,95,95,95,95,,,140.15566461981,7,2
6960,22,46,1-22-2017-046-01,1,1,1FMYU93164KA,17,12,402,2004,14,3,14,0,1,L,2,1443,5,0,1,1,1,89,1,0,1,0,4,0,1,83806,1,2,0,4,2,1,2,98,1,1,1,4,0,0,1,98,0,0,9,1,1,1,5,99,4,4,1,B,7,1,3,1,2,1,4,61,1,1,12,998,998,0,1,2,2,7,999,999,999,9999999,999,999,999,7,0,4,16,1,1,3,998,96.8900178613484,12,2
6964,33,40,1-33-2017-040-10,10,1,3VWSF71K35M6,17,30,40,2005,4,1,1,0,1,F,1,1442,8,0,1,2,0,56,1,0,0,995,0,0,0,95973,9,9,3,4,3,2,2,1,1,1,1,1,0,0,1,8,0,0,9,0,11,2,15,1,1,1,4,K,82,0,0,0,0,0,0,0,0,0,0,100,230,0,0,0,1,12,999,999,999,9999999,999,999,999,1,0,95,95,95,95,0,995,2897.2674603837,12,2
6964,33,40,1-33-2017-040-10,10,2,1HGCG6650YA0,17,37,32,2000,4,1,3,0,1,R,9,1345,9,9999,9,4,1,56,1,0,0,995,0,0,0,95973,2,2,3,5,5,3,2,1,1,1,4,4,0,0,1,8,0,0,9,0,1,4,72,99,1,1,4,K,83,0,0,0,0,0,0,0,0,0,0,230,100,0,0,0,1,12,999,999,999,9999999,999,999,999,9,0,0,0,0,0,0,995,2897.2674603837,12,2
6959,15,23,1-15-2017-023-03,3,1,3VWEF71K27M2,17,30,40,2007,4,1,2,0,1,R,3,1465,5,0,2,0,1,56,1,0,0,995,0,0,0,11050,1,2,2,4,3,2,2,2,1,2,1,2,0,0,1,2,1,2,1,0,11,2,15,9,1,1,4,J,68,0,0,0,0,0,0,0,0,0,0,160,50,0,0,0,1,3,40,-20,-35,160702,998,-64,47,0,4,0,0,0,0,0,995,957.005885610801,1,2
6959,15,23,1-15-2017-023-03,3,2,5J8TB4H39DL0,17,54,402,2013,14,3,14,0,1,F,2,1756,5,0,1,1,1,40,1,0,0,995,0,0,0,11050,9,9,2,4,2,1,2,2,1,4,1,2,0,0,1,2,1,2,9,0,1,4,62,99,9,1,4,J,69,0,0,0,0,0,0,0,0,0,0,50,160,0,0,0,1,3,34,-34,6,53742,998,62,25,0,4,2,5,0,4,0,995,957.005885610801,1,2
6961,22,47,1-22-2017-047-06,6,1,1FAHP3FNXAW2,17,12,37,2010,4,1,2,0,1,F,1,1225,5,0,1,1,1,56,1,0,0,995,0,0,0,99403,1,2,3,5,3,1,2,1,1,1,0,2,0,0,1,8,0,0,3,0,1,3,50,2,1,1,2,D,20,0,0,0,0,0,0,0,0,0,0,260,260,0,0,0,1,1,21,-21,0,29676,998,0,24,0,1,1,1,0,4,0,995,572.63381011277,12,2
6961,22,47,1-22-2017-047-06,6,2,3D4GG57V29T1,17,7,27,2009,6,1,4,0,1,F,1,1814,5,0,1,2,0,56,1,0,0,995,0,0,1,83501,9,9,3,5,3,1,2,1,1,1,0,2,0,0,1,8,0,0,1,0,5,3,53,1,1,1,2,D,21,0,0,0,0,0,0,0,0,0,0,260,260,0,0,0,2,4,18,-18,0,12781,998,7,13,0,2,95,95,95,95,0,995,572.63381011277,12,2
6951,16,37,1-16-2017-037-06,6,1,1G1YY23PXN51,17,20,4,1992,3,1,1,0,1,L,2,1477,5,0,1,1,1,56,1,0,0,995,0,0,0,40515,9,9,0,4,4,2,2,2,1,2,3,2,0,0,1,2,0,0,9,1,1,1,6,99,4,2,3,I,64,0,0,0,0,0,0,0,0,0,0,70,105,0,0,0,1,1,38,29,24,148483,998,45,47,0,4,99,99,0,99,0,995,986.065239615079,5,2
6951,16,37,1-16-2017-037-06,6,2,4T4BE46K89R1,17,49,40,2009,4,1,4,0,1,F,2,1500,5,0,1,1,1,56,1,0,0,995,0,0,0,45211,9,9,0,4,4,2,2,2,1,4,3,4,0,0,1,2,0,0,9,0,1,4,62,99,1,1,3,I,65,0,0,0,0,0,0,0,0,0,0,105,70,0,0,0,1,1,37,-37,0,31594,998,0,23,0,4,99,99,0,99,0,995,986.065239615079,5,2
6961,22,47,1-22-2017-047-06,6,3,3D7KR28C85G7,17,7,482,2005,34,5,31,0,1,B,1,2564,5,0,1,2,0,56,1,0,0,995,0,0,0,83501,9,9,3,5,3,1,2,1,1,1,0,2,0,0,1,8,0,0,1,0,5,3,53,1,1,1,6,M,98,0,0,0,0,0,0,0,0,0,0,260,260,0,0,0,2,4,13,13,0,27943,998,0,16,0,2,95,95,95,95,0,995,572.63381011277,12,2
6963,33,39,1-33-2017-039-09,9,1,JS2GB41W6254,17,53,32,2002,6,1,1,0,1,F,1,1090,5,0,1,1,1,56,1,0,0,995,0,0,0,95948,1,2,2,1,2,2,2,1,1,1,1,2,0,0,1,1,1,2,3,0,4,3,50,1,1,1,2,D,20,0,0,0,0,0,0,0,0,0,0,270,270,0,0,0,1,1,14,-14,0,8847,998,0,14,0,2,1,1,0,0,0,995,981.056162415703,12,2
6965,20,44,1-20-2017-044-05,5,1,1GNFC16J79R2,17,20,422,2009,15,3,15,0,1,F,1,2543,5,0,1,1,1,105,1,0,1,0,2,0,1,93926,7,1,1,3,3,1,2,1,1,2,1,1,0,0,4,8,0,0,3,1,1,2,13,1,1,4,1,A,1,0,0,0,0,0,0,0,0,0,0,998,998,0,0,1,1,1,12,-12,0,16127,998,-66,12,0,4,3,10,1,3,0,998,73.0534052478574,11,2
6963,33,39,1-33-2017-039-09,9,2,1ZVFT80N7752,17,12,3,2007,2,1,3,0,1,B,1,1516,5,0,1,2,0,56,1,0,0,995,0,0,0,95917,9,9,2,1,2,2,2,1,1,1,1,1,0,0,1,1,1,2,1,0,5,3,53,1,1,1,2,D,21,0,0,0,0,0,0,0,0,0,0,270,270,0,0,0,1,1,11,11,0,7709,998,0,11,0,2,95,95,95,95,0,995,981.056162415703,12,2
6970,25,8,1-25-2017-008-04,4,1,1C4BJWDG3EL2,17,2,403,2014,14,3,14,0,1,F,9,1940,5,9999,9,0,0,89,1,0,0,995,0,0,0,02364,9,9,0,4,2,1,2,1,1,1,1,2,3,1,1,8,0,0,9,1,6,2,11,99,9,4,4,J,71,0,0,0,0,0,0,0,0,0,0,270,280,0,0,0,0,0,999,999,999,9999999,999,999,999,9,0,95,95,95,95,0,995,510.052984736122,2,2
6970,25,8,1-25-2017-008-04,4,2,5TDJKRFH7FS2,17,49,403,2015,14,3,14,0,1,R,2,1995,5,0,1,1,1,89,1,0,0,995,0,0,0,43551,9,9,0,4,2,1,2,1,1,1,1,2,3,1,1,8,0,0,1,0,10,4,64,99,1,1,4,J,70,0,0,0,0,0,0,0,0,0,0,280,270,0,1,0,1,8,999,999,999,9999999,999,999,999,7,0,0,0,0,0,0,995,510.052984736122,2,2
6969,30,47,1-30-2017-047-06,6,1,4S6CK58W2W44,17,37,401,1998,14,3,14,0,1,F,1,9999,9,9999,9,2,0,56,1,9,0,995,0,9,0,99999,9,9,2,1,5,5,2,1,1,1,1,0,0,0,1,1,1,2,9,0,1,2,17,99,9,1,5,L,86,0,0,0,0,0,0,0,0,0,0,270,340,0,0,0,1,12,999,999,999,9999999,999,999,999,1,0,95,95,95,95,0,995,2474.20687244211,10,2
6969,30,47,1-30-2017-047-06,6,2,JN8AS58V59W4,17,35,51,2009,6,1,3,0,1,R,9,1564,5,9999,9,0,1,56,1,0,0,995,0,0,0,85353,9,9,2,3,3,1,2,1,1,1,0,1,0,0,1,1,1,2,9,0,1,4,66,99,9,1,5,L,87,0,0,0,0,0,0,0,0,0,0,340,270,0,0,0,0,0,999,999,999,9999999,999,999,999,9,0,99,99,0,0,0,995,2474.20687244211,10,2
6971,20,46,1-20-2017-046-02,2,1,1FAFP55U12G1,17,12,17,2002,4,1,3,0,1,F,3,1593,5,0,1,1,1,89,1,0,1,0,2,1,2,93923,1,9,0,4,2,1,2,1,2,2,1,2,1,0,1,1,0,0,9,1,14,2,10,99,1,2,3,G,50,0,0,0,0,0,0,0,0,0,0,260,90,0,0,0,1,11,999,999,999,9999999,999,999,999,8,0,2,5,0,3,0,995,39.0673380453663,11,2
6971,20,46,1-20-2017-046-02,2,2,1N4AL3APXEC3,17,35,47,2014,4,1,3,0,1,F,2,1451,5,0,2,1,1,89,1,0,1,0,2,0,0,93906,1,2,0,4,2,1,2,1,3,1,1,2,0,0,1,1,0,0,1,0,14,4,62,99,1,1,3,G,51,0,0,0,0,0,0,0,0,0,0,90,260,0,0,0,1,11,999,999,999,9999999,999,999,999,7,0,3,14,1,3,0,995,39.0673380453663,11,2
6971,20,46,1-20-2017-046-02,2,3,JM1GJ1U53G14,17,41,50,2016,4,1,4,0,1,F,1,1444,5,9999,9,4,1,89,1,0,0,995,0,0,0,93905,7,1,0,4,2,1,2,1,3,1,1,2,0,0,1,1,0,0,9,0,14,4,62,99,1,1,6,M,98,0,0,0,0,0,0,0,0,0,0,80,240,0,0,0,2,12,999,999,999,9999999,999,999,999,2,0,0,0,0,4,0,995,39.0673380453663,11,2
6963,33,39,1-33-2017-039-09,9,3,999999999999,99,99,399,9999,4,1,9,0,1,B,9,9999,9,9999,9,0,0,56,1,9,0,995,0,9,0,99999,9,9,2,1,2,2,2,1,1,1,1,2,0,0,1,1,1,2,9,0,5,3,53,1,1,1,6,M,98,0,0,0,0,0,0,0,0,0,0,270,270,0,0,0,2,0,999,999,999,9999999,999,999,999,9,0,95,95,95,95,0,995,981.056162415703,12,2
6972,26,26,1-26-2017-026-03,3,1,1N4AL3APXEC3,17,35,47,2014,4,1,3,0,1,F,1,1451,5,0,1,1,1,56,1,0,9,998,8,7,9,95610,9,9,0,5,3,1,2,1,1,1,1,2,0,0,1,1,0,0,3,0,1,3,50,4,1,1,2,D,20,0,0,0,0,0,0,0,0,0,0,355,350,0,0,0,1,1,14,-14,2,14022,998,-6,15,0,3,9,0,0,99,0,995,255.552079877946,10,2
6972,26,26,1-26-2017-026-03,3,2,3VW5T7AUXGM0,17,30,42,2016,5,1,2,0,1,B,1,1378,5,0,1,1,1,56,1,0,9,998,8,0,0,95678,1,2,0,5,3,1,2,1,1,1,1,2,0,0,1,1,0,0,9,0,5,3,53,1,1,1,2,D,21,0,0,0,0,0,0,0,0,0,0,350,355,0,0,0,1,1,14,14,-3,8962,998,-6,13,0,3,1,1,0,0,0,995,255.552079877946,10,2
6972,26,26,1-26-2017-026-03,3,3,JF1GPAU66F83,17,48,38,2015,5,1,3,0,1,B,1,1365,5,0,2,5,1,56,1,0,0,995,0,0,0,95662,1,9,0,5,3,1,2,1,1,1,1,2,0,0,1,1,0,0,9,0,5,3,53,1,1,1,6,M,98,0,0,0,0,0,0,0,0,0,0,350,350,0,0,0,2,5,999,999,999,9999999,999,999,999,6,0,1,1,0,6,0,995,255.552079877946,10,2
6949,10,24,1-10-2017-024-08,8,1,2G1WT58KX691,17,20,2,2006,4,1,4,0,1,R,3,1630,5,0,1,5,1,64,1,0,1,0,2,0,0,45406,2,9,0,1,2,1,2,1,2,1,0,3,0,0,3,1,0,0,1,1,6,1,6,1,1,4,1,B,8,0,0,0,0,0,0,0,0,0,0,998,998,0,1,1,3,98,999,999,999,9999999,999,999,999,8,0,1,1,0,4,0,998,337.451892737631,4,2
6942,28,21,1-28-2017-021-08,8,1,1M1AN07Y39N0,17,86,881,2009,66,8,67,0,1,F,9,,,,,,0,56,1,0,0,995,0,0,0,17771,9,9,2,4,2,1,2,1,1,1,1,2,0,0,1,1,0,0,3,0,1,3,50,4,2,1,2,D,20,,,,,,,,,,,,,,,,,,,,,,,,,,,95,95,95,95,,,152.573753630017,3,2
6942,28,21,1-28-2017-021-08,8,2,1G6KF57963U2,17,19,3,2003,4,1,5,0,1,B,9,1804,5,0,1,1,1,56,1,0,0,995,0,0,0,16933,1,2,2,4,2,1,2,1,1,1,1,2,0,0,1,1,0,0,1,0,5,3,53,1,1,1,2,D,22,0,0,0,0,0,0,0,0,0,0,280,285,0,0,0,1,5,999,999,999,9999999,999,999,24,0,0,1,3,0,4,0,995,152.573753630017,3,2
6975,24,44,1-24-2017-044-07,7,1,KNAGE1232851,17,63,34,2008,4,1,3,0,1,F,1,1425,5,0,1,1,1,40,1,0,0,995,0,0,0,08330,1,2,0,4,2,1,2,1,1,1,0,2,0,0,1,1,0,0,3,1,1,3,50,1,1,4,1,C,11,0,0,0,0,0,0,0,0,0,0,330,340,0,0,0,1,1,14,-14,-2,11252,998,7,14,0,4,0,0,0,0,0,995,2072.29893804224,1,2
6976,24,45,1-24-2017-045-09,9,1,1J4FF48S1YL1,17,2,404,2000,14,3,14,0,1,R,3,1524,5,0,1,1,1,64,1,0,0,995,0,0,0,08037,1,2,2,4,2,1,2,1,1,1,0,0,0,0,1,1,2,2,1,0,3,2,17,1,1,1,5,L,87,0,0,0,0,0,0,0,0,0,0,40,310,0,0,0,1,4,65,-32,-56,72077,998,68,31,0,4,1,1,0,4,0,995,3290.50134234406,1,2
6976,24,45,1-24-2017-045-09,9,2,1FTRX18W0XKA,17,12,481,1999,34,5,31,0,1,F,3,2093,5,0,1,1,1,64,1,0,0,995,0,0,0,08037,1,1,2,4,2,1,2,1,1,4,1,4,0,0,1,1,0,0,1,0,1,4,66,1,1,1,5,L,86,0,0,0,0,0,0,0,0,0,0,310,40,0,0,0,1,4,47,-41,24,509701,998,127,65,0,2,1,1,0,0,0,995,3290.50134234406,1,2
6980,32,43,1-32-2017-043-03,3,1,5N1AT2MTXGC8,17,35,51,2016,6,1,3,0,1,F,1,1550,8,0,1,1,1,0,1,0,0,995,0,0,0,76119,2,9,3,4,2,1,1,1,1,2,0,0,0,0,1,1,0,0,9,0,1,2,17,7,1,1,5,L,88,0,0,0,0,0,0,0,0,0,0,998,998,0,0,2,2,10,999,999,999,9999999,999,999,23,2,0,1,1,0,4,0,998,889.054015567854,7,2
6980,32,43,1-32-2017-043-03,3,2,1N4AL3AP2FC2,17,35,47,2015,4,1,4,0,1,L,9,1416,5,9999,9,0,0,56,1,0,0,995,0,0,0,75104,9,9,3,1,3,1,1,1,1,1,0,3,0,0,1,1,5,2,9,0,1,4,71,1,1,1,5,L,89,0,0,0,0,0,0,0,0,0,0,90,185,0,0,0,0,0,999,999,999,9999999,999,999,999,9,0,95,95,95,95,0,995,889.054015567854,7,2
6977,23,40,1-23-2017-040-07,7,1,2A8HR54P28R1,17,6,441,2008,20,4,20,0,1,F,9,2044,5,0,1,1,1,89,1,0,0,995,0,0,0,43315,1,2,0,4,2,1,2,1,1,4,1,4,0,0,2,1,0,0,2,0,1,6,88,1,1,1,1,C,13,0,0,0,0,0,0,0,0,0,0,998,998,0,0,0,1,10,999,999,999,9999999,999,999,13,0,0,0,0,0,0,0,998,999.328804861542,5,2
6978,23,41,1-23-2017-041-03,3,1,4V4NC9EJ0GN9,17,51,890,2016,66,8,68,0,1,B,9,,,,,,0,113,1,0,0,995,0,0,0,16504,9,9,0,1,3,1,2,1,1,1,1,3,2,3,3,1,0,0,9,0,2,4,61,1,1,3,2,D,25,,,,,,,,,,,,,,,,,,,,,,,,,,,95,95,95,95,,,263.119593647134,5,2
6978,23,41,1-23-2017-041-03,3,2,3FADP4GXXGM1,17,12,32,2016,5,1,1,0,1,F,2,1169,5,0,1,1,1,113,1,1,1,112,1,1,0,44230,9,9,0,1,3,2,2,1,1,1,9,9,0,3,3,1,0,0,3,1,15,3,51,99,1,2,2,D,24,0,0,0,0,0,0,0,0,0,0,50,50,0,0,0,1,5,999,999,999,9999999,999,999,999,3,0,9,97,0,0,0,995,263.119593647134,5,2