CASEID,PSU,CASENO,CASENUMBER,CATEGORY,VEHNO,VIN,VINLENGTH,MAKE,MODEL,MODELYR,BODYTYPE,BODYCAT,VEHCLASS,SPECUSE,TRANSTAT,DAMPLANE,DAMSEV,CURBWT,CURBSRC,CARGOWT,CARGOSRC,INSPTYPE,TOWSTAT,SPEEDLIMIT,DRPRESENT,PARALCOHOL,ALCTEST,ALCTESTRESULT,ALCTESTSRC,PARDRUG,DRUGTEST,ZIP,RACE,ETHNICITY,RELTOJUNCT,TRAFFLOW,RDLANES,INITLANE,SURFTYPE,SURFCOND,ALIGNMENT,PROFILE,LINERIGHT,LINELEFT,RUMBINIT,RUMBROAD,LIGHTCOND,WEATHER,TRAFDEV,TRAFFUNCT,DISTRACT,PREFHE,PREMOVE,CRITCAT,CRITEVENT,MANEUVER,PRESTAB,PRELOC,CRASHCAT,CRASHCONF,CRASHTYPE,ROLLTYPE,ROLLTURN,ROLLINTRPT,ROLLPREMAN,ROLLINITYP,ROLLINLOC,ROLLOBJ,ROLLTRIP,ROLLDIR,ROLLDIST,DVANGTHIS,DVANGOTH,TOWHITCH,TRAJDOC,TREEPOLE,DVEVENT,DVBASIS,DVTOTAL,DVLONG,DVLAT,DVENERGY,DVSPEED,DVMOMENT,DVBES,DVEST,DVCONF,VAIS,VISS,VINJURED,VTREAT,INITOBJCLASS,HEADANGLECAT,CASEWGT,PSUSTRAT,VERSION
7026,33,44,1-33-2017-044-09,9,2,WAUEA88D1TA0,17,32,43,1996,4,1,2,0,1,F,1,1465,5,0,1,1,1,40,1,0,0,995,0,0,0,95966,5,2,2,4,2,1,2,1,1,1,0,0,0,0,1,1,0,0,1,0,1,2,17,1,1,1,5,L,86,0,0,0,0,0,0,0,0,0,0,125,215,0,0,0,1,1,13,-12,5,16135,998,50,15,0,4,1,1,0,6,0,995,279.152324704275,12,2
7015,14,24,1-14-2017-024-02,2,1,1FTYR10D87PA,17,12,471,2007,34,5,30,0,1,F,1,1392,5,90,1,1,1,97,1,0,0,995,0,0,0,78109,1,2,2,3,4,3,2,2,1,1,3,1,0,0,1,8,1,2,1,0,1,4,66,5,1,1,5,L,86,0,0,0,0,0,0,0,0,0,0,350,70,0,0,0,1,1,23,-22,8,40365,998,9,25,0,1,2,5,0,4,0,995,621.761062254105,8,2
7015,14,24,1-14-2017-024-02,2,2,VNKKTUD30EA0,17,49,51,2014,5,1,1,0,1,R,2,1020,5,9999,9,1,1,97,1,0,0,995,0,0,0,78028,1,2,2,4,4,1,2,2,1,1,1,1,0,0,1,8,1,2,1,0,1,2,17,1,1,1,5,L,87,0,0,0,0,0,0,0,0,0,0,70,350,0,0,0,1,1,33,-6,-32,55309,998,53,31,0,1,3,27,2,3,0,995,621.761062254105,8,2
7025,33,43,1-33-2017-043-06,6,1,1C3CDZEG1CN2,17,7,26,2012,4,1,3,0,1,L,1,1539,5,0,1,1,1,72,1,0,0,995,0,0,0,95965,3,2,0,1,1,1,2,1,1,1,1,2,0,0,1,1,0,0,2,1,12,2,21,1,1,6,6,M,98,0,0,0,0,0,0,0,0,0,0,120,175,0,0,0,1,1,18,6,17,19203,998,46,17,0,3,1,2,0,4,0,995,85.6687303540783,12,2
7022,21,22,1-21-2017-022-09,9,1,2G1FP22K7221,17,20,9,2002,2,1,2,0,1,F,1,1508,5,0,2,1,1,56,1,0,0,995,0,0,0,92243,1,2,3,4,2,1,2,1,1,1,0,4,0,0,2,1,0,0,1,0,1,4,71,2,1,1,4,K,81,0,0,0,0,0,0,0,0,0,0,270,30,0,1,0,1,1,22,-19,11,13951,998,63,14,0,4,1,1,0,6,0,995,1461.58871260446,11,2
7022,21,22,1-21-2017-022-09,9,2,1G2WP52KXWF2,17,22,20,1998,4,1,4,0,1,F,1,1575,5,0,1,2,0,56,1,0,0,995,0,0,0,92504,9,9,3,4,2,1,2,1,1,1,0,0,0,0,2,1,0,0,9,0,1,2,17,99,1,1,4,K,80,0,0,0,0,0,0,0,0,0,0,30,270,0,1,0,1,1,21,-18,-11,62956,998,-98,26,0,4,95,95,95,95,0,995,1461.58871260446,11,2
7009,10,25,1-10-2017-025-04,4,1,2T1BU4EE6DC0,17,49,32,2013,4,1,2,0,1,F,1,1260,5,0,1,3,1,56,1,0,0,995,0,0,0,45409,9,9,0,5,3,1,2,1,1,1,0,2,0,0,1,1,0,0,9,0,1,3,52,2,1,1,2,D,28,0,0,0,0,0,0,0,0,0,0,80,80,0,0,0,1,12,999,999,999,9999999,999,999,999,2,0,0,0,0,0,0,995,561.989680468064,4,2
7030,18,25,1-18-2017-025-04,4,1,2T3RFREVXFW2,17,49,402,2015,14,3,14,0,1,L,1,1615,5,0,1,3,1,72,1,0,0,995,0,0,0,54703,3,2,2,1,2,2,1,1,1,1,3,1,0,0,1,1,1,2,1,0,1,4,62,1,1,1,4,J,69,0,0,0,0,0,0,0,0,0,0,105,230,0,0,0,1,1,10,-9,5,6631,998,-73,9,0,4,0,0,0,0,0,995,1508.13322942618,6,2
7030,18,25,1-18-2017-025-04,4,2,2CNDL23F6561,17,20,404,2005,14,3,14,0,1,F,1,1660,5,0,1,2,0,72,1,0,0,995,0,0,0,54703,9,9,2,1,3,3,1,1,1,1,1,2,0,0,1,1,1,2,9,0,11,2,15,99,1,1,4,J,68,0,0,0,0,0,0,0,0,0,0,230,105,0,0,0,1,1,9,-9,-3,11521,998,-116,10,0,4,95,95,95,95,0,995,1508.13322942618,6,2
7025,33,43,1-33-2017-043-06,6,2,1HGCE6673TA0,17,37,32,1996,4,1,3,0,1,F,1,1365,5,0,1,1,1,72,1,0,0,995,0,0,0,95965,3,2,0,1,1,1,2,1,1,1,1,2,0,0,1,1,0,0,1,0,1,4,64,3,1,1,6,M,98,0,0,0,0,0,0,0,0,0,0,175,120,0,1,0,1,1,18,-17,-6,26829,998,-63,19,0,3,1,2,0,4,0,995,85.6687303540783,12,2
7009,10,25,1-10-2017-025-04,4,2,1FMZU73E22ZB,17,12,473,2002,34,5,30,0,1,B,9,1970,5,9999,9,0,0,56,1,0,0,995,0,0,0,45459,9,9,0,5,3,1,2,1,1,1,0,2,0,0,1,1,0,0,9,0,2,3,53,1,1,1,2,D,29,0,0,0,0,0,0,0,0,0,0,80,80,0,0,0,0,0,999,999,999,9999999,999,999,999,9,0,95,95,95,95,0,995,561.989680468064,4,2
7028,22,50,1-22-2017-050-01,1,1,1J4GZ78S1PC5,17,2,404,1993,14,3,14,0,1,T,3,1640,5,0,1,1,1,56,1,9,8,997,8,7,3,99403,1,2,0,4,2,1,2,1,2,2,1,2,0,0,1,1,0,0,9,1,14,2,13,99,9,4,1,A,1,2,98,8,8,98,8,32,8,8,998,997,997,0,1,0,2,6,999,999,999,9999999,999,999,999,8,0,2,12,0,1,8,997,109.842315200002,12,2
7024,13,44,1-13-2017-044-02,2,1,5N1AT2MT7GC8,17,35,51,2016,6,1,3,0,1,L,2,1550,5,0,1,1,1,64,1,0,0,995,0,0,0,76039,1,2,2,1,4,3,1,1,3,4,3,1,0,0,1,1,0,0,1,0,14,2,17,1,1,1,5,L,89,0,0,0,0,0,0,0,0,0,0,160,250,0,0,0,1,8,999,999,999,9999999,999,999,999,7,0,9,97,0,8,0,995,119.243803088265,7,2
7024,13,44,1-13-2017-044-02,2,2,1G1YE2DW3B51,17,20,4,2011,2,1,3,0,1,F,9,1455,5,9999,9,0,0,64,1,0,0,995,0,0,0,38760,9,9,2,4,2,1,1,1,1,1,0,0,0,0,1,1,0,0,9,0,1,2,17,99,1,1,5,L,88,0,0,0,0,0,0,0,0,0,0,250,160,0,0,0,1,0,999,999,999,9999999,999,999,999,9,0,95,95,95,95,0,995,119.243803088265,7,2
7031,20,49,1-20-2017-049-08,8,1,1G2WK52J32F1,17,22,20,2002,4,1,4,0,1,F,9,1531,5,0,1,1,1,105,1,0,1,0,2,0,1,93926,9,1,2,2,2,2,1,1,1,9,3,2,0,0,2,1,0,0,3,0,1,4,66,99,9,1,4,K,84,0,0,0,0,0,0,0,0,0,0,310,220,0,0,0,1,5,999,999,999,9999999,999,999,11,0,0,5,38,1,1,0,995,129.571147791702,11,2
7023,13,43,1-13-2017-043-06,6,1,1C3CC4FB2AN2,17,6,43,2010,4,1,3,0,1,R,1,1502,5,0,1,1,1,72,1,0,0,995,0,0,0,76116,1,2,2,1,4,4,2,1,1,2,1,2,0,0,1,8,0,0,9,0,11,2,15,99,1,1,4,J,68,0,0,0,0,0,0,0,0,0,0,220,130,0,0,0,1,1,14,-9,-11,23716,998,-84,17,0,4,1,1,0,4,0,995,2974.90819095951,7,2
7033,22,49,1-22-2017-049-01,1,1,4T1BK1FK7CU5,17,49,40,2012,4,1,3,0,1,L,9,1523,5,0,1,1,1,40,1,0,0,995,0,0,0,99403,1,2,2,4,2,1,2,1,1,1,1,2,0,0,1,1,2,2,9,0,11,2,15,1,1,1,4,K,82,0,0,0,0,0,0,0,0,0,0,250,350,0,1,0,1,5,999,999,999,9999999,999,999,16,0,0,5,33,2,1,0,995,109.842315203977,12,2
7023,13,43,1-13-2017-043-06,6,2,3CZRE385X9G7,17,37,402,2009,14,3,14,0,1,F,1,1604,5,0,1,1,1,72,1,0,0,995,0,0,0,76123,2,9,2,1,4,1,2,1,1,4,1,3,0,0,1,8,0,0,9,0,1,4,62,99,1,1,4,J,69,0,0,0,0,0,0,0,0,0,0,130,220,0,0,0,1,1,13,-10,9,18073,998,149,11,0,4,0,0,0,0,0,995,2974.90819095951,7,2
7031,20,49,1-20-2017-049-08,8,2,979018,6,99,884,1979,66,8,68,0,1,B,9,,,,,,0,89,1,0,0,995,0,0,0,95116,9,9,2,4,2,1,2,1,1,1,0,2,0,0,2,1,2,2,9,0,5,4,66,1,1,1,4,K,84,,,,,,,,,,,,,,,,,,,,,,,,,,,95,95,95,95,,,129.571147791702,11,2
7020,19,54,1-19-2017-054-01,1,1,1G4HP52K1341,17,18,2,2003,4,1,4,0,1,L,3,1618,5,9999,9,1,1,72,1,0,0,995,0,0,0,35904,1,9,1,1,2,1,2,1,1,1,0,0,0,0,1,1,0,0,9,1,1,2,17,99,1,4,5,L,89,0,0,0,0,0,0,0,0,0,0,120,215,0,0,0,1,1,52,-9,51,145661,998,-22,47,0,4,1,1,0,1,0,995,334.48698003331,9,2
7020,19,54,1-19-2017-054-01,1,2,1N4AA5APXAC8,17,35,39,2010,4,1,4,0,1,F,3,1630,5,0,1,1,1,72,1,0,0,995,0,0,0,35961,2,2,1,1,2,2,2,1,1,1,3,2,0,0,1,1,0,0,9,0,1,3,55,99,1,2,5,L,88,0,0,0,0,0,0,0,0,0,0,215,120,0,0,0,1,1,49,-48,-8,202018,998,-33,53,0,1,1,2,0,3,0,995,334.48698003331,9,2
7034,11,22,1-11-2017-022-06,6,1,1D4GP25B46B5,17,7,442,2006,20,4,20,0,1,F,9,1779,5,9999,9,0,0,72,1,8,9,998,8,7,9,23803,9,9,2,1,3,2,2,1,3,1,1,2,0,0,1,1,0,0,9,1,10,2,10,99,9,2,4,K,80,0,0,0,0,0,0,0,0,0,0,295,145,0,0,0,0,0,999,999,999,9999999,999,999,999,9,0,95,95,95,95,0,995,6809.55000197747,8,2
7034,11,22,1-11-2017-022-06,6,2,1N6AA0EC4BN3,17,35,481,2011,34,5,31,0,1,L,9,2521,5,9999,9,0,0,72,1,8,9,998,8,7,9,23838,9,9,2,4,3,2,2,1,1,1,1,2,0,0,1,1,2,2,9,0,5,4,62,1,1,1,4,K,81,0,0,0,0,0,0,0,0,0,0,145,295,0,0,0,0,0,999,999,999,9999999,999,999,999,9,0,95,95,95,95,0,995,6809.55000197747,8,2
7034,11,22,1-11-2017-022-06,6,3,1N4AA51E89C8,17,35,39,2009,4,1,4,0,1,B,9,1630,5,9999,9,4,1,72,1,8,9,998,8,7,9,23838,9,9,2,4,3,2,2,1,1,1,1,2,0,0,1,1,2,2,9,0,5,3,54,1,1,1,6,M,98,0,0,0,0,0,0,0,0,0,0,145,145,0,0,0,3,12,999,999,999,9999999,999,999,999,9,0,9,97,0,8,0,995,6809.55000197747,8,2
7034,11,22,1-11-2017-022-06,6,4,1FTRF12235NB,17,12,481,2005,34,5,31,0,1,F,9,9999,9,9999,9,0,0,72,1,8,9,998,8,7,9,23832,9,9,2,4,3,2,2,1,1,1,1,2,0,0,1,1,2,2,9,0,5,3,51,1,1,1,6,M,98,0,0,0,0,0,0,0,0,0,0,145,145,0,0,0,0,0,999,999,999,9999999,999,999,999,9,0,95,95,95,95,0,995,6809.55000197747,8,2
7008,28,23,1-28-2017-023-09,9,1,2G1WF52E5492,17,20,2,2004,4,1,4,0,1,U,1,1572,5,0,1,1,1,72,1,0,0,995,0,0,0,16933,1,2,3,5,3,1,2,1,1,1,1,2,0,0,1,1,0,0,1,1,1,1,9,2,2,4,1,A,2,1,4,2,2,1,4,61,1,2,999,996,996,0,0,0,1,7,999,999,999,9999999,999,999,999,6,0,2,6,0,3,3,996,724.060670302168,3,2
7019,26,27,1-26-2017-027-09,9,1,3N1CB51D06L4,17,35,43,2006,4,1,1,99,1,F,1,1170,5,0,1,1,1,72,1,0,0,995,0,0,0,95823,2,2,0,1,3,2,2,1,1,2,3,3,0,0,1,1,0,0,3,0,1,3,52,1,1,1,2,D,28,0,0,0,0,0,0,0,0,0,0,80,80,0,0,0,1,3,14,-14,0,8236,998,-18,13,0,1,1,1,0,6,0,995,5728.4612418493,10,2
7037,15,26,1-15-2017-026-02,2,1,JTEHF21A8301,17,49,403,2003,14,3,14,0,1,R,1,1760,5,0,1,1,1,48,1,0,0,995,0,0,0,11553,1,1,2,4,4,2,2,2,1,1,2,1,0,0,1,2,1,2,1,0,11,2,15,7,1,1,4,J,68,0,0,0,0,0,0,0,0,0,0,30,300,0,0,0,1,1,12,6,-10,20858,998,-72,15,0,1,0,0,0,0,0,995,75.7912097287481,1,2
7036,19,56,1-19-2017-056-02,2,1,2NKHHN6X99M2,17,85,881,2009,62,8,60,0,1,F,9,,,,,,1,113,1,9,8,997,8,7,3,36091,9,9,0,1,2,2,2,2,1,1,2,3,3,3,1,2,0,0,9,0,1,3,50,2,2,1,2,D,20,,,,,,,,,,,,,,,,,,,,,,,,,,,95,95,95,95,,,112.147872022903,9,2
7036,19,56,1-19-2017-056-02,2,2,WA1M2AFP3HA0,17,32,402,2017,14,3,14,0,1,F,9,1975,5,9999,9,0,1,113,1,0,0,995,0,0,1,77573,3,2,0,1,2,2,2,2,1,1,2,3,3,3,1,2,0,0,9,0,5,3,52,1,1,1,2,D,21,0,0,0,0,0,0,0,0,0,0,30,30,0,1,0,0,0,999,999,999,9999999,999,999,999,9,0,3,17,3,3,0,995,112.147872022903,9,2
7035,30,50,1-30-2017-050-03,3,1,1GCGG25V0612,17,20,461,2006,21,4,21,0,1,L,1,2188,5,9999,9,0,0,40,1,0,0,995,0,0,0,85032,9,9,2,4,2,1,2,1,1,1,0,0,0,0,1,1,2,2,9,0,1,2,17,99,9,1,5,L,89,0,0,0,0,0,0,0,0,0,0,90,180,0,0,0,1,3,22,-14,17,114404,998,-91,32,0,4,95,95,95,95,0,995,836.824995976196,10,2
7036,19,56,1-19-2017-056-02,2,3,1HGCR2F70DA0,17,37,32,2013,4,1,4,0,1,F,1,1521,5,0,1,1,1,113,1,0,0,995,0,0,0,43140,3,2,0,1,2,2,2,2,1,2,3,2,3,1,1,2,0,0,1,0,5,3,53,1,1,1,6,M,98,0,0,0,0,0,0,0,0,0,0,30,30,0,1,0,3,1,19,-19,0,17119,998,38,17,0,4,0,0,0,0,0,995,112.147872022903,9,2
7035,30,50,1-30-2017-050-03,3,2,1N4AL3APXFC2,17,35,47,2015,4,1,3,0,1,F,2,1416,5,0,1,1,1,40,1,0,0,995,0,0,0,85022,1,1,2,4,2,1,2,1,1,1,0,0,0,0,1,1,0,0,1,0,1,4,66,2,1,1,5,L,88,0,0,0,0,0,0,0,0,0,0,180,90,0,0,0,1,3,34,-26,-22,51485,998,-124,23,0,4,1,1,0,0,0,995,836.824995976196,10,2
7036,19,56,1-19-2017-056-02,2,4,5FNRL38745B1,17,37,441,2005,20,4,20,0,1,F,9,2033,5,0,2,0,1,113,1,0,0,995,0,0,0,33187,1,2,0,1,2,2,2,2,1,1,3,2,3,3,1,2,0,0,1,0,5,3,52,1,1,1,6,M,98,0,0,0,0,0,0,0,0,0,0,30,30,0,1,0,0,0,999,999,999,9999999,999,999,999,9,0,0,0,0,0,0,995,112.147872022903,9,2
7036,19,56,1-19-2017-056-02,2,5,1GCGSDE31G13,17,20,473,2016,34,5,30,0,1,B,9,1833,5,0,2,0,1,113,1,0,0,995,0,0,0,37355,1,2,0,1,2,2,2,2,1,1,3,2,3,3,1,2,0,0,1,0,5,3,53,1,1,1,6,M,98,0,0,0,0,0,0,0,0,0,0,30,30,0,1,0,0,0,999,999,999,9999999,999,999,999,9,0,0,0,0,0,0,995,112.147872022903,9,2
7036,19,56,1-19-2017-056-02,2,6,1GC1KVE84FF1,17,20,481,2015,34,5,31,0,1,9,9,2918,5,91,2,0,1,113,1,0,0,995,0,0,0,70360,1,2,0,1,2,2,2,2,1,1,3,2,3,3,1,2,0,0,1,0,5,3,53,1,1,1,6,M,98,0,0,0,0,0,0,0,0,0,0,30,30,1,1,0,0,0,999,999,999,9999999,999,999,999,9,0,1,3,0,4,0,995,112.147872022903,9,2
7019,26,27,1-26-2017-027-09,9,2,1HGEJ1234RL0,17,37,31,1994,2,1,2,0,1,B,1,1010,5,9999,9,0,0,72,1,0,0,995,0,0,0,95828,9,9,0,1,3,2,2,1,1,2,3,3,0,0,1,1,0,0,9,0,2,2,18,1,1,1,2,D,29,0,0,0,0,0,0,0,0,0,0,80,80,0,0,0,1,3,16,16,0,14568,998,-50,17,0,4,95,95,95,95,0,995,5728.4612418493,10,2
7037,15,26,1-15-2017-026-02,2,2,2C4RDGEGXHR7,17,7,442,2017,20,4,20,0,1,F,1,2050,5,0,1,1,1,48,1,0,0,995,0,0,0,11782,9,9,2,4,4,1,2,2,1,1,1,3,0,0,1,2,1,2,9,0,1,4,66,99,9,1,4,J,69,0,0,0,0,0,0,0,0,0,0,300,30,0,0,0,1,1,10,-9,-5,13678,998,-200,8,0,1,1,1,0,4,0,995,75.7912097287481,1,2
7038,20,51,1-20-2017-051-08,8,1,1D4GP25313B2,17,7,442,2003,20,4,20,0,1,L,9,1832,5,0,2,0,1,89,1,0,1,0,2,0,1,95076,7,1,2,4,2,1,2,1,1,1,0,2,0,0,1,1,2,2,2,0,11,2,15,99,1,1,4,K,82,0,0,0,0,0,0,0,0,0,0,310,80,0,1,0,0,0,999,999,999,9999999,999,999,999,9,0,2,9,0,3,0,995,129.571147791702,11,2
7038,20,51,1-20-2017-051-08,8,2,1ZVFT80N0651,17,12,3,2006,2,1,3,0,1,F,9,1516,5,9999,9,5,1,89,1,0,0,995,0,0,0,95076,9,1,2,4,2,1,2,1,1,1,0,2,0,0,1,1,6,2,9,0,1,4,67,99,1,1,4,K,83,0,0,0,0,0,0,0,0,0,0,80,310,0,0,0,1,12,999,999,999,9999999,999,999,999,9,0,0,0,0,0,0,995,129.571147791702,11,2
7040,31,22,1-31-2017-022-06,6,1,1G1PK5SC6C73,17,20,25,2012,4,1,3,0,1,F,1,1407,5,0,2,1,1,89,1,1,1,13,1,0,0,61951,1,2,0,4,2,1,2,1,1,1,1,2,0,0,2,1,0,0,1,0,1,6,87,1,1,1,1,C,13,0,0,0,0,0,0,0,0,0,0,998,998,0,0,0,1,10,999,999,999,9999999,999,999,13,2,0,1,1,0,5,0,998,689.618854363657,6,2
7033,22,49,1-22-2017-049-01,1,2,2FZHAZCVX5AN,17,98,809,2005,63,8,60,0,1,F,9,,,,,,0,56,1,0,0,995,0,0,0,99403,9,9,2,4,3,2,2,1,1,1,1,2,0,0,1,1,0,0,9,0,1,4,67,1,1,1,4,K,83,,,,,,,,,,,,,,,,,,,,,,,,,,,95,95,95,95,,,109.842315203977,12,2
7042,11,23,1-11-2017-023-05,5,1,1FTYR10D88PA,17,12,471,2008,34,5,30,0,1,T,2,1392,5,0,2,4,1,72,1,8,9,998,8,7,9,23838,1,2,0,4,2,1,2,1,3,1,1,2,0,0,1,1,0,0,9,1,14,2,13,7,1,4,1,A,1,1,6,1,5,3,1,31,6,2,999,997,997,0,1,0,3,6,999,999,999,9999999,999,999,999,7,0,9,97,0,8,2,997,397.081117319632,8,2
7045,23,44,1-23-2017-044-10,10,1,1G1JC1245X71,17,20,16,1999,2,1,2,0,1,F,9,1172,5,0,1,3,1,56,1,0,0,995,0,0,0,43003,1,2,0,4,4,1,2,1,1,1,1,1,0,0,1,1,0,0,9,0,1,3,50,8,1,1,2,D,20,0,0,0,0,0,0,0,0,0,0,280,280,0,0,0,1,12,999,999,999,9999999,999,999,999,9,0,0,0,0,0,0,995,2318.01550247619,5,2
7045,23,44,1-23-2017-044-10,10,2,JHLRD1858VC0,17,37,402,1997,14,3,14,0,1,B,9,1397,5,0,1,2,0,56,1,0,0,995,0,0,0,43064,9,9,0,4,4,1,2,1,1,1,1,1,0,0,1,1,0,0,1,0,5,3,53,1,1,1,2,D,21,0,0,0,0,0,0,0,0,0,0,280,280,0,0,0,1,12,999,999,999,9999999,999,999,999,9,0,95,95,95,95,0,995,2318.01550247619,5,2
7047,23,46,1-23-2017-046-04,4,1,1HGCR2F76DA0,17,37,32,2013,4,1,4,0,1,B,1,1521,5,0,1,1,1,113,1,0,0,995,0,0,0,43220,1,2,0,1,3,2,2,1,1,1,9,9,0,3,1,1,0,0,1,0,2,3,53,1,1,1,2,D,29,0,0,0,0,0,0,0,0,0,0,35,35,0,0,0,1,3,15,15,0,13348,998,0,15,0,1,0,0,0,0,0,995,495.769320104764,5,2
7047,23,46,1-23-2017-046-04,4,2,1GCHG35UX711,17,20,461,2007,21,4,21,0,1,F,1,2690,5,9999,9,0,1,113,1,0,0,995,0,0,0,43227,9,9,0,2,3,2,2,1,1,1,3,3,0,3,1,1,0,0,9,1,1,3,52,2,1,2,2,D,28,0,0,0,0,0,0,0,0,0,0,35,35,0,0,0,1,3,8,-8,0,6990,998,0,8,0,4,0,0,0,0,0,995,495.769320104764,5,2
7054,32,49,1-32-2017-049-03,3,1,1GKEC13T41J1,17,23,421,2001,15,3,15,0,1,R,2,2303,5,9999,9,0,1,64,1,0,0,995,0,0,0,75232,1,1,2,1,4,4,1,1,1,1,3,0,0,0,3,1,1,2,9,0,11,2,15,1,1,1,4,J,68,0,0,0,0,0,0,0,0,0,0,250,110,0,0,0,1,3,28,-27,-10,152033,998,105,34,0,4,0,0,0,0,0,995,841.136761414762,7,2
7054,32,49,1-32-2017-049-03,3,2,3N1AB7AP6EY3,17,35,43,2014,4,1,3,0,1,F,3,1293,5,0,1,1,1,64,1,0,0,995,0,0,0,76022,9,9,2,1,3,3,1,1,1,1,3,0,0,0,3,1,1,2,9,0,1,4,62,99,1,1,4,J,69,0,0,0,0,0,0,0,0,0,0,110,250,0,0,0,1,3,46,-43,16,94041,998,63,37,0,4,99,99,0,0,0,995,841.136761414762,7,2
7050,24,50,1-24-2017-050-06,6,1,2HGFG12608H5,17,37,31,2008,2,1,3,0,1,F,9,1226,5,0,2,0,1,64,1,0,0,995,0,0,0,08330,2,2,0,4,4,2,2,2,2,1,3,2,1,1,1,8,0,0,1,0,2,3,50,2,2,1,2,D,20,0,0,0,0,0,0,0,0,0,0,120,120,0,0,0,0,0,999,999,999,9999999,999,999,999,9,0,0,0,0,6,0,995,421.06000444303,1,2
7050,24,50,1-24-2017-050-06,6,2,2T2HK31U88C0,17,59,403,2008,14,3,14,0,1,B,1,1855,5,0,1,1,1,64,1,0,0,995,0,0,0,08037,1,2,0,4,4,2,2,2,2,1,3,2,1,1,1,8,0,0,1,0,5,3,52,1,1,1,2,D,21,0,0,0,0,0,0,0,0,0,0,120,120,0,0,0,1,3,8,8,0,6810,998,10,9,0,4,1,1,0,6,0,995,421.06000444303,1,2
7050,24,50,1-24-2017-050-06,6,3,JALC4W169A70,17,38,882,2010,61,8,60,0,1,B,9,,,,,,0,64,1,0,0,995,0,0,0,19460,9,9,0,4,4,2,2,2,2,1,3,2,3,1,1,8,0,0,9,0,5,3,53,1,1,1,6,M,98,,,,,,,,,,,,,,,,,,,,,,,,,,,95,95,95,95,,,421.06000444303,1,2
7053,32,48,1-32-2017-048-03,3,1,KNAGE1231852,17,63,34,2008,4,1,3,0,1,F,2,1425,8,0,1,4,0,48,1,0,0,995,0,0,0,76137,9,9,2,3,5,3,2,1,1,1,3,3,0,0,1,8,1,2,3,1,11,2,15,99,1,2,4,J,72,0,0,0,0,0,0,0,0,0,0,80,90,0,0,0,1,8,999,999,999,9999999,999,999,999,7,0,95,95,95,95,0,995,841.136761414762,7,2
7053,32,48,1-32-2017-048-03,3,2,4T1BF1FK4DU7,17,49,40,2013,4,1,3,0,1,R,2,1441,5,0,1,1,1,48,1,0,0,995,0,0,0,10473,9,9,2,3,5,4,2,1,1,1,3,3,0,0,1,8,1,2,9,0,1,4,61,99,1,1,4,J,73,0,0,0,0,0,0,0,0,0,0,90,80,0,0,0,1,8,999,999,999,9999999,999,999,999,7,0,1,3,0,4,0,995,841.136761414762,7,2
7055,14,25,1-14-2017-025-10,10,1,JTHBD1927400,17,59,35,2004,4,1,3,0,1,F,2,1490,5,9999,9,1,1,56,1,0,0,995,0,0,0,78228,1,9,0,4,2,1,2,2,1,1,1,2,0,0,1,8,0,0,9,1,1,2,10,99,9,3,3,I,64,0,0,0,0,0,0,0,0,0,0,998,998,0,0,0,2,8,999,999,999,9999999,999,999,999,7,0,0,0,0,0,0,998,20830.7351125155,8,2
7055,14,25,1-14-2017-025-10,10,2,1FTFX1CF1DFC,17,12,481,2013,34,5,31,0,1,L,9,2350,5,0,1,2,0,56,1,0,0,995,0,0,0,76039,9,9,0,4,2,1,2,2,1,1,1,2,0,0,1,8,0,0,1,0,98,4,62,98,1,4,3,I,65,0,0,0,0,0,0,0,0,0,0,260,60,1,0,0,1,5,999,999,999,9999999,999,999,999,9,0,95,95,95,95,0,995,20830.7351125155,8,2
7056,12,25,1-12-2017-025-03,3,1,1D7HU18208S5,17,7,482,2008,34,5,31,0,1,F,9,2257,5,0,4,0,1,72,1,0,0,995,0,0,0,73443,9,9,2,1,3,2,2,1,1,4,1,1,0,0,1,1,1,2,9,0,1,3,50,1,1,1,2,D,20,0,0,0,0,0,0,0,0,0,0,95,100,0,0,0,1,0,999,999,999,9999999,999,999,999,9,0,0,0,0,0,0,995,7140.91132777394,9,2
7056,12,25,1-12-2017-025-03,3,2,KNADM4A36D62,17,63,32,2013,4,1,2,0,1,F,2,1126,5,0,1,1,1,72,1,0,0,995,0,0,0,73463,5,2,2,1,3,2,2,1,1,4,1,1,0,0,1,1,1,2,1,0,5,3,53,1,1,1,2,D,21,0,0,0,0,0,0,0,0,0,0,110,95,0,0,0,2,9,999,999,999,9999999,999,999,999,7,0,1,1,0,4,0,995,7140.91132777394,9,2