CASEID,PSU,CASENO,CASENUMBER,CATEGORY,VEHNO,VIN,VINLENGTH,MAKE,MODEL,MODELYR,BODYTYPE,BODYCAT,VEHCLASS,SPECUSE,TRANSTAT,DAMPLANE,DAMSEV,CURBWT,CURBSRC,CARGOWT,CARGOSRC,INSPTYPE,TOWSTAT,SPEEDLIMIT,DRPRESENT,PARALCOHOL,ALCTEST,ALCTESTRESULT,ALCTESTSRC,PARDRUG,DRUGTEST,ZIP,RACE,ETHNICITY,RELTOJUNCT,TRAFFLOW,RDLANES,INITLANE,SURFTYPE,SURFCOND,ALIGNMENT,PROFILE,LINERIGHT,LINELEFT,RUMBINIT,RUMBROAD,LIGHTCOND,WEATHER,TRAFDEV,TRAFFUNCT,DISTRACT,PREFHE,PREMOVE,CRITCAT,CRITEVENT,MANEUVER,PRESTAB,PRELOC,CRASHCAT,CRASHCONF,CRASHTYPE,ROLLTYPE,ROLLTURN,ROLLINTRPT,ROLLPREMAN,ROLLINITYP,ROLLINLOC,ROLLOBJ,ROLLTRIP,ROLLDIR,ROLLDIST,DVANGTHIS,DVANGOTH,TOWHITCH,TRAJDOC,TREEPOLE,DVEVENT,DVBASIS,DVTOTAL,DVLONG,DVLAT,DVENERGY,DVSPEED,DVMOMENT,DVBES,DVEST,DVCONF,VAIS,VISS,VINJURED,VTREAT,INITOBJCLASS,HEADANGLECAT,CASEWGT,PSUSTRAT,VERSION
7137,33,50,1-33-2017-050-06,6,2,5NPEB4AC2CH4,17,55,33,2012,4,1,4,0,1,L,2,1454,5,0,1,1,1,56,1,0,0,995,0,0,0,95993,1,9,2,4,2,1,2,1,1,2,0,2,0,0,1,1,0,0,9,0,1,4,66,99,1,1,5,L,90,0,0,0,0,0,0,0,0,0,0,0,70,0,0,0,1,12,999,999,999,9999999,999,999,999,3,0,1,1,0,3,0,995,202.722371698373,12,2
7133,20,57,1-20-2017-057-03,3,2,WUAW2AFC4EN9,17,32,58,2014,5,1,5,0,1,F,1,1995,5,0,1,1,1,40,1,0,0,995,0,0,0,93940,1,2,2,4,3,2,2,1,1,1,1,2,0,0,1,1,1,2,1,0,1,4,66,1,1,1,5,L,88,0,0,0,0,0,0,0,0,0,0,0,270,0,0,0,1,3,14,-12,-7,13103,998,-61,12,0,4,0,0,0,0,0,995,82.9371756834646,11,2
7138,12,26,1-12-2017-026-10,10,1,1GTFG25R1X10,17,23,461,1999,21,4,21,0,1,T,1,2214,5,9999,9,4,1,113,1,0,0,995,0,0,0,75254,7,1,0,2,2,2,2,1,1,1,1,3,3,2,4,1,0,0,1,1,1,2,12,4,2,4,1,B,6,1,3,2,2,1,4,61,1,2,6,997,997,0,0,0,2,6,999,999,999,9999999,999,999,999,6,0,0,0,0,0,3,997,3396.44710962869,9,2
7139,12,27,1-12-2017-027-01,1,1,2GCEC19V8313,17,20,481,2003,34,5,31,0,1,T,3,1980,5,300,1,1,1,113,1,0,1,0,3,0,0,73002,1,9,0,1,2,1,2,1,1,1,1,3,2,3,2,1,0,0,9,1,1,6,87,4,3,4,1,A,3,1,10,2,2,1,4,68,1,1,999,997,997,0,0,0,2,6,999,999,999,9999999,999,999,999,8,0,3,19,1,1,3,997,473.930148358357,9,2
7140,15,30,1-15-2017-030-03,3,1,3VWDP7AJ9DM3,17,30,40,2013,4,1,3,0,1,L,2,1398,5,0,2,4,1,64,1,0,0,995,0,0,0,11714,1,2,2,4,2,1,2,1,1,1,0,0,0,0,1,1,0,0,1,0,1,2,17,1,1,1,5,L,89,0,0,0,0,0,0,0,0,0,0,250,340,0,0,0,1,3,32,-1,31,126908,998,142,33,0,4,0,0,0,0,0,995,619.526066727221,1,2
7140,15,30,1-15-2017-030-03,3,2,1G1AK52F9576,17,20,22,2005,4,1,2,0,1,F,2,1301,5,0,1,1,1,64,1,0,0,995,0,0,0,11714,1,1,2,4,4,2,2,1,1,1,3,2,0,0,1,1,0,0,1,0,1,4,66,2,1,1,5,L,88,0,0,0,0,0,0,0,0,0,0,340,250,0,0,0,1,3,32,-32,-1,54703,998,59,29,0,4,0,0,0,0,0,995,619.526066727221,1,2
7141,20,59,1-20-2017-059-03,3,1,1FM5K8AR3HGB,17,12,401,2017,14,3,14,5,1,F,3,2173,5,9999,9,1,1,40,1,0,1,0,2,0,0,93926,9,1,3,4,2,1,2,1,1,1,0,2,0,0,1,1,0,0,1,0,1,3,50,4,2,1,2,D,20,0,0,0,0,0,0,0,0,0,0,150,140,0,0,0,1,5,999,999,999,9999999,999,999,999,4,0,1,1,0,4,0,995,82.9371756834646,11,2
7141,20,59,1-20-2017-059-03,3,2,1G2ZF57B0841,17,22,22,2008,4,1,4,0,1,B,9,1507,5,9999,9,1,1,40,1,0,0,995,0,0,0,93925,7,1,3,4,2,1,2,1,1,1,0,2,0,0,1,1,0,0,9,0,5,3,53,99,1,1,2,D,22,0,0,0,0,0,0,0,0,0,0,140,150,0,0,0,1,5,999,999,999,9999999,999,999,55,0,0,2,6,0,3,0,995,82.9371756834646,11,2
7097,28,26,1-28-2017-026-02,2,1,3VW2K7AJ0FM3,17,30,40,2015,4,1,3,0,1,F,9,1272,5,0,1,1,1,64,1,0,1,0,2,0,1,16930,1,2,0,4,2,1,2,1,1,1,1,2,0,0,1,1,0,0,3,1,1,2,10,1,1,2,3,G,50,0,0,0,0,0,0,0,0,0,0,220,60,0,0,0,1,5,999,999,999,9999999,999,999,11,0,0,2,9,0,3,0,995,81.1371710278704,3,2
7097,28,26,1-28-2017-026-02,2,2,2J4FY49S8NJ5,17,2,403,1992,14,3,14,0,1,F,9,1335,5,0,1,1,1,64,1,0,0,995,0,0,0,17765,1,2,0,4,2,1,2,1,1,1,1,2,0,0,1,1,0,0,1,0,1,3,54,4,1,1,3,G,51,0,0,0,0,0,0,0,0,0,0,60,220,0,0,0,1,5,999,999,999,9999999,999,999,34,0,0,3,14,2,3,0,995,81.1371710278704,3,2
6821,32,34,1-32-2017-034-03,3,4,999999999999,99,99,999,9999,99,10,99,99,1,9,9,,,,,,0,72,1,8,0,995,0,7,0,99999,9,9,2,1,4,1,1,1,1,1,1,1,0,0,1,1,1,2,9,0,1,4,60,99,9,9,2,F,45,,,,,,,,,,,,,,,,,,,,,,,,,,,95,95,95,95,,,1687.85652753375,7,2
7148,23,51,1-23-2017-051-06,6,1,KMHTC6AD9CU0,17,55,42,2012,3,1,3,0,1,R,1,1236,5,0,1,1,1,89,1,1,1,138,1,0,0,43026,1,2,0,4,2,1,2,1,3,1,9,9,0,0,1,1,0,0,1,1,14,1,6,7,9,4,1,A,2,0,0,0,0,0,0,0,0,0,0,998,998,0,0,4,1,8,999,999,999,9999999,999,999,999,6,0,1,1,0,0,0,998,406.752495311836,5,2
7149,23,52,1-23-2017-052-03,3,1,1G1PF5S99B71,17,20,25,2011,4,1,3,0,1,L,1,1407,5,0,1,1,1,89,1,0,0,995,0,0,0,43321,9,9,2,4,2,1,2,1,1,4,1,2,0,0,1,8,0,0,9,0,1,4,66,99,1,1,5,L,89,0,0,0,0,0,0,0,0,0,0,190,260,0,0,0,1,1,23,-4,23,17003,998,-34,17,0,1,0,0,0,0,0,995,209.719806006596,5,2
7149,23,52,1-23-2017-052-03,3,2,3FA6P0K99FR2,17,12,23,2015,4,1,4,0,1,F,1,1783,5,0,1,1,1,89,1,0,0,995,0,0,0,43011,9,9,2,4,2,1,2,1,1,1,1,2,0,0,1,8,2,2,9,0,1,2,17,99,1,1,5,L,88,0,0,0,0,0,0,0,0,0,0,260,190,0,0,0,1,1,18,-16,-9,43811,998,-59,23,0,2,9,97,0,99,0,995,209.719806006596,5,2
7150,23,53,1-23-2017-053-03,3,1,55SWF4KB3FU0,17,42,42,2015,4,1,4,0,1,B,1,1625,5,0,1,1,1,72,1,0,0,995,0,0,0,43026,1,2,0,4,2,1,2,1,1,1,1,2,0,0,1,1,0,0,1,0,5,3,53,1,1,1,2,D,21,0,0,0,0,0,0,0,0,0,0,355,355,0,0,0,1,1,13,13,0,6750,998,0,10,0,1,0,0,0,0,0,995,209.719806006596,5,2
7150,23,53,1-23-2017-053-03,3,2,1G1JB5SH4D42,17,20,28,2013,4,1,1,0,1,F,1,1237,5,0,1,1,1,72,1,0,0,995,0,0,0,43035,1,2,0,4,2,1,2,1,1,1,1,2,0,0,1,1,0,0,3,0,1,3,50,1,1,1,2,D,20,0,0,0,0,0,0,0,0,0,0,355,355,0,0,0,1,1,17,-17,0,16872,998,0,19,0,1,1,1,0,0,0,995,209.719806006596,5,2
7152,24,57,1-24-2017-057-02,2,1,1HGCP264X8A0,17,37,32,2008,4,1,4,0,1,F,1,1468,5,0,1,1,1,80,1,1,1,170,1,0,0,08205,9,9,2,4,4,2,2,2,1,2,3,2,0,0,2,2,0,0,9,0,1,3,52,99,1,1,2,D,28,0,0,0,0,0,0,0,0,0,0,140,140,0,0,0,1,1,22,-22,0,41033,998,0,26,0,1,0,0,0,0,0,995,71.0568449065563,1,2
7152,24,57,1-24-2017-057-02,2,2,WBA3B5G59ENS,17,34,34,2014,4,1,4,0,1,B,1,1565,5,0,1,1,1,80,1,0,0,995,0,0,0,08330,1,2,1,4,4,2,2,2,1,2,3,2,0,0,2,2,0,0,1,0,2,3,53,2,1,1,2,D,29,0,0,0,0,0,0,0,0,0,0,140,140,0,0,0,1,1,18,18,0,9492,998,0,11,0,1,1,1,0,4,0,995,71.0568449065563,1,2
7151,24,56,1-24-2017-056-09,9,1,4JGAB75E02A3,17,42,401,2002,14,3,14,0,1,F,3,2210,5,0,1,1,1,72,1,0,0,995,0,0,0,08234,1,2,2,4,2,1,2,1,2,1,1,2,0,0,1,1,0,0,3,1,14,2,13,3,1,4,1,A,1,0,0,0,0,0,0,0,0,0,0,998,998,0,0,7,1,10,999,999,999,9999999,999,999,47,4,0,1,1,0,0,0,998,4169.89128263628,1,2
7158,32,56,1-32-2017-056-10,10,1,1FAFP4045XF1,17,12,3,1999,2,1,2,0,1,F,2,1381,5,0,1,1,1,56,1,0,0,995,0,0,0,75041,1,1,2,4,2,1,1,1,1,1,0,0,0,0,2,1,2,2,1,1,11,2,13,1,1,4,1,A,1,0,0,0,0,0,0,0,0,0,0,998,998,0,0,1,1,1,33,-33,0,71437,998,37,33,0,1,1,1,0,0,0,998,11743.7544646105,7,2
7153,24,58,1-24-2017-058-09,9,1,1J4RR4GG3BC7,17,2,404,2011,14,3,14,0,1,F,1,2114,5,9999,9,0,0,56,1,0,0,995,0,0,0,08406,9,9,2,4,2,1,2,1,1,1,0,2,0,0,1,1,0,0,1,0,1,4,66,99,1,1,5,L,86,0,0,0,0,0,0,0,0,0,0,30,110,0,1,0,1,3,12,-8,9,15363,998,177,9,0,4,95,95,95,95,0,995,4169.89128280089,1,2
7153,24,58,1-24-2017-058-09,9,2,JM1BC1419W01,17,41,35,1998,4,1,2,0,1,R,1,1120,5,0,1,1,1,40,1,0,0,995,0,0,0,08244,1,9,2,4,2,1,2,1,1,1,0,0,0,0,1,1,2,2,9,0,1,2,17,99,1,1,5,L,87,0,0,0,0,0,0,0,0,0,0,110,30,0,0,0,1,3,22,-14,-17,35789,998,5,28,0,4,1,3,0,4,0,995,4169.89128280089,1,2
7154,11,26,1-11-2017-026-05,5,1,1FDAF56P84ED,17,12,881,2004,78,8,78,99,1,F,9,,,,,,0,56,1,8,9,998,8,7,9,25327,9,9,2,4,4,1,2,1,1,1,0,1,0,0,1,1,2,2,9,0,1,2,17,99,1,1,5,L,88,,,,,,,,,,,,,,,,,,,,,,,,,,,95,95,95,95,,,562.478114201637,8,2
7154,11,26,1-11-2017-026-05,5,2,1N4AL2AP9CC1,17,35,47,2012,4,1,4,0,1,L,9,1437,5,0,1,1,1,56,1,8,9,998,8,7,9,23112,9,9,2,1,2,1,2,1,3,2,1,0,0,0,1,1,0,0,9,0,14,4,66,99,1,1,5,L,89,0,0,0,0,0,0,0,0,0,0,175,270,0,1,0,1,5,999,999,999,9999999,999,999,22,0,0,9,97,0,8,0,995,562.478114201637,8,2
7162,19,61,1-19-2017-061-05,5,1,2HGFA1F91AH5,17,37,31,2010,4,1,3,0,1,F,2,1199,5,0,1,1,1,56,1,0,1,0,2,0,1,35907,1,2,2,1,2,1,2,1,1,2,0,2,0,0,1,1,1,2,3,1,1,2,12,1,1,4,1,B,6,0,0,0,0,0,0,0,0,0,0,998,998,0,0,0,3,1,37,-35,13,68299,998,38,37,0,1,3,10,1,3,0,998,82.4453252502058,9,2
7163,19,62,1-19-2017-062-03,3,1,1FMCU0F72GUA,17,12,402,2016,14,3,14,0,1,B,1,1635,5,0,1,1,1,72,1,0,0,995,0,0,0,35904,2,2,2,1,4,4,2,1,1,1,1,2,0,0,1,1,1,2,2,1,15,3,53,1,1,2,2,D,25,0,0,0,0,0,0,0,0,0,0,190,180,0,0,0,1,1,17,16,-3,7637,998,-85,9,0,1,1,1,0,3,0,995,624.196842497795,9,2
7167,31,25,1-31-2017-025-03,3,1,3C4PDCBB6DT5,17,7,27,2013,6,1,4,0,1,F,1,1735,5,0,1,1,1,89,1,0,0,995,0,0,0,62941,1,9,0,4,2,1,4,1,1,1,0,0,0,0,2,1,0,0,9,1,1,1,9,99,3,4,1,A,2,0,0,0,0,0,0,0,0,0,0,998,998,0,0,0,3,1,13,-13,0,12448,998,0,13,0,2,1,3,0,6,0,998,471.724144285409,6,2
7163,19,62,1-19-2017-062-03,3,2,1GCCS1944S81,17,20,471,1995,34,5,30,0,1,F,1,1502,5,0,1,1,1,72,1,0,0,995,0,0,0,36250,7,1,2,1,4,3,2,1,1,1,3,1,0,0,1,1,1,2,1,0,1,3,51,4,1,1,2,D,24,0,0,0,0,0,0,0,0,0,0,180,190,0,0,0,1,1,18,-18,0,35810,998,0,25,0,1,0,0,0,0,0,995,624.196842497795,9,2
7164,19,63,1-19-2017-063-05,5,1,1N4AL2AP4AN4,17,35,47,2010,4,1,4,0,1,F,9,1437,5,9999,9,0,1,105,1,0,0,995,0,0,0,35954,2,2,0,3,3,3,2,1,1,1,3,2,0,0,1,8,0,0,3,1,1,2,12,99,1,4,1,B,6,0,0,0,0,0,0,0,0,0,0,998,998,0,0,0,2,0,999,999,999,9999999,999,999,999,9,0,1,1,0,4,0,998,82.4453252502058,9,2
7161,14,28,1-14-2017-028-02,2,1,3GYFNDE32FS6,17,19,20,2015,6,1,4,0,1,F,1,1940,5,9999,9,1,1,97,1,0,0,995,0,0,0,78070,1,1,0,4,3,1,2,1,2,2,1,2,0,0,1,1,0,0,3,1,14,2,10,8,1,2,3,G,50,0,0,0,0,0,0,0,0,0,0,40,210,0,0,0,1,1,19,-19,3,46843,998,-41,23,0,4,1,2,0,4,0,995,299.171074248821,8,2
7161,14,28,1-14-2017-028-02,2,2,JTMZFREV7FJ0,17,49,402,2015,14,3,14,0,1,F,1,1545,5,9999,9,1,1,97,1,0,0,995,0,0,0,78006,1,1,0,4,3,2,2,1,3,4,3,2,0,0,1,1,6,2,1,0,14,4,62,99,1,1,3,G,51,0,0,0,0,0,0,0,0,0,0,210,40,0,0,0,1,1,22,-22,0,25412,998,-73,17,0,4,1,1,0,4,0,995,299.171074248821,8,2
7165,16,44,1-16-2017-044-04,4,1,1G1ZE5ST9GF2,17,20,37,2016,4,1,4,0,1,F,2,1400,5,0,1,1,1,32,1,0,0,995,0,0,0,45238,9,9,0,4,2,1,2,1,3,4,0,2,0,0,2,1,0,0,9,1,14,4,62,99,1,2,3,I,66,0,0,0,0,0,0,0,0,0,0,160,340,0,0,0,1,3,26,-26,0,36444,998,-19,25,0,4,0,0,0,0,0,995,406.544153844197,5,2
7165,16,44,1-16-2017-044-04,4,2,1GDY72BA3C19,17,23,461,2012,21,4,21,0,1,9,1,2462,5,9999,9,6,0,32,1,0,0,995,0,0,0,45223,9,9,0,4,2,1,2,1,3,2,1,2,0,0,2,1,0,0,9,1,14,4,62,99,1,3,3,I,66,0,0,0,0,0,0,0,0,0,0,340,160,0,0,0,1,3,15,-15,0,26679,998,0,16,0,4,95,95,95,95,0,995,406.544153844197,5,2
7170,17,35,1-17-2017-035-07,7,1,3GNCA23B19S5,17,20,23,2009,6,1,2,0,1,F,1,1431,5,0,1,1,1,56,1,9,0,995,0,9,0,61244,1,2,2,4,4,2,1,1,1,1,3,2,0,0,1,1,0,0,1,0,1,3,50,2,1,1,2,D,20,0,0,0,0,0,0,0,0,0,0,280,280,0,0,0,1,1,14,-14,0,19245,998,-7,17,0,1,1,1,0,6,0,995,884.596657783655,4,2
7170,17,35,1-17-2017-035-07,7,2,1C3CDFCA5DD7,17,7,29,2013,4,1,3,0,1,B,1,1471,5,0,1,2,0,56,1,9,0,995,0,9,0,61265,9,9,2,4,4,2,1,1,1,1,3,2,0,0,1,1,0,0,9,0,5,3,53,99,1,1,2,D,21,0,0,0,0,0,0,0,0,0,0,280,280,0,0,0,1,1,15,15,0,6079,998,-16,10,0,1,95,95,95,95,0,995,884.596657783655,4,2
7169,17,34,1-17-2017-034-09,9,1,2G1WB58K5793,17,20,2,2007,4,1,4,0,1,F,2,1630,5,0,1,1,1,89,1,0,0,995,0,0,0,61275,1,2,0,4,2,1,2,2,1,2,1,4,0,0,2,2,0,0,1,0,1,6,90,2,9,1,1,C,12,0,0,0,0,0,0,0,0,0,0,998,998,0,0,0,1,10,999,999,999,9999999,999,999,999,3,0,1,1,0,4,0,998,1404.60743210442,4,2
7171,12,28,1-12-2017-028-03,3,1,1GTEC19T16Z1,17,23,481,2006,34,5,31,0,1,R,1,2159,5,0,1,2,0,89,1,0,0,995,0,0,0,73401,9,9,2,1,3,3,2,1,1,1,0,0,0,0,1,1,1,2,1,0,11,2,15,9,1,1,4,J,68,0,0,0,0,0,0,0,0,0,0,320,230,0,0,0,1,1,7,-3,-7,7987,998,270,5,0,3,95,95,95,95,0,995,4470.95150360823,9,2
7171,12,28,1-12-2017-028-03,3,2,3GCPCSE05DG1,17,20,481,2013,34,5,31,0,1,F,1,2338,5,0,1,1,1,89,1,0,0,995,0,0,0,73401,1,2,0,1,3,1,2,1,1,1,1,3,0,0,1,1,0,0,1,0,1,4,62,1,1,1,4,J,69,0,0,0,0,0,0,0,0,0,0,230,320,0,0,0,1,1,6,-6,2,14872,998,-129,9,0,3,0,0,0,0,0,995,4470.95150360823,9,2
7172,32,57,1-32-2017-057-07,7,1,3GNFC16J98G1,17,20,422,2008,15,3,15,0,1,F,1,2543,5,0,1,1,1,56,1,0,0,995,0,0,0,75220,1,1,2,2,2,1,1,1,1,1,0,0,0,0,1,1,0,0,9,0,1,2,17,99,1,1,5,L,88,0,0,0,0,0,0,0,0,0,0,270,180,0,0,0,1,1,13,-11,-6,20980,998,-90,13,0,1,0,0,0,0,0,995,2629.97117438863,7,2
7172,32,57,1-32-2017-057-07,7,2,1FMYU60E02UD,17,12,401,2002,14,3,14,0,1,L,1,1797,5,0,1,1,1,56,1,0,0,995,0,0,0,75220,1,1,2,1,4,2,1,1,1,1,3,3,0,0,1,1,0,0,1,0,1,4,66,1,1,1,5,L,89,0,0,0,0,0,0,0,0,0,0,180,270,0,0,0,1,1,18,-9,15,24365,998,40,18,0,1,1,1,0,6,0,995,2629.97117438863,7,2
7175,33,53,1-33-2017-053-06,6,1,1G2NE12E7XM7,17,22,18,1999,2,1,3,0,1,F,1,1383,5,0,2,1,1,56,1,0,0,995,0,0,0,95965,1,2,2,5,5,2,2,1,1,1,3,2,0,0,1,1,1,2,3,1,1,3,50,1,1,2,2,D,20,0,0,0,0,0,0,0,0,0,0,215,210,0,0,0,1,3,18,-18,0,21168,998,16,19,0,4,1,1,0,0,0,995,66.4575130793752,12,2
7175,33,53,1-33-2017-053-06,6,2,1FMCU0D70AKD,17,12,402,2010,14,3,14,0,1,B,1,1540,5,0,1,1,1,56,1,0,0,995,0,0,0,95966,1,2,2,5,5,2,2,1,1,1,3,2,0,0,1,1,1,2,9,0,5,3,53,1,1,1,2,D,21,0,0,0,0,0,0,0,0,0,0,210,215,0,0,0,1,3,17,17,0,17647,998,-49,16,0,4,0,0,0,0,0,995,66.4575130793752,12,2
7175,33,53,1-33-2017-053-06,6,3,JTMDK4DV0AD0,17,49,402,2010,14,3,14,0,1,B,1,1658,5,0,1,1,1,56,1,0,0,995,0,0,0,95965,3,2,2,5,5,1,2,1,1,1,0,3,0,0,1,1,1,2,9,0,5,4,60,1,1,1,6,M,98,0,0,0,0,0,0,0,0,0,0,210,215,0,0,0,2,3,10,10,0,6952,998,0,10,0,4,0,0,0,4,0,995,66.4575130793752,12,2
7176,18,29,1-18-2017-029-06,6,1,1D7HU18D25S1,17,7,482,2005,34,5,31,0,1,F,1,2333,5,0,1,1,1,72,1,0,0,995,0,0,0,54768,9,9,2,1,4,4,1,1,1,1,5,1,0,0,1,1,1,2,9,0,11,2,15,99,1,1,4,J,68,0,0,0,0,0,0,0,0,0,0,305,180,0,0,0,1,1,11,-8,-7,23883,998,-187,11,0,4,99,99,0,99,0,995,1868.06986050596,6,2
7181,30,55,1-30-2017-055-04,4,1,1HGCR2F56GA1,17,37,32,2016,4,1,4,0,1,F,1,1528,8,0,1,1,1,72,1,0,0,995,0,0,0,85255,1,2,0,3,4,2,1,1,1,1,1,1,0,0,1,1,0,0,1,0,1,3,50,4,1,1,2,D,20,0,0,0,0,0,0,0,0,0,0,180,180,0,0,0,1,1,17,-17,0,25645,998,-53,19,0,1,0,0,0,0,0,995,5616.45073494707,10,2
7176,18,29,1-18-2017-029-06,6,2,1G4GB5ER8CF1,17,18,22,2012,4,1,4,0,1,F,1,1712,5,0,1,1,1,72,1,0,0,995,0,0,0,54727,1,2,2,1,3,2,1,1,1,1,1,3,0,0,1,1,1,2,1,0,1,4,62,1,1,1,4,J,69,0,0,0,0,0,0,0,0,0,0,180,305,0,1,0,1,1,15,-14,5,14585,998,10,14,0,4,2,5,0,3,0,995,1868.06986050596,6,2
7181,30,55,1-30-2017-055-04,4,2,WBA5A5C53FD5,17,34,35,2015,4,1,5,0,1,B,1,1730,5,0,1,1,1,72,1,0,0,995,0,0,0,85262,1,2,0,3,4,2,1,1,1,1,1,1,0,0,1,1,0,0,1,0,5,3,52,1,1,1,2,D,21,0,0,0,0,0,0,0,0,0,0,180,180,0,0,0,1,1,14,14,0,11497,998,-54,12,0,1,0,0,0,0,0,995,5616.45073494707,10,2
7181,30,55,1-30-2017-055-04,4,3,1FM5K8GT0DGC,17,12,401,2013,14,3,14,0,1,B,1,2146,5,9999,9,0,0,72,1,0,0,995,0,0,0,85298,9,9,0,3,4,2,1,1,1,1,1,1,0,0,1,1,0,0,1,0,5,3,51,1,1,1,6,M,98,0,0,0,0,0,0,0,0,0,0,180,180,0,0,0,2,3,10,10,0,8257,998,0,10,0,4,95,95,95,95,0,995,5616.45073494707,10,2
7174,33,52,1-33-2017-052-10,10,1,1B3XP44K4MN6,17,7,17,1991,2,1,1,0,1,F,1,1155,5,0,1,1,1,56,1,0,0,995,0,0,0,95965,1,2,2,4,5,1,2,1,1,1,1,3,0,0,1,1,1,2,1,0,1,3,50,2,1,1,2,D,20,0,0,0,0,0,0,0,0,0,0,80,80,0,0,0,1,3,20,-20,0,18043,998,59,18,0,4,0,0,0,0,0,995,69.1752610936107,12,2
7174,33,52,1-33-2017-052-10,10,2,2GCEC13Z1711,17,20,481,2007,34,5,31,0,1,B,1,2262,5,0,1,3,0,56,1,0,0,995,0,0,0,95965,9,9,2,4,5,1,2,1,1,1,1,3,0,0,1,1,1,2,1,0,5,3,53,1,1,1,2,D,21,0,0,0,0,0,0,0,0,0,0,80,80,0,0,0,1,3,10,10,0,13099,998,0,12,0,4,95,95,95,95,0,995,69.1752610936107,12,2
7180,13,51,1-13-2017-051-02,2,1,2G11Z5SA1G91,17,20,2,2016,4,1,4,0,1,F,3,1661,5,0,1,1,1,105,1,0,1,0,2,1,2,76123,1,9,1,2,6,5,1,1,1,1,3,3,0,0,3,1,0,0,9,1,15,2,11,99,9,4,1,A,1,0,0,0,0,0,0,0,0,0,0,998,998,0,0,0,1,10,999,999,999,9999999,999,999,60,5,0,3,11,1,3,0,998,223.870775887877,7,2
7186,21,23,1-21-2017-023-07,7,1,1HGCP2F87BA0,17,37,32,2011,4,1,4,0,1,F,1,1523,5,0,2,3,1,40,1,0,0,995,0,0,0,92376,9,1,2,4,2,1,2,1,1,1,0,0,0,0,3,8,2,2,1,0,1,2,17,1,1,1,5,L,88,0,0,0,0,0,0,0,0,0,0,285,195,0,1,0,1,3,14,-11,-9,11910,998,-134,10,0,4,0,0,0,0,0,995,1033.3607983157,11,2
7186,21,23,1-21-2017-023-07,7,2,2GTEC13T2612,17,23,481,2006,34,5,31,0,1,L,1,2262,5,0,2,1,1,40,1,0,0,995,0,0,0,92324,9,1,2,4,2,1,2,1,1,1,0,0,0,0,3,8,0,0,1,0,1,2,17,1,1,1,5,L,89,0,0,0,0,0,0,0,0,0,0,195,285,0,1,0,1,3,10,-6,8,20025,998,-19,15,0,4,2,5,0,3,0,995,1033.3607983157,11,2
7187,21,24,1-21-2017-024-09,9,1,1HGCM56426A0,17,37,32,2006,4,1,3,0,1,F,9,1440,5,9999,9,0,1,56,1,0,0,995,0,0,0,91786,9,1,2,1,3,1,2,1,1,1,0,1,0,0,3,1,1,2,9,1,10,2,12,99,1,4,1,B,6,0,0,0,0,0,0,0,0,0,0,998,998,0,1,0,0,0,999,999,999,9999999,999,999,999,9,0,1,1,0,8,0,998,1280.88780295301,11,2
7178,22,59,1-22-2017-059-01,1,1,1N6ND16S0KC4,17,35,471,1989,34,5,30,0,1,L,2,1286,5,0,1,1,1,56,1,1,1,257,3,0,2,83501,7,2,2,4,2,1,2,1,1,1,0,0,0,0,3,8,0,0,9,1,1,2,13,1,9,4,1,A,1,0,0,0,0,0,0,0,0,0,0,996,996,0,1,0,4,7,999,999,999,9999999,999,999,999,7,0,3,10,1,1,0,996,92.645881565269,12,2
7177,22,58,1-22-2017-058-03,3,1,1GCHK23173F1,17,20,481,2003,34,5,31,0,1,F,9,2668,5,0,2,1,1,56,1,0,0,995,0,0,0,83544,1,2,0,2,2,1,1,1,1,1,1,3,0,0,1,8,0,0,3,0,1,3,50,1,1,1,2,D,20,0,0,0,0,0,0,0,0,0,0,15,15,0,0,0,1,5,999,999,999,9999999,999,999,20,0,0,0,0,0,0,0,995,99.9474447590839,12,2
7177,22,58,1-22-2017-058-03,3,2,1GNSKHKC9HR1,17,20,422,2017,15,3,15,0,1,B,2,2620,5,95,2,1,1,56,1,0,0,995,0,0,9,68522,1,2,0,2,2,1,1,1,1,1,1,3,0,0,1,8,0,0,3,0,5,3,53,1,1,1,2,D,21,0,0,0,0,0,0,0,0,0,0,15,15,0,0,0,1,5,999,999,999,9999999,999,999,35,3,0,1,2,0,4,0,995,99.9474447590839,12,2
7179,22,60,1-22-2017-060-09,9,1,4M2ZU86P2YUJ,17,14,401,2000,14,3,14,0,1,R,2,1631,5,46,1,1,1,105,1,0,0,995,0,7,9,99037,2,2,0,4,2,1,2,1,3,1,1,2,1,0,1,1,0,0,1,1,6,1,6,5,3,2,6,M,98,1,4,2,5,3,1,31,1,2,30,997,997,0,1,0,1,6,999,999,999,9999999,999,999,999,7,0,2,5,0,4,2,997,707.286318683172,12,2
7177,22,58,1-22-2017-058-03,3,3,1FDWX37Y86ED,17,12,481,2006,34,5,31,0,1,B,9,3157,5,9999,9,0,0,24,1,0,0,995,0,0,9,83823,9,9,0,2,2,1,1,1,1,1,1,3,0,0,1,8,0,0,9,0,5,3,53,1,1,1,6,M,98,0,0,0,0,0,0,0,0,0,0,15,15,0,0,0,0,0,999,999,999,9999999,999,999,999,9,0,95,95,95,95,0,995,99.9474447590839,12,2