CASEID,PSU,CASENO,CASENUMBER,CATEGORY,VEHNO,VIN,VINLENGTH,MAKE,MODEL,MODELYR,BODYTYPE,BODYCAT,VEHCLASS,SPECUSE,TRANSTAT,DAMPLANE,DAMSEV,CURBWT,CURBSRC,CARGOWT,CARGOSRC,INSPTYPE,TOWSTAT,SPEEDLIMIT,DRPRESENT,PARALCOHOL,ALCTEST,ALCTESTRESULT,ALCTESTSRC,PARDRUG,DRUGTEST,ZIP,RACE,ETHNICITY,RELTOJUNCT,TRAFFLOW,RDLANES,INITLANE,SURFTYPE,SURFCOND,ALIGNMENT,PROFILE,LINERIGHT,LINELEFT,RUMBINIT,RUMBROAD,LIGHTCOND,WEATHER,TRAFDEV,TRAFFUNCT,DISTRACT,PREFHE,PREMOVE,CRITCAT,CRITEVENT,MANEUVER,PRESTAB,PRELOC,CRASHCAT,CRASHCONF,CRASHTYPE,ROLLTYPE,ROLLTURN,ROLLINTRPT,ROLLPREMAN,ROLLINITYP,ROLLINLOC,ROLLOBJ,ROLLTRIP,ROLLDIR,ROLLDIST,DVANGTHIS,DVANGOTH,TOWHITCH,TRAJDOC,TREEPOLE,DVEVENT,DVBASIS,DVTOTAL,DVLONG,DVLAT,DVENERGY,DVSPEED,DVMOMENT,DVBES,DVEST,DVCONF,VAIS,VISS,VINJURED,VTREAT,INITOBJCLASS,HEADANGLECAT,CASEWGT,PSUSTRAT,VERSION
7188,16,46,1-16-2017-046-06,6,1,JTDKN3DU8B02,17,49,46,2011,5,1,3,0,1,F,1,1380,5,9999,9,0,0,56,1,0,0,995,0,0,0,45255,9,9,3,4,3,2,2,1,1,2,1,2,0,0,1,1,0,0,9,0,1,3,55,99,1,1,4,J,69,0,0,0,0,0,0,0,0,0,0,0,285,0,0,0,1,3,9,-9,-2,4397,998,-61,8,0,4,95,95,95,95,0,995,234.695027274204,5,2
7188,16,46,1-16-2017-046-06,6,2,1G1JC5SHXC41,17,20,28,2012,4,1,1,0,1,L,1,1237,5,0,1,1,1,56,1,0,0,995,0,0,0,45255,9,9,3,4,2,1,2,1,1,2,1,4,0,0,1,1,0,0,9,0,11,2,15,99,1,2,4,J,68,0,0,0,0,0,0,0,0,0,0,285,0,0,0,0,1,3,10,2,10,11532,998,124,11,0,1,99,99,0,5,0,995,234.695027274204,5,2
7184,20,62,1-20-2017-062-03,3,1,ZACCJABB8HPE,17,2,408,2017,14,3,14,0,1,B,1,1372,5,0,1,1,1,56,1,0,0,995,0,0,0,94960,3,9,2,4,3,1,2,2,1,2,0,1,0,0,3,1,2,2,3,0,5,3,53,1,1,1,2,D,21,0,0,0,0,0,0,0,0,0,0,100,95,0,0,0,1,1,22,21,4,6386,998,-6,11,0,4,0,0,0,0,0,995,291.053076656167,11,2
7184,20,62,1-20-2017-062-03,3,2,1ZVBP8CF1D52,17,12,3,2013,2,1,3,0,1,F,1,1634,5,0,1,1,1,56,1,0,0,995,0,0,0,93901,1,9,2,4,3,2,2,1,1,2,0,2,0,0,3,1,2,2,9,0,1,3,50,99,1,1,2,D,20,0,0,0,0,0,0,0,0,0,0,95,100,0,0,0,1,1,18,-17,-6,44944,998,-60,24,0,4,2,5,0,3,0,995,291.053076656167,11,2
7183,20,61,1-20-2017-061-09,9,1,2GCEC19T7211,17,20,481,2002,34,5,31,0,1,T,1,1980,5,0,1,1,1,89,1,0,0,995,0,0,0,93702,9,1,0,4,2,1,2,1,3,1,1,2,0,0,1,1,0,0,9,1,14,1,6,99,4,4,1,B,7,1,2,2,2,1,3,61,1,1,16,997,997,0,0,0,2,6,999,999,999,9999999,999,999,999,6,0,9,97,0,99,3,997,1958.12195970583,11,2
7191,20,60,1-20-2017-060-02,2,1,1GNSKBE04ER2,17,20,421,2014,15,3,15,0,1,T,3,2480,5,9999,9,4,1,89,1,0,1,0,2,0,0,95076,9,1,0,4,2,1,2,1,3,1,1,2,0,0,1,1,0,0,3,1,14,2,13,99,1,4,1,A,1,1,5,1,2,5,4,31,1,1,35,997,997,0,0,0,1,6,999,999,999,9999999,999,999,999,8,0,3,17,1,3,2,997,39.0673380453663,11,2
7166,26,31,1-26-2017-031-03,3,1,1GTN1LEC1HZ1,17,23,481,2017,34,5,31,0,1,F,1,2244,8,0,1,1,1,40,1,0,0,995,0,0,0,99999,1,1,2,4,2,1,2,1,1,1,0,0,0,0,1,1,2,2,9,0,99,2,17,99,1,1,5,L,86,0,0,0,0,0,0,0,0,0,0,90,180,0,0,0,1,1,15,-14,3,30533,998,-23,17,0,1,99,99,0,99,0,995,2528.04462840884,10,2
7166,26,31,1-26-2017-031-03,3,2,2MELM75W7TX6,17,14,6,1996,4,1,5,0,1,R,1,1722,5,0,1,1,1,40,1,0,1,0,2,0,1,95838,1,2,2,4,2,1,2,1,1,2,1,4,0,0,1,1,0,0,1,0,1,4,66,1,1,1,5,L,87,0,0,0,0,0,0,0,0,0,0,180,90,0,0,0,1,1,19,-3,-19,44543,998,-156,18,0,1,1,1,0,4,0,995,2528.04462840884,10,2
7194,32,58,1-32-2017-058-03,3,1,2G4WS52J8111,17,18,7,2001,4,1,3,0,1,F,1,1528,5,0,1,2,0,56,1,0,0,995,0,0,0,75228,9,9,2,4,2,1,1,2,1,1,0,2,0,0,1,8,2,2,9,0,1,4,66,1,1,1,5,L,86,0,0,0,0,0,0,0,0,0,0,100,180,0,0,0,1,1,14,-7,12,28550,998,169,14,0,4,95,95,95,95,0,995,725.436407455563,7,2
7194,32,58,1-32-2017-058-03,3,2,1FM5K7D8XGGD,17,12,401,2016,14,3,14,0,1,R,1,2067,5,0,1,1,1,56,1,0,0,995,0,0,0,75227,2,2,2,4,2,1,2,2,1,4,2,0,0,0,1,8,2,2,1,0,1,2,17,2,1,1,5,L,87,0,0,0,0,0,0,0,0,0,0,180,100,0,0,0,1,1,10,-8,-7,12323,998,101,10,0,4,1,1,0,5,0,995,725.436407455563,7,2
7155,10,27,1-10-2017-027-03,3,1,KL1TD56E59B3,17,20,39,2009,4,1,1,0,1,R,9,1148,5,9999,9,0,1,40,1,0,0,995,0,0,0,45405,9,9,2,4,2,1,2,1,1,1,0,2,0,0,1,8,1,2,1,0,1,4,66,1,1,1,5,L,87,0,0,0,0,0,0,0,0,0,0,235,140,0,0,0,0,0,999,999,999,9999999,999,999,999,9,0,9,97,0,8,0,995,622.143520936505,4,2
7155,10,27,1-10-2017-027-03,3,2,5FRYD4H94GB0,17,54,421,2016,15,3,15,0,1,F,1,1970,8,0,1,3,1,40,1,0,0,995,0,0,0,45458,9,9,2,4,5,2,2,1,1,1,3,1,0,0,1,8,1,2,1,0,1,4,66,2,1,1,5,L,86,0,0,0,0,0,0,0,0,0,0,140,235,0,0,0,1,12,999,999,999,9999999,999,999,999,2,0,9,97,0,8,0,995,622.143520936505,4,2
7147,28,28,1-28-2017-028-04,4,1,2HGFG1B83BH5,17,37,31,2011,2,1,3,0,1,F,1,1226,5,0,1,1,1,89,1,0,0,995,0,0,0,18850,1,2,0,4,2,1,2,2,3,2,1,2,1,1,1,1,6,2,1,1,14,1,6,5,4,2,3,H,54,0,0,0,0,0,0,0,0,0,0,160,60,0,0,0,1,11,999,999,999,9999999,999,999,999,6,0,0,0,0,0,0,995,451.089122562898,3,2
7147,28,28,1-28-2017-028-04,4,2,1J4GA39198L6,17,2,403,2008,14,3,14,0,1,F,1,1936,5,0,1,1,1,89,1,0,0,995,0,0,0,16926,1,2,0,4,2,1,2,2,3,4,1,2,3,2,1,1,6,2,1,0,14,4,62,9,1,1,3,H,55,0,0,0,0,0,0,0,0,0,0,60,160,0,0,0,1,8,999,999,999,9999999,999,999,999,6,0,0,0,0,0,0,995,451.089122562898,3,2
7147,28,28,1-28-2017-028-04,4,3,3C6UR5GJ8EG1,17,7,482,2014,34,5,31,0,1,F,1,3008,5,55,1,5,1,89,1,0,0,995,0,0,0,77360,1,2,0,4,2,1,2,2,2,4,1,2,3,1,1,1,6,2,1,1,14,4,62,4,1,4,6,M,98,0,0,0,0,0,0,0,0,0,0,998,998,0,0,0,3,5,999,999,999,9999999,999,999,999,1,0,0,0,0,0,0,998,451.089122562898,3,2
7146,28,27,1-28-2017-027-06,6,1,1J4GZ58S3RC2,17,2,404,1994,14,3,14,0,1,F,2,1612,5,0,2,4,1,64,1,0,0,995,0,0,0,16921,1,2,2,4,2,1,2,2,1,4,1,2,3,3,1,1,1,2,3,0,1,3,50,3,1,1,2,D,20,0,0,0,0,0,0,0,0,0,0,240,230,0,0,0,1,3,33,-33,-6,91052,998,-47,35,0,1,0,0,0,0,0,995,169.129560081943,3,2
7146,28,27,1-28-2017-027-06,6,2,3FAHP0HA5CR2,17,12,23,2012,4,1,3,0,1,B,2,1490,5,0,1,1,1,64,1,0,0,995,0,0,0,16912,1,2,2,4,2,1,2,2,1,4,1,2,3,3,1,1,1,2,1,0,5,3,53,10,1,1,2,D,21,0,0,0,0,0,0,0,0,0,0,230,240,0,0,0,1,3,37,35,13,109009,998,-97,35,0,1,1,1,0,4,0,995,169.129560081943,3,2
7146,28,27,1-28-2017-027-06,6,3,1C4RJFAG7FC8,17,2,404,2015,14,3,14,0,1,B,1,2121,5,0,1,2,0,64,1,0,0,995,0,0,0,16901,9,9,2,4,2,1,2,2,1,4,1,2,3,3,1,1,1,2,9,0,5,3,53,1,1,1,6,M,98,0,0,0,0,0,0,0,0,0,0,240,230,0,0,0,2,1,7,7,-3,6433,998,127,7,0,1,95,95,95,95,0,995,169.129560081943,3,2
7199,23,54,1-23-2017-054-09,9,1,1GCHK232X4F2,17,20,481,2004,34,5,31,0,1,F,1,2668,5,9999,9,0,1,89,1,0,0,995,0,0,0,43019,9,9,0,4,2,1,2,1,1,1,1,2,0,0,1,8,0,0,9,1,11,2,15,99,1,2,4,J,68,0,0,0,0,0,0,0,0,0,0,280,120,0,0,0,1,3,7,-7,-1,12302,998,-45,10,0,4,0,0,0,0,0,995,1278.7796781533,5,2
7199,23,54,1-23-2017-054-09,9,2,KMHCG35C73U2,17,55,36,2003,3,1,1,0,1,F,1,992,5,0,1,1,1,89,1,0,0,995,0,0,0,43201,9,9,0,4,2,1,2,1,1,1,1,4,0,0,1,8,0,0,9,0,1,3,54,99,1,1,4,J,69,0,0,0,0,0,0,0,0,0,0,120,280,0,0,0,1,3,19,-19,3,8612,998,-9,14,0,4,99,99,0,99,0,995,1278.7796781533,5,2
7200,23,55,1-23-2017-055-07,7,1,1D7HA16K98J1,17,7,482,2008,34,5,31,0,1,9,9,2049,5,9999,9,0,1,89,1,0,0,995,0,0,0,43315,9,9,0,4,2,1,2,2,1,1,0,0,0,0,5,2,0,0,9,1,1,2,13,99,1,4,1,A,1,9,99,9,9,99,9,99,9,9,999,997,997,0,0,0,0,0,999,999,999,9999999,999,999,999,9,0,0,0,0,0,9,997,805.352587117172,5,2
7201,23,56,1-23-2017-056-03,3,1,1HGCR2F5XGA1,17,37,32,2016,4,1,4,0,1,B,9,1496,5,9999,9,0,1,89,1,0,0,995,0,0,0,43302,9,9,0,2,2,1,2,2,3,1,3,2,0,0,1,2,0,0,9,0,5,3,53,99,1,2,2,D,21,0,0,0,0,0,0,0,0,0,0,345,0,0,0,0,1,0,999,999,999,9999999,999,999,999,9,0,9,97,0,99,0,995,212.046369957581,5,2
7201,23,56,1-23-2017-056-03,3,2,19XFA16909E0,17,37,31,2009,4,1,3,0,1,F,9,1199,5,9999,9,0,1,89,1,0,0,995,0,0,0,43062,1,2,0,2,2,1,2,2,3,1,3,2,0,0,1,2,0,0,3,1,14,3,50,2,9,2,2,D,20,0,0,0,0,0,0,0,0,0,0,0,345,0,0,0,1,0,999,999,999,9999999,999,999,999,9,0,1,1,0,0,0,995,212.046369957581,5,2
7202,10,28,1-10-2017-028-03,3,1,KNDPBCA25D75,17,63,401,2013,14,3,14,0,1,F,1,1582,5,0,1,1,1,89,1,0,0,995,0,0,0,45410,1,2,0,2,4,1,2,1,1,1,1,3,0,0,1,8,0,0,3,1,1,2,11,1,1,4,1,A,1,0,0,0,0,0,0,0,0,0,0,998,998,0,0,0,1,10,999,999,999,9999999,999,999,13,2,0,1,1,0,3,0,998,224.661315300313,4,2
7203,24,59,1-24-2017-059-10,10,1,1J4GL58K12W3,17,2,405,2002,14,3,14,0,1,F,2,1867,5,0,1,1,1,40,1,0,0,995,0,0,0,08205,1,2,2,4,2,1,2,1,2,1,0,0,0,0,1,1,0,0,1,1,14,2,11,1,1,4,1,C,11,0,0,0,0,0,0,0,0,0,0,160,160,0,0,0,1,8,999,999,999,9999999,999,999,999,7,0,1,1,0,0,0,995,12531.0870150331,1,2
7208,31,28,1-31-2017-028-09,9,1,1G4HP52K3WH5,17,18,2,1998,4,1,4,0,1,F,1,1555,5,0,1,4,1,89,1,1,0,995,0,0,0,62821,9,9,0,4,2,1,4,1,1,1,0,0,0,0,1,1,0,0,9,1,1,2,13,99,1,4,1,A,1,0,0,0,0,0,0,0,0,0,0,998,998,0,0,7,1,12,999,999,999,9999999,999,999,999,2,0,99,99,0,0,0,998,686.221391487831,6,2
7206,32,61,1-32-2017-061-06,6,1,2T2GK31U48C0,17,59,403,2008,14,3,14,0,1,F,1,1855,5,0,1,1,1,72,1,0,0,995,0,0,0,76012,9,9,0,3,2,2,1,1,2,1,3,2,0,0,3,8,0,0,3,1,14,2,13,99,2,4,1,A,1,1,3,2,2,1,4,61,1,2,20,998,998,0,0,1,2,1,8,-8,3,10019,998,133,8,0,4,9,97,0,5,3,998,1502.03202596143,7,2
7209,14,29,1-14-2017-029-07,7,1,1C3CDWDA2CD5,17,7,25,2012,5,1,2,0,1,F,3,1345,5,0,2,1,1,64,1,0,0,995,0,0,0,78130,1,1,0,4,2,1,2,1,1,1,1,2,0,0,1,1,0,0,1,0,1,3,50,2,1,1,2,D,20,0,0,0,0,0,0,0,0,0,0,170,170,0,0,0,1,3,70,-70,0,184743,998,13,57,0,4,1,1,0,0,0,995,5839.57216860709,8,2
7209,14,29,1-14-2017-029-07,7,2,1FTPW14V78KD,17,12,481,2008,34,5,31,0,1,B,9,2543,5,9999,9,0,0,64,1,0,0,995,0,0,0,78155,9,9,0,4,2,1,2,1,1,1,1,2,0,0,1,1,0,0,9,0,5,3,53,99,1,1,2,D,21,0,0,0,0,0,0,0,0,0,0,170,170,0,0,0,0,0,999,999,999,9999999,999,999,999,9,0,95,95,95,95,0,995,5839.57216860709,8,2
7207,32,59,1-32-2017-059-03,3,1,2G1WS5835813,17,20,2,2008,4,1,4,5,1,F,1,1684,5,0,1,1,1,48,1,0,0,995,0,0,0,75226,2,2,2,1,3,1,1,1,1,1,0,1,0,0,1,1,1,2,1,0,1,2,17,2,1,1,5,L,86,0,0,0,0,0,0,0,0,0,0,310,45,0,0,0,1,1,20,-19,3,49476,998,36,26,0,1,0,0,0,0,0,995,774.44113737545,7,2
7207,32,59,1-32-2017-059-03,3,2,3N1CN7AP3GL8,17,35,50,2016,4,1,2,0,1,R,2,1119,8,0,1,1,1,48,1,0,1,0,2,0,1,75215,2,2,2,4,5,2,1,1,1,1,1,1,0,0,1,1,1,2,1,0,1,4,66,1,1,1,5,L,87,0,0,0,0,0,0,0,0,0,0,45,310,0,0,0,1,1,28,-10,-26,46422,998,120,23,0,1,1,1,0,4,0,995,774.44113737545,7,2
7210,14,30,1-14-2017-030-07,7,1,2T1BU4EE7CC9,17,49,32,2012,4,1,2,0,1,L,1,1255,5,9999,9,1,1,89,1,0,0,995,0,0,0,77054,3,9,2,4,2,1,2,1,1,1,0,2,0,0,1,1,2,2,9,0,11,2,15,99,1,1,4,K,82,0,0,0,0,0,0,0,0,0,0,70,150,0,0,0,1,1,15,0,15,13772,998,-93,13,0,1,0,0,0,0,0,995,5839.57216860709,8,2
7210,14,30,1-14-2017-030-07,7,2,JTLKT3345501,17,49,49,2005,6,1,1,0,1,F,1,1086,8,91,2,1,1,89,1,0,0,995,0,0,0,78154,4,2,2,4,3,1,2,1,3,1,1,2,0,0,1,1,0,0,9,0,14,4,67,99,1,1,4,K,83,0,0,0,0,0,0,0,0,0,0,150,70,0,0,0,1,1,15,-15,-3,19197,998,-50,17,0,1,1,2,0,4,0,995,5839.57216860709,8,2
7217,17,36,1-17-2017-036-05,5,1,1J8GN28K58W2,17,2,405,2008,14,3,14,0,1,F,3,1872,5,0,1,1,1,89,1,9,0,995,0,9,0,61254,1,2,2,4,2,1,2,1,1,1,0,0,0,0,1,1,0,0,2,0,1,2,17,2,1,1,5,L,86,1,2,2,2,1,3,61,1,2,18,10,100,0,0,0,1,3,48,-42,24,94656,998,96,29,0,4,1,2,0,4,3,995,139.816311562178,4,2
7217,17,36,1-17-2017-036-05,5,2,3G1AW51R2JS5,17,20,17,1988,4,1,3,0,1,R,9,1232,5,9999,9,0,1,89,1,9,1,0,2,9,1,61443,1,2,2,4,2,1,2,1,1,1,0,0,0,0,1,1,0,0,1,0,1,2,17,1,1,1,5,L,87,0,0,0,0,0,0,0,0,0,0,100,10,0,0,0,0,0,999,999,999,9999999,999,999,999,9,0,1,3,0,3,0,995,139.816311562178,4,2
7211,12,29,1-12-2017-029-09,9,1,1GNFK16Z02J2,17,20,431,2002,16,3,16,0,1,T,2,2228,5,0,1,1,1,56,1,0,0,995,0,0,0,73401,1,2,0,4,2,1,2,1,1,1,0,0,0,0,1,1,0,0,1,1,13,2,12,2,1,4,1,B,6,1,4,2,2,1,4,61,1,2,999,997,997,0,0,0,1,6,999,999,999,9999999,999,999,999,7,0,3,9,1,6,3,997,3832.45356653444,9,2
7212,12,30,1-12-2017-030-07,7,1,JTDKB20U0833,17,49,46,2008,5,1,3,0,1,F,1,1380,5,0,1,1,1,72,1,0,0,995,0,0,0,73401,1,2,2,4,2,1,2,1,1,4,0,0,0,0,1,1,0,0,1,0,1,4,66,4,1,1,5,L,88,0,0,0,0,0,0,0,0,0,0,10,275,0,0,0,1,1,18,-18,3,26050,998,-14,22,0,4,1,3,0,6,0,995,2259.18028942213,9,2
7215,19,65,1-19-2017-065-02,2,1,1GC1KUEGXFF6,17,20,481,2015,34,5,31,0,1,R,1,2918,5,0,1,1,1,89,1,0,0,995,0,0,0,35754,1,2,2,4,2,1,2,1,1,1,1,2,0,0,1,8,2,2,2,0,1,2,17,1,1,1,5,L,87,0,0,0,0,0,0,0,0,0,0,120,20,0,1,0,1,1,19,-3,-19,60623,998,116,19,0,1,0,0,0,0,0,995,102.089013427492,9,2
7212,12,30,1-12-2017-030-07,7,2,2D8GP44L95R3,17,7,442,2005,20,4,20,0,1,L,1,1752,5,0,1,2,0,72,1,0,0,995,0,0,0,73401,9,9,2,4,2,1,4,1,1,4,0,0,0,0,1,1,2,2,2,0,1,2,17,1,1,1,5,L,89,0,0,0,0,0,0,0,0,0,0,275,10,0,0,0,1,1,14,0,9,25392,998,190,12,0,4,95,95,95,95,0,995,2259.18028942213,9,2
7215,19,65,1-19-2017-065-02,2,2,1N4AL3AP7EN2,17,35,47,2014,4,1,3,0,1,F,2,1451,5,0,1,1,1,105,1,0,0,995,0,0,0,35903,2,2,2,1,3,1,2,1,1,1,1,3,0,0,1,8,0,0,1,0,1,4,66,2,2,1,5,L,86,0,0,0,0,0,0,0,0,0,0,20,120,0,1,0,1,1,39,-38,7,87331,998,34,38,0,1,1,1,0,4,0,995,102.089013427492,9,2
7216,19,66,1-19-2017-066-02,2,1,2G1WF55E8Y92,17,20,2,2000,4,1,4,0,1,B,3,1540,5,0,1,1,1,121,1,0,0,995,0,0,0,35957,2,2,0,3,2,2,2,1,1,1,3,2,1,2,2,1,0,0,3,0,5,3,53,1,1,1,2,D,21,0,0,0,0,0,0,0,0,0,0,70,70,0,0,0,1,3,66,66,0,431446,998,0,83,0,1,1,1,0,4,0,995,102.089013427492,9,2
7216,19,66,1-19-2017-066-02,2,2,KMHCT5AEXGU2,17,55,36,2016,5,1,2,0,1,F,3,1159,5,9999,9,0,1,121,1,0,0,995,0,0,0,21136,7,1,0,3,2,2,2,1,1,1,3,2,1,2,2,1,0,0,9,0,1,3,50,99,1,2,2,D,20,0,0,0,0,0,0,0,0,0,0,70,70,0,0,0,1,3,78,-78,0,158128,998,0,55,0,4,2,5,0,4,0,995,102.089013427492,9,2
7218,13,52,1-13-2017-052-06,6,1,2GCEC19T3213,17,20,481,2002,34,5,31,0,1,R,2,1980,5,0,1,1,1,64,1,0,0,995,0,0,0,76013,1,9,2,4,2,1,1,1,1,1,0,0,0,0,1,1,2,2,9,0,1,2,17,99,1,1,5,L,87,0,0,0,0,0,0,0,0,0,0,90,0,0,0,0,1,3,33,-17,-29,189839,998,82,44,0,4,0,0,0,0,0,995,5045.28531568187,7,2
7218,13,52,1-13-2017-052-06,6,2,3FAHP0JA7CR1,17,12,23,2012,4,1,3,0,1,F,3,1490,5,0,1,1,1,64,1,0,0,995,0,0,0,75220,1,1,2,4,3,1,1,1,1,1,0,3,0,0,1,1,0,0,1,0,1,4,66,1,1,1,5,L,86,0,0,0,0,0,0,0,0,0,0,0,90,0,0,0,1,3,41,-35,20,72437,998,99,28,0,4,0,0,0,0,0,995,5045.28531568187,7,2
7222,21,25,1-21-2017-025-03,3,1,JT2BG22K2X03,17,49,40,1999,4,1,3,0,1,R,2,1415,5,0,1,1,1,64,1,0,0,995,0,0,0,92311,9,9,1,1,3,3,2,1,1,1,1,0,0,0,1,1,0,0,9,0,11,2,15,99,1,1,4,J,68,0,0,0,0,0,0,0,0,0,0,295,170,0,1,0,1,1,25,-19,-16,71701,998,145,25,0,1,0,0,0,0,0,995,440.350593814522,11,2
7222,21,25,1-21-2017-025-03,3,2,JTLZE4FE9FJ0,17,67,31,2015,6,1,2,0,1,F,2,1373,5,0,2,1,1,64,1,0,0,995,0,0,0,92313,1,2,1,1,3,2,2,1,1,1,1,1,0,0,1,1,0,0,1,0,1,4,62,1,1,1,4,J,69,0,0,0,0,0,0,0,0,0,0,170,295,0,1,0,1,1,26,-25,4,43015,998,46,26,0,1,1,1,0,4,0,995,440.350593814522,11,2
7196,26,32,1-26-2017-032-06,6,1,2HGFG12869H5,17,37,31,2009,2,1,3,0,1,L,2,1226,5,0,1,1,1,40,1,0,0,995,0,0,0,95828,3,2,2,4,2,1,2,1,1,1,0,0,0,0,3,1,2,2,1,0,1,2,17,1,1,1,5,L,89,0,0,0,0,0,0,0,0,0,0,90,180,0,0,0,1,1,37,-13,34,148831,998,-94,15,0,1,1,2,0,3,0,995,557.212183905254,10,2
7196,26,32,1-26-2017-032-06,6,2,1GNEK13T21J3,17,20,421,2001,15,3,15,0,1,F,1,2317,8,0,1,5,1,72,1,0,0,995,0,0,0,95824,1,1,2,4,4,1,2,1,1,1,3,2,0,0,3,1,0,0,1,0,1,4,66,7,1,1,5,L,88,0,0,0,0,0,0,0,0,0,0,180,90,0,0,0,1,1,23,-21,-8,26801,998,-79,15,0,1,1,2,0,6,0,995,557.212183905254,10,2
7196,26,32,1-26-2017-032-06,6,3,JTDKN3DU1A02,17,49,46,2010,5,1,3,0,1,F,1,1380,5,9999,9,0,0,72,1,0,0,995,0,0,0,95815,9,9,0,4,4,2,2,1,1,1,1,2,0,0,3,1,0,0,1,0,1,4,66,99,1,1,6,M,98,0,0,0,0,0,0,0,0,0,0,0,120,0,0,0,2,3,10,-5,8,8099,998,131,8,0,4,95,95,95,95,0,995,557.212183905254,10,2
7225,19,67,1-19-2017-067-01,1,1,1G1ND52J12M5,17,20,37,2002,4,1,3,0,1,L,9,1384,5,0,1,1,1,113,1,9,1,0,4,9,1,35903,1,2,1,3,1,1,2,2,2,1,2,2,0,0,3,2,0,0,9,1,14,1,6,99,2,4,6,M,98,0,0,0,0,0,0,0,0,0,0,270,30,0,1,0,1,5,999,999,999,9999999,999,999,40,0,0,9,0,0,1,0,995,252.574818089803,9,2
7225,19,67,1-19-2017-067-01,1,2,1FUJBBCK47LV,17,82,883,2007,66,8,67,0,1,F,9,,,,,,1,113,1,0,8,997,8,0,3,30044,9,9,1,2,3,2,2,2,1,1,1,3,3,3,3,2,0,0,9,0,1,4,64,99,1,1,6,M,98,,,,,,,,,,,,,,,,,,,,,,,,,,,95,95,95,95,,,252.574818089803,9,2
7228,33,55,1-33-2017-055-06,6,1,2D4GP24R55R3,17,7,442,2005,20,4,20,0,1,F,1,1810,5,0,1,1,1,56,1,0,0,995,0,0,0,96021,1,1,2,1,3,3,2,1,1,1,1,0,0,0,1,1,1,2,2,0,11,2,15,2,1,1,4,J,68,0,0,0,0,0,0,0,0,0,0,330,180,0,0,0,1,1,21,-20,-4,74342,998,14,31,0,1,1,1,0,0,0,995,436.28572594027,12,2
7223,18,30,1-18-2017-030-08,8,1,2B7LB31Z91K5,17,7,461,2001,21,4,21,0,1,F,9,1994,5,9999,9,0,1,89,1,0,8,997,8,1,2,54722,9,9,0,4,2,1,2,1,1,1,1,2,0,0,1,1,0,0,9,1,1,1,8,99,1,4,1,B,7,0,0,0,0,0,0,0,0,0,0,998,998,0,0,1,0,0,999,999,999,9999999,999,999,999,9,0,1,1,0,3,0,998,363.809011306322,6,2
7224,18,31,1-18-2017-031-07,7,1,1GDG5C1G47F9,17,23,881,2017,62,8,60,0,1,R,9,,,,,,0,48,1,0,0,995,0,0,0,54729,9,9,3,5,4,2,1,1,1,1,4,4,0,0,1,1,0,0,9,0,10,2,16,99,1,1,4,J,70,,,,,,,,,,,,,,,,,,,,,,,,,,,95,95,95,95,,,1313.24977357053,6,2
7224,18,31,1-18-2017-031-07,7,2,3VWDZ7AJ6BM0,17,30,40,2011,4,1,3,0,1,F,9,1381,5,0,1,1,1,48,1,0,0,995,0,0,0,54703,1,1,3,5,4,1,1,1,1,1,0,2,0,0,1,1,0,0,1,0,1,4,60,4,1,1,4,J,71,0,0,0,0,0,0,0,0,0,0,260,50,0,0,0,1,5,999,999,999,9999999,999,999,13,0,0,0,0,0,0,0,995,1313.24977357053,6,2
7228,33,55,1-33-2017-055-06,6,2,KNADM5A3XC60,17,63,32,2012,5,1,2,0,1,F,2,1179,5,0,1,1,1,56,1,0,0,995,0,0,0,95926,1,2,2,1,3,2,2,1,1,1,3,1,0,0,1,1,1,2,1,0,1,4,62,1,1,1,4,J,69,0,0,0,0,0,0,0,0,0,0,180,330,0,0,0,1,1,33,-31,11,11798,998,-24,15,0,4,1,2,0,4,0,995,436.28572594027,12,2
7227,33,54,1-33-2017-054-09,9,1,1G1ND52F45M1,17,20,37,2005,4,1,3,0,1,L,9,1440,5,0,1,5,1,48,1,0,0,995,0,0,0,95954,1,1,2,5,2,1,2,1,1,2,2,0,0,0,5,1,2,2,9,0,11,2,15,99,1,1,4,K,82,0,0,0,0,0,0,0,0,0,0,70,190,0,0,0,1,12,999,999,999,9999999,999,999,999,9,0,0,0,0,4,0,995,1421.64094329572,12,2
7227,33,54,1-33-2017-054-09,9,2,1HGEJ6607TL0,17,37,31,1996,4,1,2,0,1,F,9,1051,5,9999,9,4,1,48,1,0,0,995,0,0,0,95969,1,2,2,5,3,1,2,1,1,4,1,2,0,0,5,1,5,2,1,0,1,4,67,3,1,1,4,K,83,0,0,0,0,0,0,0,0,0,0,190,70,0,0,0,1,12,999,999,999,9999999,999,999,999,9,0,1,2,0,4,0,995,1421.64094329572,12,2
7220,22,62,1-22-2017-062-01,1,1,JT2SK12E2S02,17,49,40,1995,4,1,2,0,1,F,3,1330,5,9999,9,4,1,105,1,0,1,0,2,1,2,83843,2,2,0,4,2,1,2,1,1,1,1,2,1,0,1,1,0,0,9,1,1,1,8,99,4,2,3,G,50,0,0,0,0,0,0,0,0,0,0,65,270,0,1,0,1,3,83,-82,-14,411641,998,-36,85,0,4,3,10,1,1,0,995,91.2520349196253,12,2