CASEID,PSU,CASENO,CASENUMBER,CATEGORY,VEHNO,VIN,VINLENGTH,MAKE,MODEL,MODELYR,BODYTYPE,BODYCAT,VEHCLASS,SPECUSE,TRANSTAT,DAMPLANE,DAMSEV,CURBWT,CURBSRC,CARGOWT,CARGOSRC,INSPTYPE,TOWSTAT,SPEEDLIMIT,DRPRESENT,PARALCOHOL,ALCTEST,ALCTESTRESULT,ALCTESTSRC,PARDRUG,DRUGTEST,ZIP,RACE,ETHNICITY,RELTOJUNCT,TRAFFLOW,RDLANES,INITLANE,SURFTYPE,SURFCOND,ALIGNMENT,PROFILE,LINERIGHT,LINELEFT,RUMBINIT,RUMBROAD,LIGHTCOND,WEATHER,TRAFDEV,TRAFFUNCT,DISTRACT,PREFHE,PREMOVE,CRITCAT,CRITEVENT,MANEUVER,PRESTAB,PRELOC,CRASHCAT,CRASHCONF,CRASHTYPE,ROLLTYPE,ROLLTURN,ROLLINTRPT,ROLLPREMAN,ROLLINITYP,ROLLINLOC,ROLLOBJ,ROLLTRIP,ROLLDIR,ROLLDIST,DVANGTHIS,DVANGOTH,TOWHITCH,TRAJDOC,TREEPOLE,DVEVENT,DVBASIS,DVTOTAL,DVLONG,DVLAT,DVENERGY,DVSPEED,DVMOMENT,DVBES,DVEST,DVCONF,VAIS,VISS,VINJURED,VTREAT,INITOBJCLASS,HEADANGLECAT,CASEWGT,PSUSTRAT,VERSION
7307,17,39,1-17-2017-039-09,9,2,2CNBJ13C2369,17,20,402,2003,14,3,14,0,1,B,1,1355,8,0,2,1,1,48,1,0,0,995,0,0,0,61201,1,2,2,3,1,1,1,1,2,2,2,1,0,0,1,1,3,2,1,0,5,3,53,1,1,1,2,D,21,0,0,0,0,0,0,0,0,0,0,320,315,0,0,0,1,3,11,11,-2,7604,998,37,11,0,4,1,2,0,4,0,995,746.523651762387,4,2
7302,24,63,1-24-2017-063-04,4,1,5FNRL3H45AB0,17,37,441,2010,20,4,20,0,1,F,1,2062,5,0,1,1,1,72,1,0,0,995,0,0,0,08205,2,2,0,4,2,1,2,1,1,1,1,2,0,0,1,1,0,0,1,0,1,3,52,4,1,1,2,D,28,0,0,0,0,0,0,0,0,0,0,180,180,0,0,0,1,1,12,-12,0,21804,998,-59,15,0,1,1,1,0,4,0,995,1011.03814312382,1,2
7302,24,63,1-24-2017-063-04,4,2,19UUB1F55GA0,17,54,44,2016,4,1,4,0,1,B,1,1579,5,0,1,1,1,72,1,0,0,995,0,0,0,08205,3,2,0,4,2,1,2,1,1,1,1,1,0,0,1,1,0,0,1,0,2,3,53,7,1,1,2,D,30,0,0,0,0,0,0,0,0,0,0,180,180,0,0,0,1,1,15,15,0,6658,998,-48,10,0,1,0,0,0,0,0,995,1011.03814312382,1,2
7313,19,71,1-19-2017-071-02,2,1,1FADP3K21EL4,17,12,37,2014,5,1,3,0,1,F,2,1327,5,0,1,1,1,72,1,1,1,0,2,1,3,35903,1,2,0,4,2,1,2,1,1,1,1,2,0,0,1,1,0,0,3,1,17,2,12,1,1,4,1,B,8,1,3,1,2,1,4,61,1,2,10,998,998,0,1,0,1,10,999,999,999,9999999,999,999,31,3,0,1,1,0,4,3,998,102.254368521873,9,2
7314,19,72,1-19-2017-072-02,2,1,1HGCR2F82GA0,17,37,32,2016,4,1,4,0,1,L,2,1496,5,0,1,1,1,40,1,0,0,995,0,0,0,35956,1,2,2,1,2,1,2,1,1,2,0,0,0,0,1,8,6,2,9,0,1,2,17,99,1,4,5,L,89,0,0,0,0,0,0,0,0,0,0,100,180,0,0,0,1,1,28,-5,27,24332,998,56,18,0,1,3,14,1,1,0,995,284.367605013661,9,2
7314,19,72,1-19-2017-072-02,2,2,1FT7W2B6XDEB,17,12,481,2013,34,5,31,0,1,F,1,3099,5,0,1,1,1,89,1,0,0,995,0,0,0,35957,1,2,2,1,3,2,2,1,1,4,1,3,0,0,1,8,6,2,9,0,1,2,17,99,1,2,5,L,88,0,0,0,0,0,0,0,0,0,0,180,100,0,0,0,1,1,15,-14,-5,63846,998,-79,21,0,1,0,0,0,0,0,995,284.367605013661,9,2
7315,19,73,1-19-2017-073-06,6,1,1C3CCBAG5EN1,17,6,18,2014,4,1,3,0,1,R,1,1544,5,0,1,1,1,64,1,0,0,995,0,0,0,35904,2,2,0,4,2,1,2,2,3,2,1,1,0,0,1,1,0,0,1,1,14,2,13,3,1,4,1,A,1,0,0,0,0,0,0,0,0,0,0,998,998,0,1,4,3,10,999,999,999,9999999,999,999,999,2,0,1,1,0,4,0,998,1873.17869437277,9,2
7320,21,29,1-21-2017-029-07,7,1,KNAFU4A20A51,17,63,38,2010,4,1,3,0,1,F,1,1228,5,0,1,1,1,40,1,0,0,995,0,0,0,92405,9,1,0,4,2,1,2,1,3,1,0,0,0,0,3,99,0,0,3,1,14,2,13,1,1,4,1,A,1,0,0,0,0,0,0,0,0,0,0,105,95,0,0,0,1,8,999,999,999,9999999,999,999,999,6,0,0,0,0,0,0,995,1314.13987079159,11,2
7319,21,28,1-21-2017-028-03,3,1,KNADM4A33D63,17,63,32,2013,4,1,2,0,1,F,2,1126,5,9999,9,5,1,80,1,1,9,998,8,0,0,92882,9,1,0,4,5,4,2,1,1,1,3,2,0,0,3,1,0,0,9,1,1,2,12,1,1,4,1,B,6,0,0,0,0,0,0,0,0,0,0,998,998,0,0,1,4,12,999,999,999,9999999,999,999,999,3,0,1,1,0,4,0,998,367.467193042291,11,2
7327,30,57,1-30-2017-057-05,5,1,1G1ZB5ST5GF3,17,20,37,2016,4,1,4,0,1,L,1,1400,5,0,1,2,0,64,1,0,0,995,0,0,0,85932,9,9,2,4,3,2,2,1,1,4,1,2,0,0,1,1,2,2,9,0,11,2,15,99,9,1,4,K,82,0,0,0,0,0,0,0,0,0,0,160,270,0,0,0,1,1,19,-7,18,24118,998,-90,18,0,1,95,95,95,95,0,995,127.572371892563,10,2
7327,30,57,1-30-2017-057-05,5,2,1G1PF5SCXC73,17,20,25,2012,4,1,3,0,1,F,1,1407,5,0,1,1,1,64,1,0,9,998,8,0,9,85309,9,9,2,4,5,1,2,1,1,1,1,3,0,0,1,1,0,0,1,0,1,4,67,2,1,1,4,K,83,0,0,0,0,0,0,0,0,0,0,270,160,0,0,0,1,1,18,-18,0,22216,998,-19,20,0,1,2,5,0,3,0,995,127.572371892563,10,2
7324,33,60,1-33-2017-060-10,10,1,1GTHK29174E1,17,23,481,2004,34,5,31,0,1,F,9,2397,5,46,1,1,1,89,1,0,0,995,0,0,0,95966,2,2,0,4,2,1,2,1,1,1,1,4,0,0,2,1,0,0,2,0,1,3,51,3,1,1,2,D,24,0,0,0,0,0,0,0,0,0,0,175,180,0,0,0,1,5,999,999,999,9999999,999,999,12,0,0,0,0,0,0,0,995,207.525783280832,12,2
7324,33,60,1-33-2017-060-10,10,2,999999999999,99,98,998,2000,92,10,90,0,1,B,9,,,,,,0,89,1,0,0,995,0,0,0,95953,9,9,0,4,2,1,2,1,1,1,1,4,0,0,2,1,0,0,9,0,1,3,53,1,1,1,2,D,25,,,,,,,,,,,,,,,,,,,,,,,,,,,95,95,95,95,,,207.525783280832,12,2
7322,22,67,1-22-2017-067-03,3,1,JTEBU14R6701,17,49,401,2007,14,3,14,0,1,F,1,1950,5,0,1,1,1,56,1,0,0,995,0,0,0,83501,1,2,2,5,4,2,2,1,1,1,3,2,0,0,1,1,0,0,2,1,10,2,11,1,1,2,4,J,70,0,0,0,0,0,0,0,0,0,0,100,90,0,0,0,1,12,999,999,999,9999999,999,999,999,1,0,0,0,0,0,0,995,65.6205867032439,12,2
7323,22,68,1-22-2017-068-03,3,1,1GNFK16U96J1,17,20,422,2006,15,3,15,0,1,R,1,2497,5,0,2,1,1,80,1,0,0,995,0,7,9,98074,1,2,2,4,2,1,2,1,1,1,1,2,0,0,1,8,5,2,2,0,1,2,17,1,1,1,5,L,87,0,0,0,0,0,0,0,0,0,0,100,350,0,0,0,1,1,8,-1,-8,2915,998,253,3,0,4,0,0,0,0,0,995,65.6205867066166,12,2
7323,22,68,1-22-2017-068-03,3,2,KMHCT4AE0GU0,17,55,36,2016,4,1,2,0,1,F,1,1155,5,0,2,1,1,97,1,0,0,995,0,7,9,99111,1,2,2,4,3,1,2,1,1,1,1,1,1,0,1,8,8,2,1,0,1,4,66,3,1,1,5,L,86,0,0,0,0,0,0,0,0,0,0,350,100,0,0,0,1,1,18,-18,-3,36616,998,-3,28,0,4,1,1,0,4,0,995,65.6205867066166,12,2
7325,33,61,1-33-2017-061-09,9,1,JNRDR07X41W1,17,58,401,2001,14,3,14,0,1,L,1,1974,5,0,1,1,1,89,1,0,0,995,0,0,0,77357,1,2,2,5,3,1,2,1,1,1,1,2,0,0,1,1,0,0,3,1,1,1,9,2,2,4,1,A,2,0,0,0,0,0,0,0,0,0,0,998,998,0,0,0,1,1,13,-13,0,15740,998,-60,13,0,4,1,1,0,4,0,998,75.3307217326577,12,2
7322,22,67,1-22-2017-067-03,3,2,2T1BURHE5FC2,17,49,32,2015,4,1,3,0,1,L,1,1265,5,0,1,1,1,56,1,0,0,995,0,0,0,83501,1,2,2,5,4,1,2,1,1,1,0,3,0,0,1,1,0,0,1,0,1,4,60,2,1,1,4,J,71,0,0,0,0,0,0,0,0,0,0,90,100,0,0,0,1,12,999,999,999,9999999,999,999,999,2,0,0,0,0,6,0,995,65.6205867032439,12,2
7326,33,62,1-33-2017-062-09,9,1,2HGEJ1227RH5,17,37,31,1994,2,1,2,0,1,F,2,1010,5,0,1,1,1,48,1,0,0,995,0,1,9,95973,3,2,0,1,2,2,2,1,1,1,3,1,0,0,3,1,0,0,9,1,1,2,12,99,1,4,1,B,6,0,0,0,0,0,0,0,0,0,0,998,998,0,0,0,1,12,999,999,999,9999999,999,999,999,3,0,0,0,0,4,0,998,75.3307217326577,12,2
7318,13,56,1-13-2017-056-02,2,1,4A4AP3AWXFE0,17,52,47,2015,6,1,3,0,1,L,1,1460,5,0,1,1,1,48,1,0,0,995,0,0,0,76108,1,2,2,1,2,2,2,1,1,1,3,1,0,0,1,1,1,2,3,0,1,2,17,1,1,1,5,L,89,1,4,2,5,1,1,61,1,1,15,150,270,0,0,0,1,5,999,999,999,9999999,999,999,13,2,0,2,5,0,4,3,995,201.638989842624,7,2
7318,13,56,1-13-2017-056-02,2,2,KNDMB1339862,17,63,441,2008,20,4,20,0,1,F,1,1990,5,0,1,1,1,48,1,0,0,995,0,0,0,76116,1,2,2,4,4,2,2,1,1,2,3,2,0,0,1,1,1,2,9,0,1,4,66,99,1,1,5,L,88,0,0,0,0,0,0,0,0,0,0,270,150,0,0,0,1,5,999,999,999,9999999,999,999,9,1,0,9,0,0,4,0,995,201.638989842624,7,2
7321,22,66,1-22-2017-066-04,4,1,3MYDLBYV0HY1,17,49,51,2017,4,1,2,0,1,L,1,1095,5,0,1,1,1,40,1,0,0,995,0,0,0,83501,1,2,2,4,2,1,2,1,1,1,0,0,0,0,1,1,2,2,1,0,11,2,15,8,1,1,4,K,82,0,0,0,0,0,0,0,0,0,0,240,0,0,0,0,1,1,19,-10,17,16879,998,58,18,0,1,1,1,0,0,0,995,285.136041398238,12,2
7321,22,66,1-22-2017-066-04,4,2,1HGCG668X2A0,17,37,32,2002,4,1,3,0,1,F,1,1375,5,0,1,1,1,56,1,0,0,995,0,0,0,83501,1,2,2,5,5,1,2,1,1,4,0,3,0,0,1,1,0,0,1,0,1,4,67,2,1,1,4,K,83,0,0,0,0,0,0,0,0,0,0,0,240,0,0,0,1,1,14,-14,0,15054,998,-22,16,0,1,0,0,0,0,0,995,285.136041398238,12,2
7311,26,36,1-26-2017-036-02,2,1,JTDKB20U0776,17,49,46,2007,5,1,3,0,1,F,2,1335,5,0,1,1,1,64,1,0,0,995,0,0,0,95608,1,2,2,1,6,4,2,1,1,1,3,1,0,0,1,1,1,2,1,0,1,4,62,1,1,1,4,J,69,0,0,0,0,0,0,0,0,0,0,70,215,0,0,0,1,3,30,-28,10,63550,998,63,30,0,1,4,26,1,3,0,995,255.856912304465,10,2
7311,26,36,1-26-2017-036-02,2,2,1C6RR7ST2FS6,17,7,482,2015,34,5,31,0,1,F,1,2336,5,9999,9,0,1,64,1,0,0,995,0,0,0,95691,1,2,2,1,4,4,2,1,1,1,1,0,0,0,1,1,1,2,9,0,11,2,15,99,1,1,4,J,68,0,0,0,0,0,0,0,0,0,0,215,70,0,0,0,1,3,18,-17,-6,39807,998,-91,18,0,4,9,97,0,6,0,995,255.856912304465,10,2
7337,30,59,1-30-2017-059-02,2,1,1G6AB5SX9H01,17,19,24,2017,4,1,4,0,1,F,1,1729,5,9999,9,0,1,72,1,0,0,995,0,0,0,85048,9,9,2,1,3,3,2,1,1,1,1,0,0,0,3,1,1,2,9,0,11,2,15,99,9,1,4,J,68,0,0,0,0,0,0,0,0,0,0,160,0,0,0,0,1,3,20,-20,0,56506,998,0,28,0,4,9,0,0,99,0,995,65.7375235677853,10,2
7337,30,59,1-30-2017-059-02,2,2,WBANU53508CT,17,34,35,2008,4,1,4,0,1,F,1,1540,5,0,1,1,1,72,1,0,0,995,0,0,0,85044,1,2,2,1,3,2,2,1,1,1,3,1,0,0,3,1,1,2,1,0,1,4,62,2,1,1,4,J,69,0,0,0,0,0,0,0,0,0,0,0,160,0,0,0,1,3,23,-18,15,33800,998,129,17,0,4,0,0,0,0,0,995,65.7375235677853,10,2
7330,20,71,1-20-2017-071-09,9,1,1FUYDZYB0WL9,17,82,999,1998,99,10,99,0,1,R,9,,,,,,0,89,1,0,0,995,0,0,0,93030,9,9,3,5,2,1,2,1,1,1,0,0,0,0,2,1,0,0,9,0,11,3,55,99,1,2,4,J,74,,,,,,,,,,,,,,,,,,,,,,,,,,,95,95,95,95,,,596.722881009616,11,2
7330,20,71,1-20-2017-071-09,9,2,1GCDS1969482,17,20,473,2004,34,5,30,0,1,F,3,1636,5,0,1,1,1,89,1,0,1,0,2,0,0,93926,7,1,3,5,3,1,2,1,1,1,1,2,0,0,2,1,0,0,9,0,1,4,71,99,1,1,4,J,74,0,0,0,0,0,0,0,0,0,0,130,160,0,0,0,1,5,999,999,999,9999999,999,999,42,4,0,2,5,0,4,0,995,596.722881009616,11,2
7295,10,30,1-10-2017-030-06,6,1,1HGCM56715A0,17,37,32,2005,4,1,3,0,1,F,1,1389,5,0,1,1,1,56,1,0,0,995,0,0,0,45458,1,2,2,1,2,1,2,2,1,1,1,2,0,0,1,2,2,2,3,0,1,4,67,1,1,1,4,K,83,0,0,0,0,0,0,0,0,0,0,20,240,0,1,0,1,1,17,-15,-9,24912,998,-143,15,0,4,1,1,0,6,0,995,310.417770748704,4,2
7295,10,30,1-10-2017-030-06,6,2,5N1AA0NC1BN6,17,35,421,2011,15,3,15,0,1,F,1,2652,5,0,1,1,1,56,1,0,0,995,0,0,0,45459,1,2,2,2,2,1,2,2,1,1,1,2,0,0,1,2,2,2,1,0,11,2,15,1,1,2,4,K,82,0,0,0,0,0,0,0,0,0,0,240,20,0,1,0,1,1,9,-9,2,20889,998,93,12,0,4,1,3,0,4,0,995,310.417770748704,4,2
7332,14,32,1-14-2017-032-06,6,1,JM1BK32F3818,17,41,51,2008,4,1,2,0,1,F,2,1249,5,0,1,1,1,89,1,0,0,995,0,0,0,78130,1,2,2,3,2,1,2,1,1,4,1,3,0,0,1,1,0,0,2,0,1,4,66,1,1,1,5,L,86,0,0,0,0,0,0,0,0,0,0,55,140,0,0,0,1,1,28,-25,14,60727,998,87,29,0,1,1,2,0,6,0,995,1318.05921883787,8,2
7332,14,32,1-14-2017-032-06,6,2,JNKBY01E86M2,17,58,38,2006,4,1,4,0,1,R,1,1800,5,0,2,1,1,89,1,1,8,997,8,0,0,78266,1,2,2,4,2,1,2,1,1,1,0,2,0,0,1,1,2,2,2,0,1,3,55,1,1,1,5,L,87,0,0,0,0,0,0,0,0,0,0,140,55,0,0,0,1,1,20,-7,-18,27556,998,31,19,0,1,0,0,0,0,0,995,1318.05921883787,8,2
7333,14,33,1-14-2017-033-07,7,1,1FUYDMDB7VP6,17,82,881,1997,66,8,68,0,1,L,9,,,,,,0,113,1,0,0,995,0,0,0,78250,9,9,0,3,4,2,2,2,1,9,3,3,0,3,1,2,0,0,9,0,1,4,60,99,1,1,2,F,45,,,,,,,,,,,,,,,,,,,,,,,,,,,95,95,95,95,,,2666.64479275074,8,2
7333,14,33,1-14-2017-033-07,7,2,4T4BF3EK0BR1,17,49,40,2011,4,1,4,0,1,B,9,1500,5,0,1,1,1,113,1,0,0,995,0,0,0,89147,3,2,0,3,4,3,2,2,1,9,3,3,0,3,1,2,0,0,1,1,15,1,6,7,1,2,2,F,46,0,0,0,0,0,0,0,0,0,0,330,50,0,0,0,1,5,999,999,999,9999999,999,999,18,0,0,0,0,0,0,0,995,2666.64479275074,8,2
7312,26,37,1-26-2017-037-08,8,1,5TETX22N75Z0,17,49,472,2005,34,5,30,0,1,L,9,1567,5,0,1,1,1,64,1,0,1,0,2,0,2,95827,9,9,2,1,6,1,2,1,1,2,0,1,0,0,1,1,1,2,9,0,10,1,8,1,1,1,4,K,84,0,0,0,0,0,0,0,0,0,0,150,190,0,0,0,1,5,999,999,999,9999999,999,999,17,0,0,0,0,0,3,0,995,1502.31800595479,10,2
7312,26,37,1-26-2017-037-08,8,2,4V4M19EG78N4,17,51,881,2008,66,8,68,0,1,R,9,,,,,,0,64,1,0,0,995,0,0,0,95843,9,9,2,1,5,4,2,1,1,1,1,1,0,0,1,1,1,2,1,0,11,4,65,1,1,1,4,K,84,,,,,,,,,,,,,,,,,,,,,,,,,,,95,95,95,95,,,1502.31800595479,10,2
7339,15,38,1-15-2017-038-03,3,1,4T1BE46KX7U6,17,49,40,2007,4,1,3,0,1,F,1,1500,5,0,1,1,1,48,1,0,0,995,0,0,0,11050,9,9,3,4,2,1,2,1,1,1,0,0,0,0,1,1,0,0,9,0,11,2,15,99,1,7,4,K,76,0,0,0,0,0,0,0,0,0,0,50,350,0,0,0,1,3,11,-11,2,9778,998,63,12,0,4,0,0,0,0,0,995,361.344488706262,1,2
7338,15,37,1-15-2017-037-03,3,1,3VWD17AJ5GM3,17,30,40,2016,4,1,3,0,1,F,9,1364,5,0,1,1,1,64,1,0,0,995,0,0,0,11801,9,9,2,4,5,1,2,1,1,1,1,3,0,0,1,1,0,0,9,0,1,3,52,99,1,1,2,D,28,0,0,0,0,0,0,0,0,0,0,70,80,0,0,0,1,5,999,999,999,9999999,999,999,12,0,0,99,99,0,8,0,995,361.344488707634,1,2
7339,15,38,1-15-2017-038-03,3,2,KM8J3CA29HU3,17,55,402,2017,14,3,14,0,1,L,1,1634,5,9999,9,0,1,48,1,0,0,995,0,0,0,11576,9,9,3,5,5,1,2,1,1,1,1,3,0,0,1,1,0,0,9,0,1,4,70,99,1,1,4,K,77,0,0,0,0,0,0,0,0,0,0,350,50,0,0,0,1,3,10,6,8,15824,998,159,10,0,4,99,99,0,99,0,995,361.344488706262,1,2
7338,15,37,1-15-2017-037-03,3,2,999999999999,99,87,898,2008,78,8,78,99,1,B,9,,,,,,0,64,1,0,0,995,0,7,0,10926,9,9,2,4,5,1,2,1,1,1,1,3,0,0,1,1,0,0,1,0,2,3,53,1,1,1,2,D,31,,,,,,,,,,,,,,,,,,,,,,,,,,,95,95,95,95,,,361.344488707634,1,2
7340,20,73,1-20-2017-073-03,3,1,1FM5K7F85EGC,17,12,401,2014,14,3,14,0,1,F,2,2146,5,0,2,1,1,64,1,0,0,995,0,0,0,93955,1,2,2,4,2,1,2,1,1,2,0,4,0,0,1,8,0,0,3,0,11,2,15,1,1,1,4,J,68,0,0,0,0,0,0,0,0,0,0,50,270,0,0,0,1,3,25,-22,-13,83456,998,-93,26,0,1,2,5,0,6,0,995,88.696227305,11,2
6488,25,4,1-25-2017-004-03,3,5,3N1AB61E79L6,17,35,43,2009,4,1,3,99,1,B,9,1296,5,9999,9,0,0,48,1,0,0,995,0,0,0,04013,9,9,0,4,4,2,2,1,1,1,3,2,0,0,1,1,0,0,9,0,5,3,53,99,1,1,6,M,98,0,0,0,0,0,0,0,0,0,0,270,270,0,0,0,0,0,999,999,999,9999999,999,999,999,9,0,95,95,95,95,0,995,239.202737091011,2,2
7341,27,8,1-27-2017-008-07,7,1,5Y2SL65887Z4,17,22,32,2007,6,1,2,0,1,R,1,1227,5,0,1,1,1,56,1,0,0,995,0,0,0,01201,1,2,2,4,2,1,2,1,1,1,1,2,0,0,1,1,0,0,2,0,11,2,15,3,1,1,4,J,68,0,0,0,0,0,0,0,0,0,0,95,335,0,0,0,1,3,19,-12,-14,21409,998,45,19,0,4,1,1,0,0,0,995,1005.87137560949,3,2
7309,11,30,1-11-2017-030-05,5,1,3GNDA23PX6S6,17,20,23,2006,6,1,2,0,1,R,9,1440,5,0,2,4,1,72,1,9,9,998,8,9,9,23112,1,2,2,4,4,2,2,1,1,1,1,1,0,0,1,1,2,2,2,0,1,2,17,1,1,1,5,L,87,0,0,0,0,0,0,0,0,0,0,40,320,0,0,0,1,12,999,999,999,9999999,999,999,999,9,0,0,0,0,0,0,995,219.812761373368,8,2
7309,11,30,1-11-2017-030-05,5,2,1N4AL21E18N5,17,35,47,2008,4,1,4,0,1,F,9,1429,5,0,2,4,1,72,1,9,9,998,8,9,9,23112,1,2,2,1,4,2,2,1,1,1,1,3,0,0,1,1,0,0,1,0,1,4,66,2,1,2,5,L,86,0,0,0,0,0,0,0,0,0,0,320,40,0,0,0,1,12,999,999,999,9999999,999,999,999,9,0,1,1,0,3,0,995,219.812761373368,8,2
7340,20,73,1-20-2017-073-03,3,2,JTMDJREV9GD0,17,49,402,2016,14,3,14,0,1,F,2,1625,5,0,2,5,1,64,1,0,0,995,0,0,0,93933,9,1,2,4,2,1,2,1,1,4,0,4,0,0,1,8,0,0,1,0,1,4,62,2,1,1,4,J,69,0,0,0,0,0,0,0,0,0,0,270,50,0,0,0,1,3,32,-32,6,68744,998,36,31,0,4,1,1,0,6,0,995,88.696227305,11,2
7341,27,8,1-27-2017-008-07,7,2,1D7RV1GT6AS1,17,7,482,2010,34,5,31,99,1,F,1,2385,5,9999,9,0,1,56,1,0,0,995,0,0,0,01201,9,9,2,4,2,1,2,1,1,1,1,2,0,0,1,1,0,0,9,0,1,4,62,1,1,1,4,J,69,0,0,0,0,0,0,0,0,0,0,335,95,0,0,0,1,3,10,-10,2,9053,998,44,9,0,4,0,0,0,0,0,995,1005.87137560949,3,2
7310,11,31,1-11-2017-031-07,7,1,1G1JC5247273,17,20,16,2002,4,1,2,0,1,F,1,1214,5,9999,9,0,1,56,1,9,9,998,8,9,9,23832,9,9,2,1,4,3,2,1,1,1,1,1,0,0,1,1,1,2,9,0,1,2,17,99,1,1,5,L,86,0,0,0,0,0,0,0,0,0,0,350,95,0,0,0,1,3,13,-13,-2,6501,998,-38,11,0,4,0,0,0,0,0,995,6275.10787317042,8,2
7310,11,31,1-11-2017-031-07,7,2,1HGCP36899A0,17,37,32,2009,4,1,4,0,1,R,1,1523,5,0,1,1,1,56,1,9,9,998,8,9,9,23831,2,2,2,4,4,2,2,1,1,1,1,2,0,0,1,1,1,2,1,0,1,4,66,1,1,1,5,L,87,0,0,0,0,0,0,0,0,0,0,95,350,0,0,0,1,3,11,-2,-11,15082,998,-126,12,0,4,1,1,0,0,0,995,6275.10787317042,8,2
7342,20,74,1-20-2017-074-08,8,1,1HGED4664ML0,17,37,31,1991,4,1,1,0,1,B,9,995,5,9999,9,0,1,89,1,0,0,995,0,0,0,93905,7,1,0,4,2,1,2,1,1,1,0,2,0,0,1,1,0,0,9,1,1,1,1,99,9,4,1,B,7,0,0,0,0,0,0,0,0,0,0,998,998,0,0,0,0,0,999,999,999,9999999,999,999,999,9,0,2,4,0,3,0,998,73.2302624187134,11,2
7291,28,34,1-28-2017-034-06,6,1,1G4AG55M6T64,17,18,7,1996,4,1,3,0,1,F,1,1383,5,0,1,2,0,89,1,0,0,995,0,0,0,16927,9,9,2,4,2,1,2,1,1,1,1,2,1,2,1,1,6,2,9,1,6,2,10,2,2,2,2,F,48,0,0,0,0,0,0,0,0,0,0,240,200,0,0,0,1,1,13,-13,-5,13508,998,-26,15,0,1,95,95,95,95,0,995,311.85707879823,3,2
7291,28,34,1-28-2017-034-06,6,2,3FAHP07148R1,17,12,23,2008,4,1,3,0,1,L,1,1429,5,0,1,1,1,89,1,0,0,995,0,0,0,16927,1,2,2,4,2,1,2,1,1,1,1,2,2,3,1,1,1,2,1,0,11,4,60,1,1,1,2,F,48,0,0,0,0,0,0,0,0,0,0,200,240,0,0,0,1,1,13,6,11,13884,998,-128,12,0,1,1,1,0,4,0,995,311.85707879823,3,2
7287,28,33,1-28-2017-033-06,6,1,3D7KS28T09G5,17,7,482,2009,34,5,31,0,1,T,3,2769,8,0,1,1,1,89,1,0,0,995,0,0,0,16948,1,2,0,4,2,1,2,2,3,2,1,2,3,3,1,2,0,0,1,1,14,1,6,7,2,4,1,B,7,1,2,2,2,2,4,31,4,1,7,997,997,0,0,0,1,6,999,999,999,9999999,999,999,999,8,0,1,1,0,0,2,997,79.4139291844408,3,2
7247,28,32,1-28-2017-032-01,1,1,1FAHP2HW8AG1,17,12,17,2010,4,1,4,0,1,F,9,1918,5,0,1,5,1,89,1,9,0,995,0,9,0,16933,1,2,0,4,2,1,2,1,2,4,1,2,1,0,5,1,0,0,9,1,14,2,10,99,1,2,3,G,50,0,0,0,0,0,0,0,0,0,0,280,110,0,0,0,1,5,999,999,999,9999999,999,999,69,0,0,9,0,0,1,0,995,116.185516823547,3,2
7247,28,32,1-28-2017-032-01,1,2,2NKMHD7X87M1,17,85,881,2007,63,8,60,0,1,F,9,,,,,,1,89,1,0,0,995,0,0,0,17774,9,9,0,4,2,1,2,1,1,2,1,2,1,0,5,1,0,0,9,0,1,4,62,4,1,1,3,G,51,,,,,,,,,,,,,,,,,,,,,,,,,,,95,95,95,95,,,116.185516823547,3,2
7345,10,31,1-10-2017-031-04,4,1,1G11B5SL3EF1,17,20,37,2014,4,1,3,0,1,F,9,1620,5,0,1,1,1,40,1,8,0,995,0,7,0,99999,9,9,0,4,2,1,2,1,1,1,0,0,0,0,1,1,0,0,9,1,1,2,10,99,9,2,3,I,64,0,0,0,0,0,0,0,0,0,0,350,180,0,0,0,1,5,999,999,999,9999999,999,999,14,0,0,0,0,0,99,0,995,1650.22234645847,4,2
7347,23,61,1-23-2017-061-04,4,1,1C3CCBBB0DN7,17,6,18,2013,4,1,3,0,1,L,1,1544,5,0,1,1,1,113,1,0,0,995,0,0,0,44904,9,9,0,2,6,1,2,2,1,1,1,3,2,3,4,2,0,0,9,1,1,1,9,99,3,4,1,A,2,0,0,0,0,0,0,0,0,0,0,998,998,0,0,0,1,1,24,-12,21,38572,998,-57,24,0,1,0,0,0,0,0,998,703.852753603933,5,2
7348,23,62,1-23-2017-062-02,3,1,5XYPGDA36GG0,17,63,402,2016,14,3,14,0,1,F,9,1742,5,0,1,5,1,40,1,0,0,995,0,0,0,43315,1,2,3,4,2,1,2,2,1,1,1,2,0,0,2,2,0,0,9,1,1,2,13,99,1,4,1,A,1,1,1,2,6,6,4,42,3,1,3,998,998,0,1,1,2,12,999,999,999,9999999,999,999,999,9,0,9,97,0,3,3,998,66.3431143320455,5,2
7349,23,63,1-23-2017-063-04,4,1,1G1105S32HU2,17,20,2,2017,4,1,4,0,1,F,2,1661,5,9999,9,0,1,113,1,1,0,995,0,1,0,43201,9,9,0,2,6,4,2,1,1,1,3,1,1,3,5,1,0,0,9,0,1,3,51,99,1,1,2,D,24,0,0,0,0,0,0,0,0,0,0,200,200,0,0,0,1,3,33,-33,0,59792,998,0,30,0,4,0,0,0,99,0,995,703.852753603933,5,2