CASEID,PSU,CASENO,CASENUMBER,CATEGORY,VEHNO,VIN,VINLENGTH,MAKE,MODEL,MODELYR,BODYTYPE,BODYCAT,VEHCLASS,SPECUSE,TRANSTAT,DAMPLANE,DAMSEV,CURBWT,CURBSRC,CARGOWT,CARGOSRC,INSPTYPE,TOWSTAT,SPEEDLIMIT,DRPRESENT,PARALCOHOL,ALCTEST,ALCTESTRESULT,ALCTESTSRC,PARDRUG,DRUGTEST,ZIP,RACE,ETHNICITY,RELTOJUNCT,TRAFFLOW,RDLANES,INITLANE,SURFTYPE,SURFCOND,ALIGNMENT,PROFILE,LINERIGHT,LINELEFT,RUMBINIT,RUMBROAD,LIGHTCOND,WEATHER,TRAFDEV,TRAFFUNCT,DISTRACT,PREFHE,PREMOVE,CRITCAT,CRITEVENT,MANEUVER,PRESTAB,PRELOC,CRASHCAT,CRASHCONF,CRASHTYPE,ROLLTYPE,ROLLTURN,ROLLINTRPT,ROLLPREMAN,ROLLINITYP,ROLLINLOC,ROLLOBJ,ROLLTRIP,ROLLDIR,ROLLDIST,DVANGTHIS,DVANGOTH,TOWHITCH,TRAJDOC,TREEPOLE,DVEVENT,DVBASIS,DVTOTAL,DVLONG,DVLAT,DVENERGY,DVSPEED,DVMOMENT,DVBES,DVEST,DVCONF,VAIS,VISS,VINJURED,VTREAT,INITOBJCLASS,HEADANGLECAT,CASEWGT,PSUSTRAT,VERSION
7438,18,34,1-18-2017-034-03,3,2,2C4RC1BG4ER4,17,6,441,2014,20,4,20,0,1,L,1,2115,5,9999,9,4,1,40,1,0,0,995,0,0,0,54720,1,2,2,4,2,1,2,1,1,4,0,2,0,0,1,1,0,0,1,0,1,4,62,8,1,1,4,J,69,0,0,0,0,0,0,0,0,0,0,5,120,0,0,0,1,4,18,-13,11,11862,998,-12,12,0,4,1,1,0,0,0,995,172.963028576086,6,2
7435,22,74,1-22-2017-074-03,3,2,2T3DFREV8EW1,17,49,402,2014,14,3,14,0,1,L,1,1615,5,0,1,3,1,40,1,0,0,995,0,0,0,83501,1,2,2,4,2,1,2,1,1,1,0,4,0,0,1,1,0,0,3,0,1,4,66,1,1,1,5,L,89,0,0,0,0,0,0,0,0,0,0,90,180,0,0,0,1,4,18,-11,14,27335,998,6,20,0,4,1,1,0,4,0,995,51.8544225345201,12,2
7429,19,78,1-19-2017-078-05,5,1,1J4GA59187L1,17,2,403,2007,14,3,14,0,1,F,1,1936,5,0,1,1,1,56,1,0,0,995,0,0,0,36271,1,2,2,1,4,2,2,1,1,1,3,3,0,0,1,1,1,2,3,0,1,4,62,3,1,1,4,J,69,0,0,0,0,0,0,0,0,0,0,280,50,0,0,0,1,1,18,-18,0,23480,998,0,18,0,1,0,0,0,0,0,995,79.9848995102589,9,2
7450,33,66,1-33-2017-066-01,1,2,5W80U8Z50006,14,23,7,1978,10,2,5,0,1,F,1,1408,5,0,1,1,1,89,1,0,1,150,2,0,1,95948,1,2,3,4,2,1,2,1,1,1,1,2,2,3,1,1,0,0,9,0,1,4,62,99,1,1,4,J,69,0,0,0,0,0,0,0,0,0,0,180,320,0,0,0,1,1,24,-24,4,12521,998,0,15,0,4,6,75,1,1,0,995,94.8406478673741,12,2
7433,22,72,1-22-2017-072-09,9,2,4S3BH635X273,17,48,34,2002,6,1,3,0,1,F,1,1481,5,0,1,1,1,105,1,0,0,995,0,0,0,83843,1,2,0,1,2,1,2,1,1,1,1,3,0,0,1,1,0,0,3,0,1,3,51,1,1,1,2,D,24,0,0,0,0,0,0,0,0,0,0,50,55,0,1,0,1,9,999,999,999,9999999,999,999,999,6,0,2,5,0,4,0,995,366.952088762982,12,2
7429,19,78,1-19-2017-078-05,5,2,1N4AA5APXBC8,17,35,39,2011,4,1,4,0,1,R,1,1630,5,0,1,1,1,56,1,0,0,995,0,0,0,35901,2,2,2,1,4,4,2,1,1,1,1,1,0,0,1,1,1,2,1,0,11,2,15,1,1,1,4,J,68,0,0,0,0,0,0,0,0,0,0,50,280,0,0,0,1,1,21,-14,-16,30865,998,32,22,0,1,1,2,0,4,0,995,79.9848995102589,9,2
7440,21,33,1-21-2017-033-04,4,1,1NXBR32E53Z0,17,49,32,2003,4,1,2,0,1,B,1,1130,5,0,1,2,0,64,1,0,0,995,0,0,0,92336,9,9,0,4,5,3,2,1,1,1,4,4,0,0,1,1,0,0,9,1,5,3,53,1,1,2,2,D,22,0,0,0,0,0,0,0,0,0,0,155,175,0,0,0,1,1,12,11,4,7480,998,-143,9,0,4,95,95,95,95,0,995,511.361628614864,11,2
7441,21,34,1-21-2017-034-10,10,1,1FAFP241X5G1,17,12,21,2005,4,1,4,0,1,F,1,1662,5,0,1,1,1,40,1,1,1,204,2,0,1,92376,1,1,0,4,2,1,2,1,1,1,0,0,0,0,3,1,0,0,3,0,1,4,62,1,1,1,3,G,51,0,0,0,0,0,0,0,0,0,0,180,20,0,0,0,1,3,14,-14,-2,13736,998,-37,14,0,4,1,1,0,4,0,995,2507.36352072078,11,2
7441,21,34,1-21-2017-034-10,10,2,WBAVA33587PG,17,34,34,2007,4,1,3,0,1,F,1,1490,5,9999,9,4,0,40,1,0,0,995,0,0,0,92407,9,9,0,4,2,1,2,1,1,1,0,0,0,0,3,1,0,0,2,1,1,2,10,99,1,2,3,G,50,0,0,0,0,0,0,0,0,0,0,20,180,0,0,0,1,3,14,-14,2,14628,998,37,14,0,4,95,95,95,95,0,995,2507.36352072078,11,2
7451,30,62,1-30-2017-062-05,5,1,2MEFM74W0XX6,17,14,6,1999,4,1,5,0,1,F,1,1722,5,0,2,0,1,40,1,0,0,995,0,0,0,85018,1,2,2,4,2,1,2,1,1,1,0,0,0,0,3,1,2,2,2,0,1,2,17,1,1,1,5,L,88,0,0,0,0,0,0,0,0,0,0,290,200,0,0,0,1,3,14,-12,-7,15418,998,-118,12,0,4,0,0,0,0,0,995,152.15634478049,10,2
7451,30,62,1-30-2017-062-05,5,2,1N4AL2AP7CN4,17,35,47,2012,4,1,4,0,1,L,1,1437,5,0,1,1,1,56,1,0,0,995,0,0,0,85033,9,1,2,5,5,1,2,1,1,1,1,3,0,0,3,1,0,0,9,0,1,4,66,99,1,1,5,L,89,0,0,0,0,0,0,0,0,0,0,200,290,0,0,0,1,3,16,-8,14,28382,998,98,18,0,4,1,1,0,3,0,995,152.15634478049,10,2
7440,21,33,1-21-2017-033-04,4,2,1N4AL3AP6FC1,17,35,47,2015,4,1,4,0,1,F,1,1416,5,0,1,1,1,64,1,0,0,995,0,0,0,92308,1,9,0,4,5,2,2,1,1,1,1,2,0,0,1,1,0,0,9,0,1,3,50,1,1,1,2,D,20,0,0,0,0,0,0,0,0,0,0,175,155,0,0,0,1,1,9,-9,0,12252,998,-67,13,0,4,0,0,0,0,0,995,511.361628614864,11,2
7442,20,78,1-20-2017-078-03,3,1,3GCUKSEC7GG3,17,20,481,2016,34,5,31,0,1,F,1,2394,5,0,1,1,1,80,1,0,0,995,0,0,0,93908,1,2,0,4,2,1,2,1,1,1,0,2,0,0,1,1,0,0,1,0,1,3,50,4,2,1,2,D,20,0,0,0,0,0,0,0,0,0,0,20,10,0,0,0,1,3,9,-8,-4,16444,998,-73,12,0,4,1,1,0,0,0,995,88.2689902572393,11,2
7449,13,62,1-13-2017-062-06,6,1,KNDJD7365857,17,63,402,2008,14,3,14,0,1,F,1,2024,5,0,1,1,1,56,1,9,0,995,0,9,0,99999,9,9,2,4,2,1,2,2,1,2,0,4,0,0,3,2,0,0,9,1,1,2,13,99,1,4,1,A,1,0,0,0,0,0,0,0,0,0,0,998,998,0,0,1,1,1,23,-23,0,50606,998,64,23,0,4,99,99,0,99,0,998,1271.49345553496,7,2
7447,13,60,1-13-2017-060-04,4,1,2G1FA1ED2B91,17,20,9,2011,2,1,4,0,1,L,9,1700,5,9999,9,0,1,64,1,0,0,995,0,0,0,76106,9,1,2,4,4,3,1,1,1,4,3,1,0,0,1,8,1,2,9,0,1,2,17,99,1,1,5,L,87,0,0,0,0,0,0,0,0,0,0,270,180,0,0,0,0,0,999,999,999,9999999,999,999,999,9,0,1,1,0,4,0,995,2291.22123220478,7,2
7447,13,60,1-13-2017-060-04,4,2,1N6AA1E69HN5,17,35,481,2017,34,5,31,0,1,F,1,2618,8,0,1,1,1,64,1,0,0,995,0,0,0,75052,9,1,2,3,3,2,1,1,1,1,3,1,0,0,1,8,1,2,9,0,1,2,17,99,1,1,5,L,86,0,0,0,0,0,0,0,0,0,0,180,270,0,0,0,1,12,999,999,999,9999999,999,999,999,2,0,0,0,0,0,0,995,2291.22123220478,7,2
7447,13,60,1-13-2017-060-04,4,3,1NPSX7EX7ED2,17,87,881,2014,63,8,60,0,1,L,9,,,,,,0,64,1,0,0,995,0,0,0,76133,9,9,2,4,6,3,1,1,1,1,3,2,0,0,1,8,1,2,9,0,5,4,62,1,1,1,6,M,98,,,,,,,,,,,,,,,,,,,,,,,,,,,95,95,95,95,,,2291.22123220478,7,2
7430,19,79,1-19-2017-079-03,3,1,3GYFNBE39FS6,17,19,20,2015,6,1,4,0,1,F,2,1940,5,9999,9,0,1,72,1,0,0,995,0,0,0,35901,1,2,2,4,6,4,2,1,3,1,1,2,0,0,1,1,1,2,1,0,11,2,15,2,1,1,4,J,68,0,0,0,0,0,0,0,0,0,0,125,350,0,0,0,1,3,29,-29,0,94555,998,-29,34,0,4,1,1,0,0,0,995,224.038301184556,9,2
7430,19,79,1-19-2017-079-03,3,2,3FA6P0G71DR2,17,12,23,2013,4,1,4,0,1,F,2,1554,5,0,1,1,1,72,1,0,0,995,0,0,0,35901,1,2,2,4,6,3,2,1,2,1,3,1,0,0,1,1,1,2,1,0,15,2,17,1,1,2,4,J,69,0,0,0,0,0,0,0,0,0,0,350,125,0,0,0,1,3,35,-23,27,106534,998,119,32,0,4,1,2,0,4,0,995,224.038301184556,9,2
7430,19,79,1-19-2017-079-03,3,3,5J6RM3H31EL0,17,37,402,2014,14,3,14,0,1,F,1,1526,5,0,1,1,1,999,1,0,0,995,0,0,0,35901,1,2,2,4,3,2,2,1,2,2,1,2,0,0,1,1,1,2,1,0,5,4,62,1,1,1,6,M,98,0,0,0,0,0,0,0,0,0,0,260,50,0,0,0,3,3,18,-17,6,18620,998,21,17,0,4,1,2,0,4,0,995,224.038301184556,9,2
7430,19,79,1-19-2017-079-03,3,4,3N1AB6APXAL6,17,35,43,2010,4,1,3,0,1,F,9,1351,5,9999,9,0,0,999,1,0,0,995,0,0,0,35905,9,9,2,4,3,2,2,1,2,1,1,2,0,0,1,1,1,2,9,0,5,3,54,1,1,1,6,M,98,0,0,0,0,0,0,0,0,0,0,260,270,0,0,0,4,0,999,999,999,9999999,999,999,999,9,0,95,95,95,95,0,995,224.038301184556,9,2
7442,20,78,1-20-2017-078-03,3,2,5TETX22N87Z4,17,49,472,2007,34,5,30,0,1,B,1,1567,5,9999,9,5,0,80,1,0,0,995,0,0,0,93908,9,9,0,4,2,1,2,1,1,1,0,2,0,0,1,1,0,0,9,0,5,3,53,99,1,1,2,D,21,0,0,0,0,0,0,0,0,0,0,10,20,0,0,0,1,3,14,11,9,25236,998,-197,12,0,4,95,95,95,95,0,995,88.2689902572393,11,2
7454,18,36,1-18-2017-036-03,3,1,KNDJT2A58D75,17,63,37,2013,6,1,2,0,1,R,1,1220,5,0,1,1,1,40,1,0,0,995,0,0,0,54720,1,2,2,4,2,1,2,1,1,1,0,0,0,0,1,1,0,0,1,0,1,2,17,1,1,1,5,L,87,0,0,0,0,0,0,0,0,0,0,270,180,0,0,0,1,1,19,-6,-18,29213,998,93,19,0,1,1,1,0,0,0,995,172.963028576086,6,2
7448,13,61,1-13-2017-061-05,5,1,1FAFP34N55W1,17,12,37,2005,4,1,2,0,1,L,1,1163,5,0,1,5,1,0,1,0,0,995,0,0,0,76119,1,2,2,4,2,1,2,1,1,1,0,2,0,0,1,1,2,2,2,0,11,2,15,1,1,1,4,K,82,0,0,0,0,0,0,0,0,0,0,80,180,0,0,0,1,4,24,-12,20,24341,998,18,22,0,4,1,1,0,0,0,995,111.721021482049,7,2
7454,18,36,1-18-2017-036-03,3,2,1J4GZ58S8VC5,17,2,404,1997,14,3,14,0,1,F,1,1717,8,0,1,2,0,40,1,0,0,995,0,0,0,54720,9,9,2,4,2,1,2,1,1,1,0,0,0,0,1,1,0,0,9,0,1,2,17,1,1,1,5,L,86,0,0,0,0,0,0,0,0,0,0,180,270,0,0,0,1,1,14,-13,5,15747,998,69,13,0,1,95,95,95,95,0,995,172.963028576086,6,2
7448,13,61,1-13-2017-061-05,5,2,2B3LA53T69H5,17,7,24,2009,4,1,5,0,1,F,1,1860,5,0,1,1,1,56,1,0,0,995,0,0,0,76110,1,1,2,5,5,2,2,1,1,1,3,2,0,0,1,1,0,0,1,0,1,4,72,2,1,1,4,K,83,0,0,0,0,0,0,0,0,0,0,180,80,0,0,0,1,4,15,-14,-5,23695,998,-78,16,0,4,2,6,0,4,0,995,111.721021482049,7,2
7444,20,80,1-20-2017-080-06,6,1,1HGCS12839A0,17,37,32,2009,2,1,3,0,1,F,1,1491,5,0,1,1,1,56,1,0,1,0,2,1,2,93940,3,9,0,1,2,99,2,1,1,1,0,0,0,0,1,1,0,0,9,0,1,3,50,99,1,2,2,D,20,0,0,0,0,0,0,0,0,0,0,235,245,0,0,0,1,3,13,-12,-2,10109,998,13,13,0,4,1,1,0,3,0,995,171.198098689157,11,2
7452,30,63,1-30-2017-063-10,10,1,5NPEU46F76H0,17,55,33,2006,4,1,3,0,1,R,1,1569,5,9999,9,0,0,64,1,0,0,995,0,0,0,85041,9,9,2,4,6,2,2,1,1,1,0,3,0,0,1,8,1,2,9,0,10,2,16,99,9,1,4,J,70,0,0,0,0,0,0,0,0,0,0,110,90,0,0,0,1,3,20,18,-7,52039,998,94,24,0,4,95,95,95,95,0,995,14601.1661912307,10,2
7452,30,63,1-30-2017-063-10,10,2,1N4AL21EX7C2,17,35,47,2007,4,1,4,0,1,F,1,1429,5,0,1,1,1,64,1,0,0,995,0,0,0,85225,1,1,2,4,6,1,2,1,1,1,0,3,0,0,1,8,1,2,1,0,1,4,60,2,1,1,4,J,71,0,0,0,0,0,0,0,0,0,0,90,110,0,0,0,1,3,22,-22,0,12059,998,-42,14,0,4,0,0,0,0,0,995,14601.1661912307,10,2
7444,20,80,1-20-2017-080-06,6,3,999999999999,99,7,482,2008,34,5,31,0,1,R,2,2175,5,0,8,4,0,56,1,0,0,995,0,0,0,93955,9,9,0,1,2,1,2,1,1,1,0,3,0,0,1,1,0,0,9,0,1,4,61,99,1,1,6,M,98,0,0,0,0,0,0,0,0,0,0,996,996,0,0,0,2,7,999,999,999,9999999,999,999,999,7,0,95,95,95,95,0,996,171.198098689157,11,2
7453,20,81,1-20-2017-081-06,6,1,4T1BG22KX1U0,17,49,40,2001,4,1,3,0,1,F,9,1345,5,9999,9,0,1,56,1,0,0,995,0,0,0,93924,1,9,2,4,2,1,2,1,1,1,2,1,0,0,1,1,0,0,9,0,1,3,50,99,1,1,2,D,20,0,0,0,0,0,0,0,0,0,0,320,315,0,0,0,0,0,999,999,999,9999999,999,999,999,9,0,1,1,0,99,0,995,171.198098689157,11,2
7453,20,81,1-20-2017-081-06,6,2,WBAPM5G55BNM,17,34,34,2011,4,1,3,0,1,B,1,1630,5,0,1,1,1,56,1,0,0,995,0,0,0,93924,1,9,2,4,2,1,2,1,1,1,1,2,0,0,1,1,0,0,9,0,5,3,53,1,1,1,2,D,21,0,0,0,0,0,0,0,0,0,0,315,320,0,0,0,1,3,12,12,2,10705,998,-6,13,0,1,1,1,0,4,0,995,171.198098689157,11,2
7453,20,81,1-20-2017-081-06,6,3,1FAHP3F27CL1,17,12,37,2012,4,1,3,0,1,N,9,1340,5,9999,9,0,0,56,1,0,0,995,0,0,0,93927,9,9,2,4,2,1,2,1,1,1,1,2,0,0,1,1,0,0,9,0,1,8,98,99,1,1,6,M,98,0,0,0,0,0,0,0,0,0,0,997,997,0,0,0,0,0,999,999,999,9999999,999,999,999,9,0,95,95,95,95,0,997,171.198098689157,11,2
7446,15,45,1-15-2017-045-04,4,1,1N4BA41E14C8,17,35,39,2004,4,1,4,0,1,F,9,1571,5,9999,9,4,0,24,1,0,0,995,0,0,0,11575,9,9,2,1,2,1,2,1,1,1,0,1,0,0,1,1,1,2,9,0,1,2,17,1,1,1,5,L,86,0,0,0,0,0,0,0,0,0,0,110,195,0,0,0,1,12,999,999,999,9999999,999,999,999,9,0,95,95,95,95,0,995,1869.59623103253,1,2
7446,15,45,1-15-2017-045-04,4,2,1GNKVGKD8FJ3,17,20,423,2015,15,3,15,0,1,R,9,2197,5,9999,9,0,1,48,1,0,0,995,0,0,0,11411,9,9,2,4,6,3,2,2,1,1,1,1,0,0,1,1,1,2,1,0,1,2,17,99,1,1,5,L,87,0,0,0,0,0,0,0,0,0,0,195,110,0,0,0,0,0,999,999,999,9999999,999,999,999,9,0,0,0,0,0,0,995,1869.59623103253,1,2
7412,11,34,1-11-2017-034-03,3,1,JF2SJADC9FH8,17,48,401,2015,14,3,14,0,1,F,9,1498,5,9999,9,4,1,72,1,0,0,995,0,0,0,23875,9,9,2,1,4,3,2,1,1,1,1,1,0,0,1,1,1,2,1,0,1,2,17,99,9,1,4,J,69,0,0,0,0,0,0,0,0,0,0,85,210,0,0,0,1,12,999,999,999,9999999,999,999,999,9,0,9,97,0,8,0,995,5482.3653053607,8,2
7412,11,34,1-11-2017-034-03,3,2,2HKRM4H70DH6,17,37,402,2013,14,3,14,0,1,R,9,1500,5,9999,9,4,1,56,1,0,0,995,0,0,0,23139,9,9,2,1,6,3,2,1,1,1,1,1,0,0,1,1,1,2,1,0,11,2,15,99,9,1,4,J,68,0,0,0,0,0,0,0,0,0,0,210,85,0,0,0,1,12,999,999,999,9999999,999,999,999,9,0,9,97,0,8,0,995,5482.3653053607,8,2
7413,11,35,1-11-2017-035-01,1,1,KMHDH4AE3CU3,17,55,35,2012,4,1,3,0,1,F,9,1265,5,9999,9,4,1,97,1,9,1,0,3,9,1,23112,1,2,0,2,3,3,2,1,1,1,2,3,0,0,2,1,0,0,9,1,98,8,98,99,9,4,1,A,2,0,0,0,0,0,0,0,0,0,0,150,345,0,0,0,2,12,999,999,999,9999999,999,999,999,9,0,3,17,1,1,0,995,473.930148358357,8,2
7413,11,35,1-11-2017-035-01,1,2,KNDJE7236773,17,63,402,2007,14,3,14,0,1,F,9,2024,5,9999,9,4,1,97,1,9,1,0,3,9,2,23224,2,2,0,2,3,3,2,1,1,1,3,2,0,0,2,1,0,0,9,0,1,4,62,99,9,1,6,M,98,0,0,0,0,0,0,0,0,0,0,345,150,0,0,0,2,12,999,999,999,9999999,999,999,999,9,0,3,11,1,1,0,995,473.930148358357,8,2
7413,11,35,1-11-2017-035-01,1,3,4T1BK46K8745,17,49,40,2007,4,1,3,0,1,F,9,1570,5,9999,9,4,1,97,1,9,0,995,0,9,0,23842,9,9,0,2,3,2,2,1,1,1,3,3,0,0,2,1,0,0,9,0,1,4,60,99,9,1,6,M,98,0,0,0,0,0,0,0,0,0,0,345,110,0,0,0,3,12,999,999,999,9999999,999,999,999,9,0,0,0,0,0,0,995,473.930148358357,8,2
7455,12,34,1-12-2017-034-04,4,1,1ZVBP8CF5D52,17,12,3,2013,2,1,3,0,1,F,1,1701,5,0,1,1,1,72,1,0,0,995,0,0,0,73401,9,9,0,5,5,2,2,1,1,1,3,2,0,0,1,1,0,0,3,1,1,2,10,1,1,2,3,I,64,0,0,0,0,0,0,0,0,0,0,240,75,0,0,0,1,8,999,999,999,9999999,999,999,999,6,0,99,99,0,99,0,995,3990.87077387485,9,2
7455,12,34,1-12-2017-034-04,4,2,2MEFM75W6WX6,17,14,6,1998,4,1,5,0,1,L,1,1722,5,0,1,1,1,72,1,0,0,995,0,0,0,73460,9,9,0,5,3,2,2,1,1,1,3,2,0,0,1,1,0,0,1,0,1,4,62,1,1,1,3,I,65,0,0,0,0,0,0,0,0,0,0,75,240,0,0,0,1,8,999,999,999,9999999,999,999,999,6,0,99,99,0,99,0,995,3990.87077387485,9,2
7456,12,35,1-12-2017-035-04,4,1,1GC1KXE86FF6,17,20,481,2015,34,5,31,0,1,F,1,2918,5,0,1,1,1,56,1,0,0,995,0,0,0,73443,1,2,2,4,2,1,2,1,1,1,1,2,0,0,1,1,2,2,3,1,10,2,10,1,1,4,1,B,6,0,0,0,0,0,0,0,0,0,0,998,998,0,0,7,2,10,999,999,999,9999999,999,999,999,6,0,0,0,0,0,0,998,3990.87077387485,9,2
7408,28,37,1-28-2017-037-07,7,1,JTKDE1674802,17,49,50,2008,3,1,3,0,1,F,1,1316,8,0,1,1,1,72,1,0,0,995,0,0,0,14221,3,2,0,4,2,1,2,1,2,4,2,2,0,0,2,1,6,2,1,1,14,1,6,2,3,4,1,A,2,1,2,1,2,6,4,42,3,2,2,998,998,0,0,1,1,1,11,-9,5,8713,998,79,11,0,4,0,0,0,0,3,998,1081.49343808104,3,2
7445,15,44,1-15-2017-044-03,3,1,3C6RR7KT6EG2,17,7,482,2014,34,5,31,0,1,T,2,2430,5,0,2,4,1,80,1,1,1,122,2,7,9,85281,1,2,0,2,3,1,2,1,1,1,1,3,0,0,3,1,0,0,1,0,1,4,60,1,1,1,2,F,45,1,4,9,2,1,4,61,1,1,999,997,997,0,0,0,2,6,999,999,999,9999999,999,999,999,7,0,1,1,0,4,3,997,590.925100865906,1,2
7457,26,41,1-26-2017-041-09,9,1,4T1BE32K05U4,17,49,40,2005,4,1,3,0,1,R,1,1435,5,9999,9,4,1,48,1,0,0,995,0,0,0,95815,1,1,2,3,3,2,2,1,1,1,3,3,0,0,1,1,1,2,9,0,1,4,66,99,1,1,5,L,87,0,0,0,0,0,0,0,0,0,0,350,260,0,0,0,1,3,24,-12,-21,95313,998,185,25,0,4,0,0,0,4,0,995,2005.24176090841,10,2
7457,26,41,1-26-2017-041-09,9,2,JHMCM56653C0,17,37,32,2003,4,1,3,0,1,F,1,1389,5,0,1,1,1,48,1,0,0,995,0,0,0,95826,1,2,2,4,2,1,2,1,1,1,0,2,0,0,1,1,1,2,1,0,1,4,66,1,1,1,5,L,86,0,0,0,0,0,0,0,0,0,0,260,350,0,0,0,1,3,24,-21,12,41084,998,80,23,0,4,1,2,0,4,0,995,2005.24176090841,10,2
7445,15,44,1-15-2017-044-03,3,2,999999999999,99,99,999,9999,99,10,99,99,1,9,9,,,,,,0,80,1,9,0,995,0,9,0,99999,9,9,0,2,3,2,2,1,1,1,3,3,0,0,3,1,0,0,9,1,15,2,11,99,1,2,2,F,46,,,,,,,,,,,,,,,,,,,,,,,,,,,95,95,95,95,,,590.925100865906,1,2
7458,32,78,1-32-2017-078-04,4,1,JN8AF5MR0FT5,17,35,403,2015,14,3,14,0,1,F,2,1324,5,0,1,1,1,97,1,0,0,995,0,0,0,74107,9,9,0,2,6,1,1,1,1,1,1,3,0,0,2,1,0,0,9,0,1,3,50,99,1,1,2,D,20,0,0,0,0,0,0,0,0,0,0,355,0,0,0,0,1,5,999,999,999,9999999,999,999,999,3,0,0,0,0,0,0,995,2909.31367156946,7,2
7515,24,69,1-24-2017-069-04,4,1,3N1CN7AP1EK4,17,35,50,2014,4,1,2,0,1,F,2,1132,5,0,1,1,1,40,1,0,0,995,0,0,0,08330,9,9,0,4,2,1,2,1,1,1,0,0,0,0,1,1,0,0,9,1,1,2,13,99,1,4,1,A,1,0,0,0,0,0,0,0,0,0,0,998,998,0,0,0,2,10,999,999,999,9999999,999,999,32,3,0,1,2,0,6,0,998,1504.86804900456,1,2
7517,24,71,1-24-2017-071-07,7,1,WBAPK7C56BA8,17,34,34,2011,4,1,3,0,1,F,1,1635,5,0,1,1,1,72,1,0,0,995,0,0,0,08205,1,2,0,4,2,1,2,1,1,1,0,0,0,0,1,1,0,0,1,1,1,2,13,4,1,4,1,A,3,0,0,0,0,0,0,0,0,0,0,998,998,0,0,1,2,1,12,-12,0,11491,998,-55,12,0,4,1,1,0,0,0,998,1274.24037659366,1,2
7521,32,80,1-32-2017-080-03,3,1,JTEZU14R6300,17,49,401,2003,14,3,14,0,1,F,1,1940,5,0,1,1,1,105,1,0,0,995,0,0,0,75080,1,2,1,1,4,4,1,2,2,2,3,2,0,0,1,2,0,0,1,1,14,1,6,1,4,4,1,B,7,0,0,0,0,0,0,0,0,0,0,998,998,0,0,0,1,1,13,-13,2,14251,998,-28,13,0,4,0,0,0,5,0,998,1166.26283887066,7,2
7521,32,80,1-32-2017-080-03,3,2,KMHCT4AE4GU0,17,55,36,2016,4,1,2,0,1,F,1,1155,5,0,1,1,1,105,1,0,0,995,0,0,0,75134,9,9,1,2,4,1,1,2,2,2,1,3,0,0,1,2,0,0,9,0,14,4,60,99,9,1,6,M,98,0,0,0,0,0,0,0,0,0,0,20,100,0,0,0,3,1,21,-21,4,43944,998,29,29,0,1,99,99,0,5,0,995,1166.26283887066,7,2
7522,32,81,1-32-2017-081-03,3,1,2C3CCAAG0EH2,17,6,51,2014,4,1,5,0,1,F,1,1797,5,0,1,1,1,64,1,0,0,995,0,0,0,75115,2,2,0,4,2,1,2,1,1,1,1,4,0,0,2,1,0,0,1,1,1,2,13,8,1,4,1,A,1,0,0,0,0,0,0,0,0,0,0,265,270,0,0,0,1,1,13,-13,-2,13405,998,-25,13,0,4,1,1,0,0,0,995,1166.26283887602,7,2
7511,23,67,1-23-2017-067-04,4,1,1C6RR7NT3ES1,17,7,482,2014,34,5,31,0,1,F,9,2430,5,9999,9,0,1,113,1,0,0,995,0,0,0,43201,9,9,0,2,3,2,2,2,1,1,3,3,0,3,1,2,0,0,9,1,1,1,9,99,9,4,1,A,2,0,0,0,0,0,0,0,0,0,0,998,998,0,1,0,0,0,999,999,999,9999999,999,999,999,9,0,0,0,0,0,0,998,605.285746831268,5,2
7512,23,68,1-23-2017-068-03,3,1,3MEHM0JA0BR6,17,14,21,2011,4,1,3,0,1,F,1,1500,8,0,1,1,1,72,1,0,1,0,2,0,1,43235,9,9,0,4,3,1,2,1,1,1,1,2,0,0,1,1,5,2,9,0,1,4,62,99,1,1,6,M,98,0,0,0,0,0,0,0,0,0,0,90,130,0,0,0,2,1,15,-15,3,21418,998,-16,19,0,1,1,1,0,3,0,995,169.646653447084,5,2
7518,25,16,1-25-2017-016-05,5,1,JF1SG63658H7,17,48,401,2008,14,3,14,0,1,R,1,1425,5,100,1,1,1,56,1,0,0,995,0,0,0,14580,9,9,2,4,4,2,2,1,1,1,3,2,0,0,1,1,0,0,1,0,11,2,15,1,1,1,4,J,68,0,0,0,0,0,0,0,0,0,0,190,90,0,0,0,1,1,19,-10,-17,24279,998,-3,20,0,1,1,1,0,6,0,995,105.27172858668,2,2
7518,25,16,1-25-2017-016-05,5,2,JF2SHABC6CH4,17,48,401,2012,14,3,14,0,1,F,1,1500,5,100,1,1,1,56,1,0,0,995,0,0,0,04011,9,9,2,4,4,1,2,1,1,1,0,3,0,0,1,1,0,0,1,0,1,4,62,1,1,1,4,J,69,0,0,0,0,0,0,0,0,0,0,90,190,0,0,0,1,1,18,-17,6,25693,998,71,18,0,1,1,1,0,4,0,995,105.27172858668,2,2