CASEID,PSU,CASENO,CASENUMBER,CATEGORY,VEHNO,VIN,VINLENGTH,MAKE,MODEL,MODELYR,BODYTYPE,BODYCAT,VEHCLASS,SPECUSE,TRANSTAT,DAMPLANE,DAMSEV,CURBWT,CURBSRC,CARGOWT,CARGOSRC,INSPTYPE,TOWSTAT,SPEEDLIMIT,DRPRESENT,PARALCOHOL,ALCTEST,ALCTESTRESULT,ALCTESTSRC,PARDRUG,DRUGTEST,ZIP,RACE,ETHNICITY,RELTOJUNCT,TRAFFLOW,RDLANES,INITLANE,SURFTYPE,SURFCOND,ALIGNMENT,PROFILE,LINERIGHT,LINELEFT,RUMBINIT,RUMBROAD,LIGHTCOND,WEATHER,TRAFDEV,TRAFFUNCT,DISTRACT,PREFHE,PREMOVE,CRITCAT,CRITEVENT,MANEUVER,PRESTAB,PRELOC,CRASHCAT,CRASHCONF,CRASHTYPE,ROLLTYPE,ROLLTURN,ROLLINTRPT,ROLLPREMAN,ROLLINITYP,ROLLINLOC,ROLLOBJ,ROLLTRIP,ROLLDIR,ROLLDIST,DVANGTHIS,DVANGOTH,TOWHITCH,TRAJDOC,TREEPOLE,DVEVENT,DVBASIS,DVTOTAL,DVLONG,DVLAT,DVENERGY,DVSPEED,DVMOMENT,DVBES,DVEST,DVCONF,VAIS,VISS,VINJURED,VTREAT,INITOBJCLASS,HEADANGLECAT,CASEWGT,PSUSTRAT,VERSION
7512,23,68,1-23-2017-068-03,3,2,5N1AZ2MH8FN2,17,35,49,2015,6,1,4,0,1,R,1,1787,5,0,1,1,1,72,1,0,0,995,0,0,0,43065,9,9,0,4,4,1,2,1,1,1,1,3,0,0,1,1,6,2,9,1,6,2,10,99,1,2,2,F,47,0,0,0,0,0,0,0,0,0,0,130,90,0,0,0,2,1,12,8,-10,6736,998,96,8,0,1,99,99,0,99,0,995,169.646653447084,5,2
7512,23,68,1-23-2017-068-03,3,3,KNDPMCAC7H71,17,63,401,2017,14,3,14,0,1,F,1,1696,5,9999,9,0,1,72,1,0,0,995,0,0,0,43065,9,9,0,4,4,2,2,1,1,1,3,2,0,0,1,1,6,2,9,0,1,4,60,99,1,1,2,F,45,0,0,0,0,0,0,0,0,0,0,270,240,0,0,0,1,3,3,1,2,1334,998,-143,3,0,4,99,99,0,99,0,995,169.646653447084,5,2
7520,32,79,1-32-2017-079-06,6,1,1GBCS10A0N29,17,20,499,1992,39,5,39,0,1,F,9,9999,9,9999,9,0,1,56,1,0,0,995,0,0,0,76051,1,1,2,1,4,4,1,1,1,4,3,0,0,0,1,1,0,0,1,0,11,2,15,1,1,1,4,J,68,0,0,0,0,0,0,0,0,0,0,300,190,0,0,0,1,0,999,999,999,9999999,999,999,999,9,0,0,0,0,0,0,995,2261.97195645502,7,2
7513,23,69,1-23-2017-069-04,4,1,1G1BE5SM3H71,17,20,25,2017,4,1,3,0,1,B,2,1399,5,0,1,2,0,80,1,0,0,995,0,0,0,43065,9,9,0,1,4,3,2,2,1,1,3,2,0,0,1,8,0,0,9,0,5,3,53,99,1,1,2,D,21,0,0,0,0,0,0,0,0,0,0,180,180,0,0,0,1,3,25,25,0,39061,998,0,27,0,4,95,95,95,95,0,995,605.285746831268,5,2
7520,32,79,1-32-2017-079-06,6,2,2FMDK3JC9ABB,17,12,24,2010,6,1,4,0,1,L,1,1853,5,0,1,1,1,56,1,0,0,995,0,0,0,77083,9,9,2,1,3,1,1,1,1,2,0,3,0,0,1,1,0,0,9,0,1,4,62,1,1,1,4,J,69,0,0,0,0,0,0,0,0,0,0,190,300,0,0,0,1,5,999,999,999,9999999,999,999,999,6,0,99,99,0,8,0,995,2261.97195645502,7,2
7513,23,69,1-23-2017-069-04,4,2,KNDPNCAC5H71,17,63,401,2017,14,3,14,0,1,F,1,1471,5,9999,9,0,1,80,1,0,0,995,0,0,0,43026,1,2,0,1,4,3,2,2,1,1,3,2,0,0,1,8,0,0,1,0,1,3,50,2,1,1,2,D,20,0,0,0,0,0,0,0,0,0,0,180,180,0,0,0,1,3,23,-23,0,24691,998,0,21,0,4,0,0,0,0,0,995,605.285746831268,5,2
7523,27,11,1-27-2017-011-06,6,1,2T1BR32E93C0,17,49,32,2003,4,1,2,0,1,R,2,1130,5,0,2,0,1,40,1,0,0,995,0,0,0,01201,1,2,2,4,2,1,2,1,1,4,1,2,0,0,1,1,1,2,2,0,1,2,17,1,1,4,5,L,87,0,0,0,0,0,0,0,0,0,0,95,5,0,0,0,1,3,27,-13,-23,52535,998,68,30,0,4,1,2,0,4,0,995,153.411565371523,3,2
7523,27,11,1-27-2017-011-06,6,2,JHLRE48759C0,17,37,402,2009,14,3,14,0,1,F,1,1604,5,0,1,1,1,999,1,0,0,995,0,0,0,01201,9,9,2,4,2,1,2,1,1,1,1,2,0,0,1,1,1,2,9,0,1,2,17,99,1,1,5,L,86,0,0,0,0,0,0,0,0,0,0,5,95,0,0,0,1,3,19,-17,10,22645,998,83,16,0,1,1,2,0,4,0,995,153.411565371523,3,2
7516,24,70,1-24-2017-070-10,10,1,4A3AE45G43E1,17,52,37,2003,1,1,2,0,1,F,9,1405,5,0,2,0,1,64,1,0,0,995,0,0,0,08330,1,2,2,4,3,1,2,1,1,1,1,2,0,0,1,1,0,0,1,0,1,4,66,2,2,1,5,L,86,0,0,0,0,0,0,0,0,0,0,90,180,0,1,0,0,0,999,999,999,9999999,999,999,999,9,0,0,0,0,0,0,995,7036.15033305515,1,2
7516,24,70,1-24-2017-070-10,10,2,5XYZT3LB5GG3,17,55,401,2016,14,3,14,0,1,R,1,1569,5,9999,9,4,0,40,1,0,0,995,0,0,0,08330,9,9,2,4,2,1,2,1,1,4,0,0,0,0,1,1,2,2,1,0,4,2,17,1,1,1,5,L,87,0,0,0,0,0,0,0,0,0,0,180,90,0,0,0,1,5,999,999,999,9999999,999,999,999,2,0,95,95,95,95,0,995,7036.15033305515,1,2
7528,25,18,1-25-2017-018-04,4,1,2T1BURHE0HC7,17,49,32,2017,4,1,3,0,1,F,1,1265,5,9999,9,0,1,56,1,0,0,995,0,0,0,04103,9,9,2,4,3,2,2,1,1,1,3,2,0,0,3,1,1,2,9,0,1,4,62,99,1,1,4,J,69,0,0,0,0,0,0,0,0,0,0,225,20,0,0,0,1,3,14,-14,0,14666,998,0,16,0,4,0,0,0,0,0,995,3003.00788281761,2,2
7530,16,56,1-16-2017-056-05,5,1,3GNCA23D18S6,17,20,23,2008,6,1,2,0,1,L,1,1431,5,0,1,1,1,56,1,0,0,995,0,0,0,45207,9,9,0,4,2,1,2,1,1,2,0,3,0,0,1,1,0,0,3,1,1,2,13,1,1,4,1,A,1,0,0,0,0,0,0,0,0,0,0,998,998,0,1,1,3,1,24,-24,0,46598,998,-79,24,0,1,1,1,0,8,0,998,67.9126179851779,5,2
7529,16,55,1-16-2017-055-03,3,1,5XXGN4A71EG2,17,63,34,2014,4,1,4,0,1,L,1,1484,5,0,2,5,1,56,1,0,0,995,0,0,0,41059,1,2,0,4,4,1,2,1,1,4,0,2,0,0,1,1,0,0,3,1,1,2,13,99,1,4,1,A,1,0,0,0,0,0,0,0,0,0,0,998,998,0,0,0,1,12,999,999,999,9999999,999,999,999,1,0,0,0,0,4,0,998,398.509726049712,5,2
7525,19,80,1-19-2017-080-04,4,1,1N6SD16YXTC3,17,35,471,1996,34,5,30,0,1,L,1,1771,5,0,1,1,1,72,1,0,0,995,0,0,0,35904,1,2,3,4,2,1,2,2,1,1,0,1,0,0,1,98,0,0,2,0,11,2,15,3,1,1,4,K,82,0,0,0,0,0,0,0,0,0,0,170,260,0,0,0,1,1,23,-11,20,4775,998,106,6,0,4,0,0,0,0,0,995,696.163054012629,9,2
7525,19,80,1-19-2017-080-04,4,2,1C6RR6LG5HS7,17,7,482,2017,34,5,31,0,1,F,1,2245,5,0,1,1,1,72,1,0,0,995,0,0,0,36830,1,2,3,5,5,2,2,2,1,1,1,3,0,0,1,98,0,0,1,0,1,4,72,4,1,1,4,K,83,0,0,0,0,0,0,0,0,0,0,260,170,0,0,0,1,1,19,-16,-9,90459,998,-76,29,0,4,0,0,0,0,0,995,696.163054012629,9,2
7546,12,36,1-12-2017-036-07,7,1,5NMSG3AB8AH3,17,55,401,2010,14,3,14,0,1,F,1,1868,5,0,1,1,1,89,1,0,0,995,0,0,0,73401,1,2,2,1,3,2,2,1,1,1,0,0,0,0,1,1,1,2,3,0,1,3,50,2,1,1,2,D,20,0,0,0,0,0,0,0,0,0,0,75,80,0,0,0,1,1,12,-12,0,12923,998,2,13,0,1,0,0,0,0,0,995,4239.64448800503,9,2
7546,12,36,1-12-2017-036-07,7,2,1J8GP58K28W1,17,2,405,2008,14,3,14,0,1,B,1,1872,5,0,1,2,0,89,1,0,0,995,0,0,0,73446,9,9,2,1,3,2,2,1,1,1,1,1,0,0,1,1,1,2,1,0,5,3,53,1,1,1,2,D,21,0,0,0,0,0,0,0,0,0,0,80,75,0,0,0,1,1,12,12,0,7204,998,-2,10,0,1,95,95,95,95,0,995,4239.64448800503,9,2
7527,19,82,1-19-2017-082-05,5,1,4A3AL25F47E0,17,52,37,2007,1,1,2,0,1,F,1,1575,5,0,1,1,1,56,1,0,0,995,0,0,0,35904,1,2,0,4,3,1,2,1,2,4,1,2,0,0,1,8,0,0,1,0,14,1,9,2,1,2,3,I,64,0,0,0,0,0,0,0,0,0,0,160,10,0,0,0,1,3,14,-14,-2,6527,998,51,9,0,4,1,2,0,4,0,995,79.9848995102589,9,2
7527,19,82,1-19-2017-082-05,5,2,1FTRX12W48FB,17,12,481,2008,34,5,31,0,1,L,1,2320,5,0,1,1,1,48,1,0,0,995,0,0,0,35907,1,2,0,4,2,1,2,1,2,2,1,3,0,0,1,8,0,0,1,0,14,3,54,1,1,4,3,I,65,0,0,0,0,0,0,0,0,0,0,10,160,0,0,0,1,3,9,-9,3,17518,998,-74,13,0,4,2,4,0,4,0,995,79.9848995102589,9,2
7540,17,48,1-17-2017-048-07,7,1,JTDBT4K3XB14,17,49,51,2011,4,1,2,0,1,F,1,1050,5,0,1,1,1,48,1,0,0,995,0,0,0,61201,2,2,2,5,3,2,2,1,1,1,1,2,0,0,3,1,1,2,1,0,11,2,15,1,1,1,4,J,68,0,0,0,0,0,0,0,0,0,0,300,165,0,0,0,1,1,22,-17,-14,16299,998,-75,16,0,4,0,0,0,0,0,995,532.269462614562,4,2
7540,17,48,1-17-2017-048-07,7,2,1G1ZG57B29F1,17,20,37,2009,4,1,4,0,1,F,1,1569,5,0,1,1,1,48,1,0,0,995,0,0,0,61240,1,1,2,4,3,1,2,1,1,2,0,1,0,0,3,1,1,2,1,0,1,4,62,2,1,1,4,J,69,0,0,0,0,0,0,0,0,0,0,165,300,0,0,0,1,1,14,-14,0,26359,998,5,19,0,4,1,2,0,4,0,995,532.269462614562,4,2
7524,14,37,1-14-2017-037-03,3,1,JA32U2FU9FU0,17,52,46,2015,4,1,2,0,1,F,1,1310,5,0,1,1,1,48,1,0,0,995,0,0,0,78130,7,1,2,5,3,1,2,1,1,1,1,2,0,0,1,1,0,0,1,0,1,4,66,2,1,1,5,L,86,0,0,0,0,0,0,0,0,0,0,330,60,0,0,0,1,3,19,-17,10,15466,998,63,16,0,1,1,2,0,4,0,995,1173.12567529823,8,2
7531,21,35,1-21-2017-035-03,3,1,1GNEC13V03R1,17,20,421,2003,15,3,15,0,1,F,1,2211,5,0,1,1,1,56,1,0,0,995,0,0,0,92507,1,2,2,1,4,1,2,1,1,1,0,3,0,0,3,1,1,2,3,0,1,2,17,1,1,1,4,J,69,0,0,0,0,0,0,0,0,0,0,350,90,0,0,0,1,1,22,-21,7,52035,998,91,21,0,1,1,1,0,0,0,995,336.399413286473,11,2
7524,14,37,1-14-2017-037-03,3,2,1YVGF22C2W57,17,41,37,1998,4,1,3,0,1,R,1,1269,5,9999,9,0,0,48,1,0,0,995,0,0,0,78130,9,9,2,4,2,1,2,1,1,1,0,0,0,0,1,1,2,2,9,0,1,2,17,99,1,1,5,L,87,0,0,0,0,0,0,0,0,0,0,60,330,0,0,0,1,3,20,-13,-15,35880,998,81,23,0,4,95,95,95,95,0,995,1173.12567529823,8,2
7539,17,47,1-17-2017-047-03,3,1,4T1BF1FK2CU1,17,49,40,2012,4,1,3,0,1,R,1,1441,5,0,1,1,1,48,1,9,0,995,0,9,0,61244,9,9,2,1,4,2,2,1,2,1,2,3,0,0,1,1,1,2,9,0,11,2,15,99,1,2,4,J,68,0,0,0,0,0,0,0,0,0,0,110,350,0,0,0,1,1,11,-7,-9,5014,998,-37,9,0,1,0,0,0,0,0,995,134.788043483168,4,2
7538,31,34,1-31-2017-034-04,4,1,5FNRL5H69EB0,17,37,441,2014,20,4,20,0,1,F,1,2067,5,0,1,1,1,72,1,0,0,995,0,0,0,62837,9,9,2,4,4,2,2,1,1,1,1,2,0,0,1,1,0,0,9,1,11,2,15,99,1,2,3,G,50,0,0,0,0,0,0,0,0,0,0,330,180,0,0,0,1,1,22,-22,-4,44389,998,-65,22,0,1,0,0,0,0,0,995,2328.51790892268,6,2
7538,31,34,1-31-2017-034-04,4,2,1C3CCCAB5FN5,17,6,18,2015,4,1,3,0,1,F,2,1575,5,0,1,2,0,72,1,0,0,995,0,0,0,62835,9,9,2,4,3,2,2,1,1,1,1,0,0,0,1,1,0,0,1,0,1,2,17,1,1,1,3,G,51,0,0,0,0,0,0,0,0,0,0,180,330,0,0,0,1,1,29,-29,5,62922,998,63,30,0,1,95,95,95,95,0,995,2328.51790892268,6,2
7531,21,35,1-21-2017-035-03,3,2,3GCPCSE08DG1,17,20,481,2013,34,5,31,0,1,R,1,2338,5,0,2,1,1,72,1,0,0,995,0,0,0,92507,9,1,2,1,4,1,2,1,1,1,1,0,0,0,3,1,1,2,1,0,11,4,63,1,1,1,4,J,68,0,0,0,0,0,0,0,0,0,0,90,350,0,0,0,1,1,20,-10,-17,48655,998,-40,22,0,1,1,2,0,4,0,995,336.399413286473,11,2
7537,31,33,1-31-2017-033-09,9,1,3GNEK13T42G1,17,20,482,2002,34,5,31,0,1,T,2,2570,5,50,1,1,1,113,1,0,1,0,2,0,1,24248,5,2,1,3,1,1,2,1,3,9,1,2,0,0,2,1,0,0,1,1,14,1,9,98,3,4,1,A,2,1,6,2,2,3,2,31,1,2,31,997,997,0,0,0,1,6,999,999,999,9999999,999,999,999,7,0,1,1,0,4,2,997,1539.73058488066,6,2
7542,18,37,1-18-2017-037-04,4,1,2G4WS52J3511,17,18,7,2005,4,1,3,0,1,B,1,1528,5,0,1,2,0,72,1,0,0,995,0,0,0,54703,9,9,2,1,2,1,1,1,3,1,1,3,0,0,1,1,0,0,1,0,14,3,53,1,1,1,2,D,31,0,0,0,0,0,0,0,0,0,0,175,170,0,0,0,1,1,10,10,0,8522,998,58,11,0,4,95,95,95,95,0,995,5254.45731880989,6,2
7539,17,47,1-17-2017-047-03,3,2,KNDJP3A57F77,17,63,37,2015,6,1,2,0,1,F,1,1287,5,0,1,1,1,48,1,9,0,995,0,9,0,61244,1,2,2,4,5,1,2,1,3,1,0,1,0,0,1,1,1,2,9,0,14,4,62,1,1,1,4,J,69,0,0,0,0,0,0,0,0,0,0,350,110,0,0,0,1,1,12,-12,2,11301,998,11,14,0,1,1,2,0,6,0,995,134.788043483168,4,2
7556,22,77,1-22-2017-077-03,3,1,1G1BE5SM1H72,17,20,25,2017,4,1,3,0,1,R,1,1399,5,0,2,1,1,40,1,0,0,995,0,0,0,02140,7,2,2,4,2,1,2,1,1,1,0,0,0,0,1,1,2,2,2,0,1,2,17,1,1,1,5,L,87,0,0,0,0,0,0,0,0,0,0,170,80,0,0,0,1,4,22,-10,-27,25127,998,98,17,0,1,1,1,0,4,0,995,85.5601652647058,12,2
7556,22,77,1-22-2017-077-03,3,2,1GCHK23DX7F1,17,20,481,2007,34,5,31,0,1,F,1,2668,5,0,2,3,1,40,1,0,0,995,0,0,0,83501,1,2,2,4,2,1,2,1,1,1,0,0,0,0,1,1,0,0,1,0,1,4,66,1,1,1,5,L,86,0,0,0,0,0,0,0,0,0,0,80,170,0,0,0,1,4,15,-14,5,71207,998,90,23,0,1,0,0,0,6,0,995,85.5601652647058,12,2
7542,18,37,1-18-2017-037-04,4,2,3FADP4BJ9DM1,17,12,32,2013,4,1,1,0,1,F,1,1160,5,0,1,1,1,72,1,0,0,995,0,0,0,54703,9,9,2,1,2,1,1,1,3,1,1,3,0,0,1,1,0,0,9,0,14,3,52,99,1,1,2,D,28,0,0,0,0,0,0,0,0,0,0,170,175,0,0,0,1,1,13,-13,0,8058,998,49,12,0,4,0,0,0,0,0,995,5254.45731880989,6,2
7558,17,49,1-17-2017-049-03,3,1,1FMCU0F78EUD,17,12,402,2014,14,3,14,0,1,F,1,1635,5,0,1,1,1,89,1,0,0,995,0,0,0,61241,1,2,2,1,4,3,2,1,2,1,3,1,0,0,1,1,1,2,3,1,14,3,52,8,1,2,2,D,28,0,0,0,0,0,0,0,0,0,0,100,90,0,0,0,1,1,22,-22,0,57773,998,-31,28,0,1,1,2,0,3,0,995,134.788043483168,4,2
7558,17,49,1-17-2017-049-03,3,2,5FPYK1F52AB0,17,37,471,2010,34,5,30,0,1,B,1,2043,5,0,1,2,0,89,1,9,0,995,0,9,0,51241,9,9,2,1,4,2,2,1,2,1,1,3,0,0,1,1,1,2,9,0,2,3,53,1,1,1,2,D,29,0,0,0,0,0,0,0,0,0,0,90,100,0,0,0,1,1,19,18,3,12226,998,-82,11,0,1,95,95,95,95,0,995,134.788043483168,4,2
7545,20,84,1-20-2017-084-01,1,1,2HGES16552H5,17,37,31,2002,4,1,2,0,1,R,3,1095,5,0,1,1,1,89,1,9,1,0,2,1,2,93908,1,9,0,4,2,1,2,1,3,2,1,2,0,0,1,1,0,0,9,1,14,2,10,99,9,2,3,I,64,0,0,0,0,0,0,0,0,0,0,130,45,0,0,0,1,3,65,-22,-61,243044,998,30,72,0,4,3,17,1,1,0,995,50.0259744183163,11,2
7550,33,67,1-33-2017-067-07,7,1,JTDKB20U4877,17,49,46,2008,5,1,3,0,1,F,2,1335,5,0,1,1,1,56,1,0,0,995,0,0,0,95926,1,2,2,4,5,1,2,1,1,1,0,3,0,0,1,1,0,0,2,0,1,3,50,1,1,1,2,D,20,0,0,0,0,0,0,0,0,0,0,180,180,0,0,0,1,1,35,-35,0,91916,998,0,41,0,1,1,1,0,0,0,995,272.176071223018,12,2
7547,13,63,1-13-2017-063-03,3,1,3N1CE2CP7HL3,17,35,50,2017,5,1,2,0,1,F,2,1133,8,0,1,1,1,64,1,0,0,995,0,0,0,74136,2,2,2,4,6,3,1,1,1,1,1,2,0,0,1,1,1,2,1,0,11,2,15,1,1,1,4,J,68,0,0,0,0,0,0,0,0,0,0,140,350,0,0,0,1,1,31,-29,-10,28469,998,-25,23,0,4,1,2,0,3,0,995,278.884383024469,7,2
7547,13,63,1-13-2017-063-03,3,2,4S3GKAD6XH36,17,48,38,2017,4,1,3,0,1,F,2,1395,8,0,1,1,1,64,1,0,0,995,0,0,0,76053,1,2,2,1,3,3,1,1,1,1,3,2,0,0,1,1,1,2,1,0,1,4,62,1,1,1,4,J,69,0,0,0,0,0,0,0,0,0,0,350,140,0,0,0,1,1,28,-28,5,71008,998,33,34,0,4,0,0,0,5,0,995,278.884383024469,7,2
7550,33,67,1-33-2017-067-07,7,2,3B7HF13Z51G7,17,7,482,2001,34,5,31,0,1,B,1,2285,5,0,1,2,0,56,1,0,0,995,0,0,0,96055,9,9,2,4,5,1,2,1,1,1,0,3,0,0,1,1,0,0,9,0,5,3,53,1,1,1,2,D,21,0,0,0,0,0,0,0,0,0,0,180,180,0,0,0,1,1,21,21,0,11193,998,14,11,0,1,95,95,95,95,0,995,272.176071223018,12,2
7545,20,84,1-20-2017-084-01,1,2,JN8DR07Y51W5,17,35,401,2001,14,3,14,0,1,F,2,1934,5,136,2,1,1,89,1,0,1,0,2,0,1,93933,1,2,0,4,2,1,2,1,2,4,1,2,0,0,1,1,0,0,1,0,14,4,62,4,1,1,3,I,65,1,1,2,2,5,4,31,1,2,4,45,130,0,1,0,1,3,36,-33,12,91885,998,76,29,0,4,2,5,0,3,2,995,50.0259744183163,11,2
7553,21,38,1-21-2017-038-03,3,1,1N4AA51E39C8,17,35,39,2009,4,1,4,0,1,F,1,1630,5,0,1,2,0,64,1,0,0,995,0,0,0,92346,9,9,2,1,3,2,2,1,1,1,1,1,0,0,3,1,1,2,9,0,1,2,17,99,1,1,4,K,83,0,0,0,0,0,0,0,0,0,0,180,70,0,0,0,1,1,9,-8,-5,13909,998,-108,12,0,1,95,95,95,95,0,995,336.399413283843,11,2
7553,21,38,1-21-2017-038-03,3,2,KL8CA6S93FC7,17,20,29,2015,5,1,1,0,1,L,1,1029,5,0,1,1,1,40,1,0,1,0,2,0,1,92335,9,1,2,3,2,2,2,1,1,1,3,2,0,0,3,1,1,2,9,0,11,4,66,99,1,1,4,K,82,1,2,2,5,7,1,1,2,1,10,70,180,0,0,0,1,1,14,-11,9,6355,998,-55,11,0,1,1,1,0,4,1,995,336.399413283843,11,2
7551,33,68,1-33-2017-068-06,6,1,2HGFB2F55CH3,17,37,31,2012,4,1,3,0,1,F,1,1267,5,0,1,1,1,56,1,0,0,995,0,0,0,95355,1,2,2,4,5,2,2,1,1,1,3,1,0,0,3,1,1,2,9,0,1,2,17,2,1,1,5,L,86,0,0,0,0,0,0,0,0,0,0,325,60,0,0,0,1,1,14,-11,9,31696,998,119,18,0,4,1,1,0,4,0,995,103.535701555678,12,2
7551,33,68,1-33-2017-068-06,6,2,1FTFW1EV5AFC,17,12,481,2010,34,5,31,0,1,L,1,2522,5,0,1,1,1,56,1,0,0,995,0,0,0,95973,1,2,2,4,3,1,2,1,1,1,0,1,0,0,3,1,1,2,9,0,1,4,66,99,1,1,5,L,87,1,2,2,5,3,1,31,1,2,10,997,997,0,0,0,2,6,999,999,999,9999999,999,999,999,6,0,1,1,0,4,2,997,103.535701555678,12,2
7557,20,85,1-20-2017-085-04,4,1,1FATP8EM5G52,17,12,3,2016,2,1,3,0,1,L,2,1756,5,9999,9,5,1,64,1,0,0,995,0,1,3,95060,1,2,2,4,2,1,2,1,1,4,1,2,0,0,1,8,0,0,9,1,1,2,10,99,1,2,3,I,64,0,0,0,0,0,0,0,0,0,0,100,295,0,0,0,1,8,999,999,999,9999999,999,999,999,7,0,0,0,0,0,0,995,673.604448343268,11,2
7552,33,69,1-33-2017-069-09,9,1,3VWBB61C3WM0,17,30,47,1998,3,1,1,0,1,L,2,1230,5,0,1,5,1,56,1,0,0,995,0,0,0,95928,1,2,3,4,2,1,2,1,1,1,0,0,0,0,1,1,0,0,2,0,11,2,15,1,1,1,4,K,82,0,0,0,0,0,0,0,0,0,0,240,0,0,0,0,1,4,39,-13,37,133622,998,-59,47,0,4,1,2,0,4,0,995,337.372010297099,12,2
7557,20,85,1-20-2017-085-04,4,2,2B4GH45R6SR2,17,7,442,1995,20,4,20,0,1,L,2,1508,5,0,1,1,1,40,1,0,0,995,0,0,0,95076,7,1,2,5,2,1,2,1,1,2,1,1,0,0,1,8,0,0,9,0,1,4,62,99,1,1,3,I,65,0,0,0,0,0,0,0,0,0,0,295,100,0,0,0,1,8,999,999,999,9999999,999,999,999,7,0,99,99,0,99,0,995,673.604448343268,11,2
7552,33,69,1-33-2017-069-09,9,2,4T1GB11E4SU0,17,49,43,1995,4,1,3,0,1,F,2,1490,5,0,1,1,1,56,1,0,0,995,0,0,0,95928,1,2,3,1,4,1,2,1,1,1,0,3,0,0,1,1,0,0,1,0,1,4,67,1,1,1,4,K,83,0,0,0,0,0,0,0,0,0,0,0,240,0,0,0,1,4,31,-30,5,22431,998,34,18,0,4,1,1,0,0,0,995,337.372010297099,12,2
7552,33,69,1-33-2017-069-09,9,3,1GNKVHKD4GJ1,17,20,423,2016,15,3,15,0,1,F,1,2197,5,0,1,3,0,56,1,0,0,995,0,0,0,95926,9,9,3,1,5,1,2,1,1,1,0,3,0,0,1,1,0,0,9,0,1,4,62,99,1,1,6,M,98,0,0,0,0,0,0,0,0,0,0,180,340,0,0,0,3,8,999,999,999,9999999,999,999,999,6,0,95,95,95,95,0,995,337.372010297099,12,2
7552,33,69,1-33-2017-069-09,9,4,1NXBU40E29Z1,17,49,32,2009,4,1,2,0,1,F,9,1279,5,9999,9,0,0,56,1,0,0,995,0,0,0,95966,9,9,3,1,5,3,2,1,1,1,2,1,0,0,1,1,0,0,9,0,5,4,62,1,1,1,6,M,98,0,0,0,0,0,0,0,0,0,0,180,999,0,0,0,0,0,999,999,999,9999999,999,999,999,9,0,95,95,95,95,0,995,337.372010297099,12,2
7559,20,86,1-20-2017-086-08,8,1,3N1CB51D82L6,17,35,43,2002,4,1,1,0,1,9,9,1238,5,9999,9,0,1,89,1,1,1,266,2,0,1,39305,7,1,0,4,2,1,2,1,3,4,1,2,0,0,1,1,0,0,9,1,14,1,6,99,4,4,1,B,7,1,99,2,2,1,3,61,1,1,999,997,997,0,0,0,0,0,999,999,999,9999999,999,999,999,9,0,3,14,1,3,3,997,175.736135296403,11,2
7554,22,75,1-22-2017-075-10,10,1,JH4CL96994C0,17,54,39,2004,4,1,3,0,1,F,1,1465,5,0,1,1,1,40,1,1,8,997,8,0,0,99403,1,2,0,4,2,1,2,1,1,4,0,0,0,0,5,1,0,0,3,1,99,2,13,1,1,4,1,C,11,0,0,0,0,0,0,0,0,0,0,10,0,0,0,0,2,4,24,-24,0,66326,998,60,31,0,4,0,0,0,0,0,995,1437.20064662858,12,2
7528,25,18,1-25-2017-018-04,4,2,3N1AB7APXEY2,17,35,43,2014,4,1,3,0,1,F,1,1293,5,0,1,1,1,56,1,0,0,995,0,0,0,04103,1,2,2,4,3,2,2,1,1,1,1,2,0,0,3,1,1,2,3,0,11,2,15,1,1,1,4,J,68,0,0,0,0,0,0,0,0,0,0,20,225,0,0,0,1,3,16,-15,-5,10731,998,-30,14,0,4,1,1,0,0,0,995,3003.00788281761,2,2
7534,19,83,1-19-2017-083-04,4,1,3N1AB7AP7HY2,17,35,43,2017,4,1,3,0,1,F,1,1293,5,0,1,1,1,72,1,0,0,995,0,0,0,35904,1,2,2,1,3,1,2,1,1,1,1,3,0,0,1,1,1,2,1,0,1,3,50,1,1,1,2,D,20,0,0,0,0,0,0,0,0,0,0,65,65,0,0,0,1,3,22,-22,0,12016,998,-35,15,0,4,0,0,0,0,0,995,696.163054012629,9,2
7534,19,83,1-19-2017-083-04,4,2,1GCEK14R4WZ1,17,20,481,1998,34,5,31,0,1,B,9,1968,5,9999,9,0,0,72,1,0,0,995,0,0,0,35954,9,9,2,1,3,1,2,1,1,1,1,3,0,0,1,1,1,2,1,0,5,3,52,1,1,1,2,D,21,0,0,0,0,0,0,0,0,0,0,65,65,1,0,0,0,0,999,999,999,9999999,999,999,999,9,0,95,95,95,95,0,995,696.163054012629,9,2
7548,13,64,1-13-2017-064-09,9,1,1HGEJ7228YL1,17,37,31,2000,2,1,2,0,1,F,9,1067,5,0,1,5,1,48,1,0,0,995,0,0,0,76111,3,2,0,3,2,1,2,2,3,2,1,3,0,0,1,1,0,0,1,1,14,1,6,1,4,4,1,B,7,0,0,0,0,0,0,0,0,0,0,998,998,0,0,0,1,12,999,999,999,9999999,999,999,999,9,0,0,0,0,0,0,998,1604.95204628538,7,2
7549,13,65,1-13-2017-065-04,4,1,1G1PC5SH1G71,17,20,25,2016,4,1,3,0,1,F,2,1399,5,9999,9,1,1,56,1,0,0,995,0,0,0,76134,1,1,0,1,3,2,1,1,1,3,3,3,0,0,1,1,0,0,3,0,1,3,52,2,1,1,2,D,28,0,0,0,0,0,0,0,0,0,0,350,350,0,0,0,1,3,27,-27,0,32761,998,-16,24,0,4,1,1,0,0,0,995,974.693051201817,7,2