CASEID,PSU,CASENO,CASENUMBER,CATEGORY,VEHNO,VIN,VINLENGTH,MAKE,MODEL,MODELYR,BODYTYPE,BODYCAT,VEHCLASS,SPECUSE,TRANSTAT,DAMPLANE,DAMSEV,CURBWT,CURBSRC,CARGOWT,CARGOSRC,INSPTYPE,TOWSTAT,SPEEDLIMIT,DRPRESENT,PARALCOHOL,ALCTEST,ALCTESTRESULT,ALCTESTSRC,PARDRUG,DRUGTEST,ZIP,RACE,ETHNICITY,RELTOJUNCT,TRAFFLOW,RDLANES,INITLANE,SURFTYPE,SURFCOND,ALIGNMENT,PROFILE,LINERIGHT,LINELEFT,RUMBINIT,RUMBROAD,LIGHTCOND,WEATHER,TRAFDEV,TRAFFUNCT,DISTRACT,PREFHE,PREMOVE,CRITCAT,CRITEVENT,MANEUVER,PRESTAB,PRELOC,CRASHCAT,CRASHCONF,CRASHTYPE,ROLLTYPE,ROLLTURN,ROLLINTRPT,ROLLPREMAN,ROLLINITYP,ROLLINLOC,ROLLOBJ,ROLLTRIP,ROLLDIR,ROLLDIST,DVANGTHIS,DVANGOTH,TOWHITCH,TRAJDOC,TREEPOLE,DVEVENT,DVBASIS,DVTOTAL,DVLONG,DVLAT,DVENERGY,DVSPEED,DVMOMENT,DVBES,DVEST,DVCONF,VAIS,VISS,VINJURED,VTREAT,INITOBJCLASS,HEADANGLECAT,CASEWGT,PSUSTRAT,VERSION
7549,13,65,1-13-2017-065-04,4,2,2HGES26804H5,17,37,31,2004,4,1,2,0,1,B,2,1117,5,9999,9,4,1,56,1,0,0,995,0,0,0,76109,1,9,0,1,3,2,1,1,1,3,3,3,0,0,1,1,0,0,9,0,2,3,53,99,1,1,2,D,29,0,0,0,0,0,0,0,0,0,0,350,350,0,0,0,1,3,32,32,0,55697,998,0,35,0,4,0,0,0,0,0,995,974.693051201817,7,2
7549,13,65,1-13-2017-065-04,4,3,5NPEC4AC7BH2,17,55,33,2011,4,1,4,0,1,B,9,1454,5,9999,9,0,0,56,1,0,0,995,0,0,0,76120,9,9,0,1,3,2,1,1,1,3,3,3,0,0,1,1,0,0,9,0,2,3,53,99,1,1,6,M,98,0,0,0,0,0,0,0,0,0,0,350,350,0,0,0,0,0,999,999,999,9999999,999,999,999,9,0,95,95,95,95,0,995,974.693051201817,7,2
7545,20,84,1-20-2017-084-01,1,3,1GCGTCE37F11,17,20,473,2015,34,5,30,0,1,F,1,2032,5,0,1,2,0,89,1,0,0,995,0,0,0,93962,9,9,0,4,2,1,2,1,2,4,1,2,0,0,1,1,0,0,1,0,14,6,90,7,1,2,6,M,98,0,0,0,0,0,0,0,0,0,0,996,996,0,0,0,3,7,999,999,999,9999999,999,999,999,6,0,95,95,95,95,0,996,50.0259744183163,11,2
7562,15,47,1-15-2017-047-03,3,2,4T4BF1FKXGR5,17,49,40,2016,4,1,4,0,1,R,1,1467,5,0,1,1,1,48,1,0,0,995,0,0,0,11520,9,9,0,4,2,1,2,1,1,1,1,2,0,0,3,8,0,0,9,0,1,4,64,99,1,1,1,C,15,0,0,0,0,0,0,0,0,0,0,85,85,0,0,0,1,10,999,999,999,9999999,999,999,9,1,0,1,1,0,4,0,995,774.693618845844,1,2
7563,22,78,1-22-2017-078-04,4,1,2G1WL54T4P11,17,20,20,1993,4,1,3,0,1,F,1,1416,5,9999,9,4,1,40,1,0,0,995,0,0,9,83843,9,9,2,4,2,1,2,1,1,1,0,0,0,0,1,1,2,2,3,0,1,2,17,1,1,1,4,K,79,0,0,0,0,0,0,0,0,0,0,265,205,0,0,0,1,12,999,999,999,9999999,999,999,999,2,0,0,0,0,0,0,995,175.013038697505,12,2
7563,22,78,1-22-2017-078-04,4,2,4S4BSBCC0G32,17,48,45,2016,6,1,3,0,1,L,1,1614,5,9999,9,4,1,40,1,0,0,995,0,0,9,83843,9,9,2,4,2,1,2,1,1,1,0,0,0,0,1,1,2,2,9,0,10,4,66,1,1,1,4,K,78,0,0,0,0,0,0,0,0,0,0,205,265,0,0,0,1,12,999,999,999,9999999,999,999,999,2,0,0,0,0,0,0,995,175.013038697505,12,2
7514,10,33,1-10-2017-033-10,10,1,4T1BG28K5YU6,17,49,40,2000,4,1,3,0,1,F,1,1360,5,0,1,1,1,56,1,0,0,995,0,0,0,45449,5,2,2,2,2,2,2,1,1,1,3,0,0,0,1,1,1,2,1,0,1,3,50,1,1,1,2,D,20,0,0,0,0,0,0,0,0,0,0,280,280,0,0,0,1,3,17,-17,0,13741,998,-19,16,0,1,0,0,0,0,0,995,2415.69467836758,4,2
7514,10,33,1-10-2017-033-10,10,2,2C3CCAET5CH2,17,6,51,2012,4,1,5,0,1,B,9,1937,5,9999,9,0,0,56,1,0,0,995,0,0,0,45420,9,9,2,2,2,1,2,1,1,1,3,0,0,0,1,1,1,2,1,0,5,3,52,1,1,1,2,D,21,0,0,0,0,0,0,0,0,0,0,280,280,0,0,0,0,0,999,999,999,9999999,999,999,999,9,0,95,95,95,95,0,995,2415.69467836758,4,2
7564,30,64,1-30-2017-064-07,7,1,2C3CDXBG3CH2,17,7,24,2012,4,1,5,0,1,F,1,1797,5,0,1,1,1,56,1,0,0,995,0,0,0,85035,2,2,0,3,5,2,2,1,1,1,1,1,0,0,1,1,8,2,1,1,1,1,1,3,1,4,1,A,2,0,0,0,0,0,0,0,0,0,0,998,998,0,1,1,1,1,13,-13,0,13639,998,55,13,0,1,0,0,0,0,0,998,5273.73069432622,10,2
7566,26,43,1-26-2017-043-04,4,1,999999999999,99,99,399,9999,9,1,9,99,1,F,9,9999,9,9999,9,0,0,999,1,9,0,995,0,9,0,99999,9,9,2,4,2,1,2,1,1,1,0,0,0,0,3,1,2,2,9,0,1,2,17,99,1,9,5,L,88,0,0,0,0,0,0,0,0,0,0,250,170,0,0,0,0,0,999,999,999,9999999,999,999,999,9,0,95,95,95,95,0,995,3976.0979650724,10,2
7566,26,43,1-26-2017-043-04,4,2,4T4BF1FKXDR2,17,49,40,2013,4,1,3,0,1,L,9,1441,5,0,1,5,1,40,1,0,0,995,0,0,0,95632,2,2,2,4,2,1,2,1,2,1,0,3,0,0,3,1,0,0,1,0,14,4,66,1,1,1,5,L,89,0,0,0,0,0,0,0,0,0,0,170,250,0,0,0,1,12,999,999,999,9999999,999,999,999,9,0,0,0,0,0,0,995,3976.0979650724,10,2
7571,23,70,1-23-2017-070-07,7,1,4T4BE46K79R0,17,49,40,2009,4,1,4,0,1,R,1,1500,5,0,1,1,1,113,1,0,0,995,0,0,0,45140,1,2,4,2,3,3,2,1,1,1,1,2,1,2,2,1,0,0,3,1,15,2,13,3,4,4,1,A,1,0,0,0,0,0,0,0,0,0,0,998,998,0,0,0,2,10,999,999,999,9999999,999,999,999,6,0,0,0,0,0,0,998,524.47352410438,5,2
7572,23,71,1-23-2017-071-10,10,1,1J4FF48S41L5,17,2,404,2001,14,3,14,0,1,L,1,1495,5,0,1,1,1,89,1,0,0,995,0,0,0,43015,1,2,0,4,2,1,2,1,2,2,2,1,0,0,1,1,0,0,1,1,14,6,87,3,1,4,1,B,8,0,0,0,0,0,0,0,0,0,0,998,998,0,0,1,1,1,10,-10,2,7968,998,-80,10,0,3,0,0,0,0,0,998,2303.66960608184,5,2
7573,23,72,1-23-2017-072-03,3,1,1GCHK24U91E2,17,20,481,2001,34,5,31,0,1,F,2,2738,5,0,1,1,1,80,1,0,0,995,0,1,0,43074,9,9,2,2,6,6,2,1,1,1,1,3,0,0,1,1,1,2,9,0,1,3,50,99,1,1,2,D,20,0,0,0,0,0,0,0,0,0,0,140,140,1,0,0,1,5,999,999,999,9999999,999,999,999,7,0,9,97,0,99,0,995,138.091947184635,5,2
7573,23,72,1-23-2017-072-03,3,2,1GAHG39K9812,17,20,461,2008,21,4,21,0,1,B,2,2690,5,0,1,1,1,80,1,0,0,995,0,0,0,43215,9,9,2,2,6,6,2,1,1,1,1,3,0,0,1,1,1,2,9,0,5,3,53,99,1,2,2,D,21,0,0,0,0,0,0,0,0,0,0,140,140,0,0,0,1,5,999,999,999,9999999,999,999,999,7,0,9,97,0,8,0,995,138.091947184635,5,2
7573,23,72,1-23-2017-072-03,3,3,JN8AT2MVXHW0,17,35,51,2017,6,1,3,0,1,B,9,1610,5,9999,9,0,1,80,1,0,0,995,0,0,0,43021,9,9,2,2,6,5,2,1,1,1,3,1,0,0,1,1,1,2,9,0,5,4,61,99,1,1,6,M,98,0,0,0,0,0,0,0,0,0,0,135,135,0,0,0,0,0,999,999,999,9999999,999,999,999,9,0,99,99,0,99,0,995,138.091947184635,5,2
7573,23,72,1-23-2017-072-03,3,4,1NXBR32E84Z3,17,49,32,2004,4,1,2,0,1,L,2,1135,5,0,1,1,1,80,1,0,0,995,0,0,0,43081,9,9,2,2,6,6,2,1,1,1,1,3,0,0,1,1,1,2,9,0,5,3,53,99,1,1,6,M,98,0,0,0,0,0,0,0,0,0,0,140,140,0,0,0,3,1,31,0,0,50391,998,0,22,0,4,99,99,0,99,0,995,138.091947184635,5,2
7576,24,74,1-24-2017-074-08,8,1,1GNDS13S2722,17,20,403,2007,14,3,14,0,1,9,1,2004,5,0,1,6,0,72,1,0,0,995,0,0,0,08037,9,9,3,4,2,1,2,2,1,1,0,0,0,0,1,8,0,0,1,0,11,2,15,1,1,1,4,K,82,0,0,0,0,0,0,0,0,0,0,15,100,0,0,0,1,3,15,-15,3,16037,998,39,14,0,4,95,95,95,95,0,995,181.600731780546,1,2
7576,24,74,1-24-2017-074-08,8,2,JM1BC141XV01,17,41,35,1997,4,1,2,0,1,R,2,1082,5,0,1,1,1,72,1,0,0,995,0,0,0,08037,1,1,3,4,2,1,2,2,1,1,1,4,0,0,1,8,0,0,1,0,1,4,72,3,1,1,4,K,83,0,0,0,0,0,0,0,0,0,0,100,15,0,1,0,1,3,26,-4,-25,37360,998,-48,27,0,1,2,5,0,4,0,995,181.600731780546,1,2
7577,32,82,1-32-2017-082-06,6,1,1NXBR32E43Z1,17,49,32,2003,4,1,2,0,1,R,1,1130,5,0,1,1,1,72,1,0,0,995,0,0,0,76014,9,9,2,1,2,1,1,1,1,4,0,3,0,0,3,1,1,2,9,0,1,2,17,1,1,1,5,L,87,0,0,0,0,0,0,0,0,0,0,100,10,0,0,0,1,1,22,-7,-20,14166,998,107,13,0,4,0,0,0,0,0,995,6809.55000197747,7,2
7577,32,82,1-32-2017-082-06,6,2,KNAFT4A29B54,17,63,38,2011,4,1,3,0,1,F,1,1228,5,0,1,1,1,72,1,0,0,995,0,0,0,75019,9,9,2,1,4,1,1,1,1,1,0,3,0,0,3,1,1,2,9,0,1,4,66,1,1,1,5,L,86,0,0,0,0,0,0,0,0,0,0,10,100,0,0,0,1,1,23,-22,8,57573,998,62,31,0,4,9,97,0,99,0,995,6809.55000197747,7,2
7586,12,38,1-12-2017-038-04,4,1,1G1NE52J9162,17,20,37,2001,4,1,3,0,1,F,1,1384,5,0,1,1,1,64,1,0,0,995,0,0,0,73075,1,2,2,1,3,1,2,1,1,1,0,1,0,0,1,1,1,2,3,0,1,3,55,1,1,1,5,L,88,0,0,0,0,0,0,0,0,0,0,275,185,0,0,0,1,1,16,-16,-3,27445,998,-37,21,0,1,0,0,0,0,0,995,890.337454277011,9,2
7586,12,38,1-12-2017-038-04,4,2,1N4AL21E77N4,17,35,47,2007,4,1,4,0,1,L,1,1429,5,0,1,1,1,64,1,0,0,995,0,0,0,73453,1,2,2,4,3,2,2,1,1,1,1,1,0,0,1,1,1,2,1,0,1,2,17,1,1,2,5,L,89,0,0,0,0,0,0,0,0,0,0,185,275,0,0,0,1,1,15,-3,15,7174,998,59,10,0,1,1,1,0,5,0,995,890.337454277011,9,2
7581,26,44,1-26-2017-044-03,3,1,1FADP3F24FL2,17,12,37,2015,4,1,3,0,1,F,1,1340,5,0,1,1,1,64,1,0,0,995,0,0,0,95608,1,2,2,1,2,1,2,1,1,1,0,3,0,0,1,1,1,2,9,0,1,3,50,99,1,1,2,D,20,0,0,0,0,0,0,0,0,0,0,180,180,0,0,0,1,1,13,-13,0,11582,998,-51,14,0,1,99,99,0,99,0,995,382.15173451401,10,2
7581,26,44,1-26-2017-044-03,3,2,1N4AL3AP1EN3,17,35,47,2014,4,1,3,0,1,B,1,1451,5,0,1,2,0,64,1,0,0,995,0,0,0,95818,9,9,2,1,2,1,2,1,1,1,0,3,0,0,1,1,1,2,1,0,5,3,53,1,1,1,2,D,21,0,0,0,0,0,0,0,0,0,0,180,180,0,0,0,1,1,12,12,0,7681,998,-13,11,0,1,95,95,95,95,0,995,382.15173451401,10,2
7586,12,38,1-12-2017-038-04,4,3,1FM5K7D87GGA,17,12,401,2016,14,3,14,0,1,L,1,2067,9,0,1,1,1,64,1,0,0,995,0,0,0,73401,2,2,2,1,3,3,2,1,1,1,1,2,0,0,1,1,0,0,1,0,5,4,62,2,1,1,6,M,98,0,0,0,0,0,0,0,0,0,0,0,55,0,0,0,2,1,10,0,10,21518,998,179,11,0,1,0,0,0,0,0,995,890.337454277011,9,2
7588,19,84,1-19-2017-084-02,2,1,WDDHF8JB1EA7,17,42,48,2014,4,1,4,0,1,T,2,1825,5,0,1,1,1,56,1,8,1,117,2,0,2,35907,1,2,0,4,2,1,2,1,2,1,0,2,0,0,2,1,0,0,1,1,14,2,12,1,1,4,1,B,6,1,8,2,2,1,4,61,1,1,40,997,997,0,0,0,3,6,999,999,999,9999999,999,999,999,7,0,3,19,1,3,3,997,139.959423353599,9,2
7589,16,57,1-16-2017-057-03,3,1,2HKRM4H38DH6,17,37,402,2013,14,3,14,0,1,R,1,1500,5,0,1,1,1,40,1,0,0,995,0,0,0,45211,9,9,2,4,2,1,2,1,1,4,1,2,0,0,1,8,2,2,1,0,1,2,17,1,1,1,5,L,87,0,0,0,0,0,0,0,0,0,0,15,290,0,0,0,1,1,18,-6,-17,19549,998,-76,15,0,1,1,1,0,5,0,995,1086.81269314683,5,2
7589,16,57,1-16-2017-057-03,3,2,5FNRL38767B4,17,37,441,2007,20,4,20,0,1,F,1,2062,5,0,1,1,1,40,1,0,0,995,0,0,0,45239,1,2,2,4,2,1,2,1,1,2,1,2,0,0,1,8,0,0,9,0,1,4,66,99,1,1,5,L,86,0,0,0,0,0,0,0,0,0,0,290,15,0,0,0,1,1,14,-13,5,26336,998,46,17,0,1,1,2,0,4,0,995,1086.81269314683,5,2
7590,31,35,1-31-2017-035-10,10,1,1G4HP54K4141,17,18,2,2001,4,1,4,0,1,F,1,1618,5,0,1,1,1,89,1,0,0,995,0,0,0,62844,1,2,0,4,2,1,2,1,1,1,1,2,0,0,1,1,0,0,3,0,1,3,50,1,1,1,2,D,20,0,0,0,0,0,0,0,0,0,0,75,75,0,0,0,1,1,22,-22,0,42601,998,0,26,0,4,0,0,0,0,0,995,1073.84216837139,6,2
7582,26,45,1-26-2017-045-03,3,1,1N4AL3AP5EC2,17,35,47,2014,4,1,3,0,1,F,1,1451,5,0,1,1,1,56,1,0,0,995,0,0,0,95621,1,2,3,4,2,1,2,1,1,1,1,2,0,0,1,1,0,0,2,0,1,3,50,4,1,1,2,D,20,0,0,0,0,0,0,0,0,0,0,180,180,0,0,0,1,1,13,-13,0,10448,998,-62,12,0,4,2,5,0,3,0,995,382.1517345174,10,2
7582,26,45,1-26-2017-045-03,3,2,5N1AN08U15C6,17,35,402,2005,14,3,14,0,1,B,1,1973,5,0,1,2,0,56,1,0,0,995,0,0,0,95621,9,9,3,4,2,1,2,1,1,1,1,2,0,0,1,1,0,0,9,0,5,3,53,1,1,1,2,D,21,0,0,0,0,0,0,0,0,0,0,180,180,0,0,0,1,1,10,10,0,9986,998,-43,11,0,4,95,95,95,95,0,995,382.1517345174,10,2
7590,31,35,1-31-2017-035-10,10,2,1GCEK19T94E3,17,20,481,2004,34,5,31,0,1,B,1,2151,5,0,1,2,0,89,1,0,0,995,0,0,0,62821,9,9,0,4,2,1,2,1,1,1,1,2,0,0,1,1,0,0,1,0,5,3,53,1,1,1,2,D,21,0,0,0,0,0,0,0,0,0,0,75,75,0,0,0,1,1,16,16,0,9314,998,0,11,0,4,95,95,95,95,0,995,1073.84216837139,6,2
7593,17,50,1-17-2017-050-07,7,1,1J8HG58268C2,17,2,406,2008,14,3,14,0,1,L,1,2326,5,0,1,1,1,80,1,8,0,995,0,7,0,99999,1,2,1,2,2,2,2,1,2,1,3,2,0,0,3,1,0,0,9,1,14,1,1,99,9,4,1,B,7,0,0,0,0,0,0,0,0,0,0,998,998,0,0,0,1,8,999,999,999,9999999,999,999,999,6,0,99,99,0,99,0,998,900.226382664292,4,2
7592,17,51,1-17-2017-051-04,4,1,19XFC2F76HE0,17,37,31,2017,4,1,3,0,1,R,1,1230,5,0,1,1,1,72,1,9,0,995,0,9,0,52806,1,2,2,4,5,2,2,1,1,4,1,3,0,0,3,1,1,2,1,0,1,2,17,1,1,1,5,L,87,0,0,0,0,0,0,0,0,0,0,190,100,0,0,0,1,4,11,-4,-10,5110,998,239,5,0,4,2,5,0,4,0,995,800.07618116919,4,2
7592,17,51,1-17-2017-051-04,4,2,2CNBJ18CXX69,17,20,402,1999,14,3,14,0,1,F,1,1235,5,0,1,4,0,72,1,9,0,995,0,9,0,52722,9,9,2,2,5,1,2,1,1,1,1,3,0,0,3,1,1,2,9,0,1,2,17,99,1,1,5,L,86,0,0,0,0,0,0,0,0,0,0,100,190,0,0,0,1,4,11,-11,4,27606,998,60,21,0,4,95,95,95,95,0,995,800.07618116919,4,2
7596,22,79,1-22-2017-079-06,6,2,3C3CFFAR6CT4,17,36,38,2012,3,1,1,0,1,F,1,1068,5,0,2,1,1,105,1,0,0,995,0,0,0,99403,1,2,2,1,2,1,2,1,1,1,1,3,0,0,1,1,0,0,1,1,1,4,66,4,2,4,4,J,69,0,0,0,0,0,0,0,0,0,0,998,998,0,1,1,3,1,21,-21,0,20140,998,0,21,0,1,1,2,0,4,0,998,77.1369113881955,12,2
7595,25,20,1-25-2017-020-02,2,1,2GCEK19V2313,17,20,481,2003,34,5,31,0,1,F,3,2151,5,125,1,1,1,72,1,9,1,209,2,7,2,04105,1,2,2,4,2,1,2,1,1,1,0,2,0,0,3,1,2,2,1,1,10,2,16,99,1,2,4,K,80,0,0,0,0,0,0,0,0,0,0,90,300,0,0,0,1,1,52,-49,-18,351339,998,-64,58,0,1,3,10,1,3,0,995,79.5916030273087,2,2
7595,25,20,1-25-2017-020-02,2,2,1GC4KZE88FF5,17,20,481,2015,34,5,31,0,1,F,2,3225,5,100,1,1,1,72,1,0,1,0,2,0,0,32159,9,9,2,4,3,2,2,1,3,1,3,2,0,0,3,1,0,0,1,0,14,4,67,99,1,1,4,K,81,0,0,0,0,0,0,0,0,0,0,300,90,0,0,0,1,1,36,-36,6,110712,998,-31,29,0,1,1,2,0,4,0,995,79.5916030273087,2,2
7602,33,70,1-33-2017-070-04,4,1,2T3BFREV2FW2,17,49,402,2015,14,3,14,0,1,L,1,1600,5,0,1,1,1,40,1,0,0,995,0,0,0,95965,3,2,0,4,2,1,2,1,1,1,0,4,0,0,1,1,0,0,2,0,12,2,21,1,1,7,6,M,98,0,0,0,0,0,0,0,0,0,0,0,90,0,0,0,1,1,13,-2,12,37370,998,194,14,0,1,0,0,0,0,0,995,69.2978879595603,12,2
7605,18,38,1-18-2017-038-02,2,1,1G1PE5SB3G71,17,20,25,2016,4,1,3,0,1,F,9,1399,5,0,1,5,1,89,1,0,1,0,2,0,0,54770,5,2,0,4,2,1,2,1,1,4,4,1,0,0,2,1,0,0,1,1,1,2,12,1,1,4,1,B,6,1,3,2,2,1,4,61,1,2,12,998,998,0,1,0,2,12,999,999,999,9999999,999,999,999,9,0,3,10,1,3,3,998,82.5675036810661,6,2
7602,33,70,1-33-2017-070-04,4,2,1G1AL55F2773,17,20,22,2007,4,1,2,0,1,R,1,1265,5,0,1,1,1,40,1,0,0,995,0,0,0,95965,1,2,0,4,2,1,2,1,1,1,0,4,0,0,1,1,0,0,9,0,1,4,64,99,1,1,6,M,98,0,0,0,0,0,0,0,0,0,0,90,0,0,0,0,1,1,15,-15,-3,9732,998,66,12,0,1,99,99,0,99,0,995,69.2978879595603,12,2
7603,33,71,1-33-2017-071-10,10,1,1HGEM22993L0,17,37,31,2003,2,1,2,0,1,F,1,1127,5,9999,9,4,1,40,1,0,0,995,0,0,0,95965,1,1,2,4,2,1,2,1,1,1,3,2,0,0,1,1,0,0,3,1,1,1,6,3,2,4,1,B,7,0,0,0,0,0,0,0,0,0,0,998,998,0,0,0,1,12,999,999,999,9999999,999,999,999,1,0,1,1,0,0,0,998,339.788882491816,12,2
7608,21,40,1-21-2017-040-07,7,1,2G1WB58N3813,17,20,2,2008,4,1,4,0,1,F,2,1630,5,0,2,1,1,56,1,8,9,998,8,7,9,92324,2,2,0,4,2,1,2,1,3,1,0,2,0,0,3,99,6,2,3,1,1,2,13,1,1,4,1,A,1,0,0,0,0,0,0,0,0,0,0,998,998,0,0,0,3,10,999,999,999,9999999,999,999,36,3,0,0,0,0,0,0,998,538.765462517657,11,2
7606,18,39,1-18-2017-039-09,9,1,1FMFU16L01LB,17,12,422,2001,15,3,15,0,1,F,1,2424,5,0,1,1,1,89,1,0,0,995,0,0,0,54403,1,2,1,1,1,1,2,2,1,1,3,2,0,0,2,2,0,0,1,1,16,2,13,2,1,4,1,A,1,0,0,0,0,0,0,0,0,0,0,998,998,0,0,0,1,1,18,-18,0,30940,998,0,18,0,4,1,1,0,6,0,998,3265.8824742888,6,2
7604,33,72,1-33-2017-072-03,3,1,3FA6P0HD4HR2,17,12,23,2017,4,1,4,0,1,F,1,1554,5,0,1,1,1,56,1,0,0,995,0,0,0,95965,1,2,3,4,2,1,2,1,1,2,0,0,0,0,1,1,0,0,9,0,11,2,15,99,1,1,4,K,82,0,0,0,0,0,0,0,0,0,0,290,55,0,0,0,1,8,999,999,999,9999999,999,999,999,6,0,0,0,0,0,0,995,62.9930657774199,12,2
7604,33,72,1-33-2017-072-03,3,2,1FTPF1CT5CKE,17,12,481,2012,34,5,31,0,1,R,1,2159,5,0,2,1,1,56,1,0,0,995,0,0,0,94558,1,2,3,5,5,2,1,1,1,4,3,2,0,0,1,1,0,0,1,0,1,4,72,8,1,1,4,K,83,0,0,0,0,0,0,0,0,0,0,55,290,0,0,0,1,8,999,999,999,9999999,999,999,999,6,0,0,0,0,0,0,995,62.9930657774199,12,2
7601,13,68,1-13-2017-068-04,4,1,3HSDJAPR9HN7,17,84,881,2017,66,8,68,0,1,R,9,,,,,,0,64,1,0,0,995,0,0,0,76131,9,9,2,4,5,1,1,2,1,1,0,3,0,0,1,2,1,2,9,0,1,2,17,99,1,1,5,L,87,,,,,,,,,,,,,,,,,,,,,,,,,,,95,95,95,95,,,2086.98845774215,7,2
7610,20,87,1-20-2017-087-03,3,1,2GNALBEKXD11,17,20,404,2013,14,3,14,0,1,F,2,1706,5,0,1,1,1,113,1,0,0,995,0,0,0,93455,1,2,0,1,2,1,2,1,1,9,1,3,2,3,2,1,0,0,3,1,1,2,13,1,1,4,1,A,1,1,2,9,2,1,4,61,1,1,10,998,998,0,0,0,1,11,999,999,999,9999999,999,999,999,7,0,0,0,0,0,3,998,541.821332088258,11,2
7600,13,67,1-13-2017-067-05,5,1,3GKEC16Z04G3,17,23,422,2004,15,3,15,0,1,F,1,2228,5,9999,9,0,1,56,1,0,0,995,0,0,0,76111,9,1,2,1,5,2,1,1,1,1,3,1,0,0,1,1,1,2,9,0,1,2,17,99,1,1,4,K,83,0,0,0,0,0,0,0,0,0,0,90,0,0,0,0,1,3,4,-4,-1,1406,998,-44,4,0,4,0,0,0,0,0,995,101.762535644629,7,2
7601,13,68,1-13-2017-068-04,4,2,19XFB2F87FE0,17,37,31,2015,4,1,3,0,1,F,9,1258,5,0,1,1,1,64,1,0,0,995,0,0,0,76017,1,2,2,3,2,1,1,2,1,1,0,3,0,0,1,2,1,2,1,0,1,4,66,2,1,1,5,L,86,0,0,0,0,0,0,0,0,0,0,330,90,0,0,0,1,5,999,999,999,9999999,999,999,23,0,0,1,1,0,5,0,995,2086.98845774215,7,2
7607,21,39,1-21-2017-039-03,3,1,2G1WC5E35G11,17,20,2,2016,4,1,4,0,1,F,3,1717,5,0,1,5,1,40,1,9,0,995,0,9,0,99999,9,9,2,4,5,1,2,1,1,1,0,1,0,0,3,1,1,2,9,0,1,4,66,99,1,1,5,L,86,0,0,0,0,0,0,0,0,0,0,155,245,0,0,0,1,1,52,-49,18,160602,998,68,44,0,1,99,99,0,99,0,995,150.652633420743,11,2
7600,13,67,1-13-2017-067-05,5,2,KNDJT2A52C73,17,63,37,2012,6,1,2,0,1,L,1,1190,5,0,1,1,1,56,1,0,0,995,0,0,0,76051,1,9,2,1,3,2,1,1,1,1,1,2,0,0,1,1,1,2,9,0,11,4,66,99,1,1,4,K,82,0,0,0,0,0,0,0,0,0,0,0,90,0,0,0,1,3,7,-1,7,4204,998,116,7,0,1,1,3,0,4,0,995,101.762535644629,7,2
7612,30,65,1-30-2017-065-04,4,1,1B4GP54L0TB3,17,7,442,1996,20,4,20,0,1,F,1,1671,5,9999,9,0,0,80,1,0,0,995,0,0,0,85132,9,9,2,1,3,3,1,1,1,1,3,2,0,0,1,1,1,2,9,0,1,2,17,99,9,1,4,K,83,0,0,0,0,0,0,0,0,0,0,190,100,0,0,0,1,3,13,-8,-10,13514,998,-171,9,0,4,95,95,95,95,0,995,1466.95760247911,10,2
7612,30,65,1-30-2017-065-04,4,2,JM1BL1L77D17,17,41,51,2013,5,1,2,0,1,L,1,1313,5,0,1,1,1,72,1,0,1,0,2,0,1,85204,4,1,2,3,4,4,1,1,1,1,1,2,0,0,1,1,1,2,1,0,11,4,66,2,1,1,4,K,82,0,0,0,0,0,0,0,0,0,0,100,190,0,0,0,1,3,17,-13,11,28681,998,44,22,0,4,1,2,0,6,0,995,1466.95760247911,10,2
7607,21,39,1-21-2017-039-03,3,2,4T4BF3EK5BR2,17,49,40,2011,4,1,4,0,1,R,3,1500,5,0,1,1,1,40,1,0,1,0,2,0,1,92411,9,1,2,4,5,1,2,1,9,1,0,1,0,0,3,1,1,2,1,0,1,2,17,99,1,1,5,L,87,0,0,0,0,0,0,0,0,0,0,245,155,0,0,0,1,1,59,-20,-55,282535,998,26,67,0,1,1,1,0,4,0,995,150.652633420743,11,2
7611,13,66,1-13-2017-066-05,5,1,ZFBERFAB5H6E,17,7,463,2017,21,4,21,0,1,L,2,1610,5,9999,9,0,0,64,1,0,0,995,0,0,0,75154,9,9,2,4,2,1,1,1,1,1,0,0,0,0,1,1,2,2,9,0,1,2,17,99,1,1,5,L,89,0,0,0,0,0,0,0,0,0,0,90,180,0,0,0,1,3,28,-10,27,87786,998,-60,34,0,4,95,95,95,95,0,995,101.762535648221,7,2
7607,21,39,1-21-2017-039-03,3,3,3C4PDCAB9GT2,17,7,27,2016,6,1,4,0,1,F,1,1735,5,0,1,1,1,40,1,0,0,995,0,0,0,92404,1,1,2,4,6,4,2,1,1,1,2,1,0,0,3,1,1,2,1,0,5,4,67,1,1,1,6,M,98,0,0,0,0,0,0,0,0,0,0,70,180,0,0,0,2,1,20,-18,7,62698,998,74,26,0,1,1,1,0,4,0,995,150.652633420743,11,2
7594,14,38,1-14-2017-038-02,2,1,1GCRCREH3EZ2,17,20,481,2014,34,5,31,0,1,L,2,2320,5,159,1,1,1,72,1,0,1,0,2,1,2,78130,1,2,3,4,2,1,2,2,1,2,0,0,0,0,2,1,0,0,2,0,11,2,15,1,1,1,4,K,82,0,0,0,0,0,0,0,0,0,0,20,110,0,0,0,1,1,26,-9,25,168234,998,-19,40,0,1,4,24,1,3,0,995,271.805305370098,8,2