CASEID,PSU,CASENO,CASENUMBER,CATEGORY,VEHNO,VIN,VINLENGTH,MAKE,MODEL,MODELYR,BODYTYPE,BODYCAT,VEHCLASS,SPECUSE,TRANSTAT,DAMPLANE,DAMSEV,CURBWT,CURBSRC,CARGOWT,CARGOSRC,INSPTYPE,TOWSTAT,SPEEDLIMIT,DRPRESENT,PARALCOHOL,ALCTEST,ALCTESTRESULT,ALCTESTSRC,PARDRUG,DRUGTEST,ZIP,RACE,ETHNICITY,RELTOJUNCT,TRAFFLOW,RDLANES,INITLANE,SURFTYPE,SURFCOND,ALIGNMENT,PROFILE,LINERIGHT,LINELEFT,RUMBINIT,RUMBROAD,LIGHTCOND,WEATHER,TRAFDEV,TRAFFUNCT,DISTRACT,PREFHE,PREMOVE,CRITCAT,CRITEVENT,MANEUVER,PRESTAB,PRELOC,CRASHCAT,CRASHCONF,CRASHTYPE,ROLLTYPE,ROLLTURN,ROLLINTRPT,ROLLPREMAN,ROLLINITYP,ROLLINLOC,ROLLOBJ,ROLLTRIP,ROLLDIR,ROLLDIST,DVANGTHIS,DVANGOTH,TOWHITCH,TRAJDOC,TREEPOLE,DVEVENT,DVBASIS,DVTOTAL,DVLONG,DVLAT,DVENERGY,DVSPEED,DVMOMENT,DVBES,DVEST,DVCONF,VAIS,VISS,VINJURED,VTREAT,INITOBJCLASS,HEADANGLECAT,CASEWGT,PSUSTRAT,VERSION
7667,21,42,1-21-2017-042-07,7,1,WDDHF7CB9AA1,17,42,48,2010,4,1,4,0,1,R,2,1910,5,0,1,1,1,72,1,1,0,995,0,0,0,92376,9,9,0,4,4,2,2,1,2,1,3,2,0,0,1,1,0,0,9,1,14,2,12,99,1,4,1,B,6,1,2,2,1,2,4,68,4,1,14,997,997,0,1,0,3,6,999,999,999,9999999,999,999,999,7,0,99,99,0,99,3,997,722.11786068221,11,2
7670,13,69,1-13-2017-069-05,5,1,1G1AT58H0971,17,20,22,2009,4,1,2,0,1,F,9,1261,5,0,1,5,1,72,1,0,1,0,2,0,0,76133,3,2,2,1,3,3,2,1,1,1,1,0,0,0,1,1,1,2,1,1,11,2,15,1,1,4,1,A,1,0,0,0,0,0,0,0,0,0,0,998,998,0,0,1,1,12,999,999,999,9999999,999,999,999,9,0,3,14,1,3,0,998,163.105542473971,7,2
7642,11,38,1-11-2017-038-03,3,1,JTDKN3DU5F04,17,49,46,2015,5,1,2,0,1,F,9,1132,5,9999,9,0,1,72,1,0,0,995,0,0,0,23112,9,9,2,1,5,2,2,1,1,1,1,1,0,0,1,1,1,2,9,0,1,2,17,99,9,1,4,K,83,0,0,0,0,0,0,0,0,0,0,55,320,0,0,0,0,0,999,999,999,9999999,999,999,999,9,0,0,0,0,0,0,995,2849.41052148348,8,2
7642,11,38,1-11-2017-038-03,3,2,WA1LFAFP8FA0,17,32,402,2015,14,3,14,0,1,L,9,1850,5,0,1,4,1,72,1,0,0,995,0,0,0,23832,9,9,2,1,2,2,2,1,1,1,1,0,0,0,1,1,1,2,9,0,11,4,66,99,1,1,4,K,82,0,0,0,0,0,0,0,0,0,0,320,55,0,0,0,1,12,999,999,999,9999999,999,999,999,9,0,99,99,0,0,0,995,2849.41052148348,8,2
7671,13,70,1-13-2017-070-10,10,1,JTKDE1674600,17,49,50,2006,3,1,3,0,1,R,1,1318,8,0,1,4,0,97,1,0,0,995,0,0,0,76110,9,9,1,2,5,3,1,1,1,1,3,3,0,0,1,1,0,0,9,1,15,2,11,99,1,2,2,F,46,0,0,0,0,0,0,0,0,0,0,0,0,0,0,0,1,11,999,999,999,9999999,999,999,999,6,0,95,95,95,95,0,995,15640.02830766,7,2
7671,13,70,1-13-2017-070-10,10,2,JHLRD68555C0,17,37,402,2005,14,3,14,0,1,R,1,1480,5,0,1,1,1,97,1,0,0,995,0,0,0,76209,1,9,1,2,5,2,1,1,1,1,3,3,0,0,1,1,0,0,9,0,1,4,60,99,1,2,2,F,45,0,0,0,0,0,0,0,0,0,0,0,0,0,0,0,2,5,999,999,999,9999999,999,999,22,2,0,0,0,0,0,0,995,15640.02830766,7,2
7671,13,70,1-13-2017-070-10,10,3,3AKJGLBG3FSG,17,82,881,2015,66,8,68,0,1,L,9,,,,,,1,97,1,0,0,995,0,0,0,79938,9,9,1,2,5,1,1,1,1,1,1,3,0,0,1,1,0,0,9,0,1,4,60,99,1,1,6,M,98,,,,,,,,,,,,,,,,,,,,,,,,,,,95,95,95,95,,,15640.02830766,7,2
7675,33,73,1-33-2017-073-10,10,1,1J4FJ88S1ML5,17,2,404,1991,14,3,14,0,1,L,1,1378,5,0,1,1,1,89,1,8,0,995,0,7,0,99999,9,9,0,4,2,1,2,1,2,4,1,2,0,0,1,1,0,0,9,1,14,1,6,99,3,4,1,A,2,0,0,0,0,0,0,0,0,0,0,998,998,0,0,1,1,1,18,-16,9,18846,998,19,18,0,3,99,99,0,99,0,998,2616.2429621909,12,2
7676,33,74,1-33-2017-074-09,9,1,1FTYR10C3YPA,17,12,471,2000,34,5,30,0,1,B,1,1374,5,0,1,1,1,89,1,0,0,995,0,0,0,94609,7,2,0,4,2,1,2,1,3,4,2,1,0,0,2,1,0,0,1,0,2,2,18,1,1,1,2,D,29,0,0,0,0,0,0,0,0,0,0,105,100,0,0,0,1,12,999,999,999,9999999,999,999,999,1,0,1,1,0,4,0,995,885.897251644894,12,2
7676,33,74,1-33-2017-074-09,9,2,2FTHF26G0RCA,17,12,481,1994,34,5,31,0,1,B,2,2059,5,0,1,1,1,89,1,0,0,995,0,0,0,95437,1,2,0,4,2,1,2,1,3,4,2,1,0,0,2,1,0,0,1,0,14,3,52,3,1,1,2,D,28,0,0,0,0,0,0,0,0,0,0,100,105,0,0,0,2,5,999,999,999,9999999,999,999,999,7,0,1,1,0,0,0,995,885.897251644894,12,2
7685,15,53,1-15-2017-053-02,2,1,5N1AT2MV4EC8,17,35,51,2014,6,1,3,0,1,T,2,1639,5,0,1,1,1,48,1,0,0,995,0,0,0,11550,9,9,2,4,2,1,2,1,1,1,0,0,0,0,1,1,2,2,9,0,1,2,17,98,1,1,5,L,89,1,2,2,5,7,1,2,2,1,10,997,997,0,1,0,2,6,999,999,999,9999999,999,999,999,7,0,1,1,0,4,1,997,11.5367659147207,1,2
7685,15,53,1-15-2017-053-02,2,2,3N1AB6AP4BL6,17,35,43,2011,4,1,3,0,1,F,1,1296,5,0,1,1,1,48,1,0,0,995,0,0,0,11550,9,9,2,4,2,1,2,1,1,1,0,0,0,0,1,1,0,0,9,0,1,4,66,99,1,1,5,L,88,0,0,0,0,0,0,0,0,0,0,210,130,0,0,0,1,1,22,-19,-11,20323,998,-75,17,0,4,1,1,0,4,0,995,11.5367659147207,1,2
7676,33,74,1-33-2017-074-09,9,3,1FTNX21F9XEB,17,12,481,1999,34,5,31,0,1,F,2,2558,5,0,1,1,1,89,1,0,0,995,0,0,0,95947,1,2,0,4,2,1,2,1,3,4,2,1,0,0,2,1,0,0,1,0,14,3,52,2,1,1,6,M,98,0,0,0,0,0,0,0,0,0,0,105,100,1,0,0,2,5,999,999,999,9999999,999,999,999,7,0,0,0,0,0,0,995,885.897251644894,12,2
7686,20,88,1-20-2017-088-08,8,1,5LMFU28R41LJ,17,13,421,2001,15,3,15,0,1,T,3,2606,5,0,1,1,1,89,1,1,1,210,1,0,0,93905,9,1,0,4,2,1,2,1,3,1,1,2,0,0,2,1,0,0,9,1,14,1,6,99,4,4,1,B,7,1,99,1,2,5,4,31,1,1,20,997,997,0,0,0,1,6,999,999,999,9999999,999,999,999,8,0,2,5,0,4,2,997,136.912007382059,11,2
7677,33,75,1-33-2017-075-02,2,1,JT3GP10V5Y70,17,49,402,2000,14,3,14,0,1,F,1,1290,5,0,1,5,1,89,1,1,1,116,2,0,2,95932,1,9,2,1,3,1,2,1,1,1,1,1,0,0,1,1,1,2,9,1,10,2,10,99,1,2,4,K,80,0,0,0,0,0,0,0,0,0,0,90,290,0,0,0,1,1,22,-22,0,37755,998,-25,26,0,4,2,12,0,3,0,995,66.335309476095,12,2
7677,33,75,1-33-2017-075-02,2,2,3FA6P0LU7ER2,17,12,23,2014,4,1,4,0,1,F,1,1651,5,0,1,5,1,89,1,0,0,995,0,0,0,95965,1,9,2,4,3,2,2,1,1,1,1,2,0,0,1,1,1,2,9,0,1,4,67,99,1,1,4,K,81,0,0,0,0,0,0,0,0,0,0,290,90,0,0,0,1,1,17,-16,6,9796,998,27,12,0,4,1,1,0,4,0,995,66.335309476095,12,2
7688,32,85,1-32-2017-085-04,4,1,5N1AN0NW0BC5,17,35,402,2011,14,3,14,0,1,R,1,1973,5,0,1,1,1,48,1,0,0,995,0,0,0,75204,9,9,2,3,4,2,2,1,1,1,3,3,0,0,1,1,0,0,9,0,1,4,66,99,1,1,5,L,89,0,0,0,0,0,0,0,0,0,0,160,160,0,0,0,2,5,999,999,999,9999999,999,999,999,2,0,0,0,0,0,0,995,2596.33618288292,7,2
7688,32,85,1-32-2017-085-04,4,2,4V5KC9DG1EN1,17,51,881,2014,78,8,78,0,1,F,9,,,,,,1,48,1,0,0,995,0,0,0,75232,9,9,2,3,4,2,2,1,1,1,3,3,0,0,1,1,0,0,9,0,1,8,98,8,1,2,6,M,98,,,,,,,,,,,,,,,,,,,,,,,,,,,95,95,95,95,,,2596.33618288292,7,2
7688,32,85,1-32-2017-085-04,4,3,WBAKC8C58CC4,17,34,37,2012,4,1,5,0,1,F,1,2205,5,0,1,1,1,48,1,0,0,995,0,0,0,75254,9,9,2,4,2,1,2,1,1,4,0,2,0,0,1,1,2,2,3,0,1,2,17,99,1,1,5,L,88,0,0,0,0,0,0,0,0,0,0,230,140,0,0,0,1,1,7,-7,-1,10649,998,29,11,0,4,0,0,0,0,0,995,2596.33618288292,7,2
7689,20,91,1-20-2017-091-07,7,1,2G1WT58N5813,17,20,2,2008,4,1,4,0,1,B,1,1630,5,0,1,1,1,105,1,0,0,995,0,0,0,93930,9,1,0,2,2,2,2,1,1,9,3,2,1,3,1,1,0,0,3,1,1,1,8,8,3,4,1,A,2,0,0,0,0,0,0,0,0,0,0,998,998,0,0,0,1,8,999,999,999,9999999,999,999,999,6,0,0,0,0,0,0,998,702.609424140346,11,2
7687,30,69,1-30-2017-069-04,4,1,3C4PDCGB3GT2,17,7,27,2016,6,1,4,0,1,F,9,1735,5,9999,9,0,0,105,1,0,0,995,0,0,0,85142,9,9,0,2,6,1,2,1,1,1,1,3,0,0,1,1,0,0,3,0,1,3,52,99,1,1,2,D,28,0,0,0,0,0,0,0,0,0,0,90,90,0,0,0,0,0,999,999,999,9999999,999,999,999,9,0,95,95,95,95,0,995,3380.74012815741,10,2
7679,15,50,1-15-2017-050-03,3,1,1HGCR2F98HA0,17,37,32,2017,4,1,3,0,1,F,9,1480,5,0,2,4,1,48,1,0,0,995,0,0,0,11024,1,2,0,4,2,1,2,1,1,1,1,2,0,0,1,1,0,0,3,1,1,2,13,1,1,4,1,A,1,1,1,2,5,6,4,51,3,2,999,998,998,0,0,2,1,12,999,999,999,9999999,999,999,999,9,0,1,1,0,4,3,998,132.584249753584,1,2
7687,30,69,1-30-2017-069-04,4,2,JTDKN3DU2E17,17,49,46,2014,5,1,3,0,1,9,9,1380,5,9999,9,0,1,105,1,0,0,995,0,0,0,85250,1,2,0,2,6,1,2,1,1,1,1,3,0,0,1,1,0,0,1,0,2,3,53,1,1,1,2,D,29,0,0,0,0,0,0,0,0,0,0,90,90,0,0,0,0,0,999,999,999,9999999,999,999,999,9,0,0,0,0,0,0,995,3380.74012815741,10,2
7687,30,69,1-30-2017-069-04,4,3,1N4AL3AP9HN3,17,35,47,2017,4,1,4,0,1,B,9,1453,5,9999,9,0,0,105,1,0,0,995,0,0,0,85204,9,9,0,2,6,1,2,1,1,1,1,3,0,0,1,1,0,0,9,0,2,3,53,99,1,1,6,M,98,0,0,0,0,0,0,0,0,0,0,90,90,0,0,0,0,0,999,999,999,9999999,999,999,999,9,0,95,95,95,95,0,995,3380.74012815741,10,2
7681,15,52,1-15-2017-052-03,3,1,WAUBFGFF0F10,17,32,48,2015,5,1,2,0,1,F,9,1525,5,9999,9,4,1,48,1,0,0,995,0,0,0,11563,9,9,2,4,2,1,2,1,1,1,0,0,0,0,1,1,2,2,9,0,1,2,17,99,1,1,5,L,88,0,0,0,0,0,0,0,0,0,0,80,350,0,0,0,1,12,999,999,999,9999999,999,999,999,9,0,99,99,0,4,0,995,132.584249749717,1,2
7681,15,52,1-15-2017-052-03,3,2,1FMCU4K38AKA,17,12,402,2010,14,3,14,0,1,L,9,1721,5,0,2,4,1,48,1,0,0,995,0,0,0,11040,1,2,2,4,4,1,2,1,1,1,1,3,0,0,1,1,0,0,1,0,1,4,66,1,1,1,5,L,89,1,2,1,2,7,1,1,2,1,999,350,80,0,0,0,1,12,999,999,999,9999999,999,999,999,9,0,1,2,0,4,1,995,132.584249749717,1,2
7655,14,40,1-14-2017-040-08,8,1,999999999999,99,99,884,9999,66,8,68,0,1,R,9,,,,,,0,113,1,0,0,995,0,0,0,99999,9,9,0,3,4,4,2,1,1,9,3,1,1,3,1,1,0,0,9,1,15,2,11,99,1,2,2,F,46,,,,,,,,,,,,,,,,,,,,,,,,,,,95,95,95,95,,,1502.31800595479,8,2
7655,14,40,1-14-2017-040-08,8,2,JN1AZ34D24T1,17,35,48,2004,2,1,3,0,1,T,2,1470,5,0,1,1,1,113,1,0,1,0,2,7,2,78232,1,2,0,3,4,3,2,1,1,9,3,3,0,3,1,1,0,0,1,1,1,4,60,99,1,4,2,F,45,1,6,2,2,1,4,61,1,1,21,997,997,0,0,0,2,6,999,999,999,9999999,999,999,999,7,0,2,9,0,3,3,997,1502.31800595479,8,2
7690,18,41,1-18-2017-041-07,7,1,4T4BF3EK8AR0,17,49,40,2010,4,1,4,0,1,L,1,1500,3,0,1,1,1,89,1,0,0,995,0,0,0,54701,1,2,2,4,2,1,2,1,1,2,1,4,0,0,1,1,0,0,1,0,11,3,53,8,1,1,4,J,72,0,0,0,0,0,0,0,0,0,0,140,180,0,0,0,1,3,7,6,4,6064,998,136,7,0,4,0,0,0,0,0,995,661.115200524445,6,2
7690,18,41,1-18-2017-041-07,7,2,1FTEF14H6TLA,17,12,481,1996,34,5,31,0,1,R,1,1850,5,9999,9,0,0,89,1,0,0,995,0,0,0,54701,9,9,2,4,2,1,2,1,1,2,4,1,0,0,1,1,0,0,9,1,6,4,61,99,1,1,4,J,73,0,0,0,0,0,0,0,0,0,0,180,140,0,0,0,1,3,6,-6,1,3262,998,85,6,0,4,95,95,95,95,0,995,661.115200524445,6,2
7692,24,80,1-24-2017-080-04,4,1,1GCEK19T12E2,17,20,481,2002,34,5,31,0,1,F,1,2151,5,9999,9,4,0,40,1,1,1,110,1,0,0,08232,9,9,2,4,4,1,2,2,1,1,0,3,0,0,2,2,1,2,9,0,1,4,66,99,1,1,5,L,88,0,0,0,0,0,0,0,0,0,0,225,130,0,0,0,1,3,8,-8,-1,6893,998,-42,9,0,4,95,95,95,95,0,995,1096.66245862411,1,2
7692,24,80,1-24-2017-080-04,4,2,2HGFC2F58GH5,17,37,31,2016,4,1,3,0,1,L,1,1244,5,0,1,1,1,40,1,0,0,995,0,0,0,08401,3,2,2,3,1,1,2,2,1,1,0,0,0,0,2,2,1,2,1,0,1,2,17,2,1,1,5,L,89,0,0,0,0,0,0,0,0,0,0,130,225,0,0,0,1,3,13,-2,12,11036,998,92,12,0,4,9,97,0,0,0,995,1096.66245862411,1,2
7691,25,23,1-25-2017-023-04,4,1,JALC4W167F70,17,38,882,2015,61,8,60,0,1,F,9,,,,,,0,97,1,0,0,995,0,0,0,04106,9,9,0,2,2,2,2,1,1,1,3,2,0,0,1,1,0,0,1,0,1,3,52,8,1,1,2,D,28,,,,,,,,,,,,,,,,,,,,,,,,,,,95,95,95,95,,,1092.08885834505,2,2
7691,25,23,1-25-2017-023-04,4,2,JHMGK5H50HS0,17,37,39,2017,5,1,1,0,1,B,9,1131,5,150,1,1,1,97,1,0,0,995,0,0,0,04011,1,2,0,2,2,2,2,1,1,1,3,2,1,0,1,1,0,0,9,0,2,3,53,1,1,1,2,D,29,0,0,0,0,0,0,0,0,0,0,220,225,0,0,0,1,5,999,999,999,9999999,999,999,10,0,0,0,0,0,0,0,995,1092.08885834505,2,2
7640,28,39,1-28-2017-039-01,1,1,KL1TD56607B1,17,20,39,2007,4,1,1,0,1,F,9,1148,5,113,2,4,1,113,1,0,0,995,0,0,0,14533,1,2,0,3,2,1,2,1,1,1,1,3,2,3,2,1,0,0,9,1,1,2,13,99,1,4,1,A,1,0,0,0,0,0,0,0,0,0,0,50,30,0,0,0,1,5,999,999,999,9999999,999,999,999,9,0,1,1,0,1,0,995,116.185516823547,3,2
7700,24,82,1-24-2017-082-10,10,1,1GNEK13T34R2,17,20,421,2004,15,3,15,0,1,R,2,2190,5,0,1,1,1,80,1,0,0,995,0,0,0,08330,1,1,4,2,2,2,2,1,1,1,3,2,0,0,1,1,0,0,1,1,1,4,60,7,1,1,2,F,45,0,0,0,0,0,0,0,0,0,0,210,210,0,0,0,1,12,999,999,999,9999999,999,999,999,3,0,9,97,0,0,0,995,3542.08453945439,1,2
7704,27,15,1-27-2017-015-07,7,1,19UUA66204A0,17,54,35,2004,4,1,3,0,1,F,1,1623,5,0,1,1,1,64,1,0,0,995,0,0,0,10075,1,2,2,4,2,1,2,1,1,1,1,2,0,0,1,1,2,2,1,0,1,4,65,7,1,1,4,K,79,0,0,0,0,0,0,0,0,0,0,265,230,0,0,0,1,1,13,-12,-4,24546,998,-46,19,0,4,0,0,0,6,0,995,1229.96510879046,3,2
7704,27,15,1-27-2017-015-07,7,2,2CTFLEEY4A64,17,23,402,2010,14,3,14,0,1,L,1,1823,5,0,1,1,1,0,1,0,0,995,0,0,0,05765,1,2,2,4,2,1,2,1,1,1,1,2,0,0,1,1,2,2,2,0,10,2,16,1,1,1,4,K,78,0,0,0,0,0,0,0,0,0,0,230,265,0,0,0,1,1,11,7,9,10192,998,172,7,0,4,1,1,0,0,0,995,1229.96510879046,3,2
7696,23,76,1-23-2017-076-06,6,1,2T2BK1BA8AC0,17,59,403,2010,14,3,14,0,1,L,1,1970,5,0,1,1,1,89,1,0,0,995,0,0,0,43035,1,2,2,4,2,1,2,1,1,1,1,2,0,0,1,1,2,2,2,0,11,2,15,2,1,1,4,K,82,0,0,0,0,0,0,0,0,0,0,65,190,0,0,0,1,1,20,-15,13,16062,998,5,14,0,1,1,1,0,4,0,995,544.433081611749,5,2
7696,23,76,1-23-2017-076-06,6,2,2FMDK3JC6CBA,17,12,24,2012,6,1,4,0,1,F,1,1852,5,0,1,1,1,89,1,0,0,995,0,0,0,43015,1,2,2,4,2,1,2,1,1,1,1,2,0,0,1,1,0,0,1,0,1,4,67,3,1,1,4,K,83,0,0,0,0,0,0,0,0,0,0,190,65,0,0,0,1,1,22,-22,-4,54296,998,-47,27,0,1,1,1,0,5,0,995,544.433081611749,5,2
7706,32,87,1-32-2017-087-03,3,1,JM1BM1U72F12,17,41,51,2015,4,1,3,0,1,F,2,1284,5,0,1,1,1,48,1,0,0,995,0,0,0,75104,1,2,0,4,2,1,1,1,1,4,0,0,0,0,1,1,0,0,9,1,1,2,13,99,1,4,1,A,1,1,1,2,2,6,4,68,2,2,20,998,998,0,0,0,1,10,999,999,999,9999999,999,999,999,3,0,9,97,0,0,3,998,1044.02554058548,7,2
7698,23,78,1-23-2017-078-01,1,1,2HKYF18117H5,17,37,421,2007,15,3,15,0,1,F,9,2007,5,0,1,1,1,72,1,0,0,995,0,0,0,43235,1,2,2,4,2,1,2,1,2,1,1,2,0,0,1,1,0,0,1,0,14,4,67,3,1,1,4,K,83,0,0,0,0,0,0,0,0,0,0,160,30,0,1,0,1,5,999,999,999,9999999,999,999,37,0,0,2,4,0,99,0,995,90.8798878633592,5,2
7698,23,78,1-23-2017-078-01,1,2,JTHBN36F4401,17,59,32,2004,4,1,5,0,1,R,9,1810,5,9999,9,0,1,72,1,0,1,0,2,0,0,43065,9,9,2,4,2,1,2,1,1,1,1,2,0,0,1,1,2,2,9,0,11,2,15,99,1,1,4,K,82,0,0,0,0,0,0,0,0,0,0,30,160,0,1,0,0,0,999,999,999,9999999,999,999,999,9,0,4,41,1,1,0,995,90.8798878633592,5,2
7697,23,77,1-23-2017-077-03,3,1,1FMCU9G9XFUB,17,12,402,2015,14,3,14,0,1,9,9,1635,5,9999,9,0,1,113,1,0,0,995,0,0,0,44641,9,9,0,2,3,2,2,1,1,1,3,3,0,3,3,1,0,0,9,1,1,2,12,99,1,4,1,B,6,0,0,0,0,0,0,0,0,0,0,998,998,0,0,0,0,0,999,999,999,9999999,999,999,999,9,0,1,1,0,4,0,998,280.707313600264,5,2
7703,10,36,1-10-2017-036-08,8,1,1Y1SK5281WZ4,17,20,32,1998,4,1,1,0,1,F,2,1384,8,0,1,1,1,56,1,0,0,995,0,0,0,45403,9,9,0,1,2,1,2,1,1,1,0,2,0,0,3,1,0,0,1,1,1,2,12,1,1,4,1,B,6,0,0,0,0,0,0,0,0,0,0,280,270,0,0,0,2,1,38,-37,-7,129329,998,-42,48,0,1,9,97,0,8,0,995,120.865319356911,4,2
7707,32,88,1-32-2017-088-09,9,1,JHMCB7680MC0,17,37,32,1991,4,1,3,0,1,F,2,1253,5,0,1,1,1,56,1,0,1,0,2,0,2,75237,9,9,2,1,2,1,2,1,3,4,1,1,0,0,2,1,3,2,9,1,14,2,13,99,1,4,1,A,1,0,0,0,0,0,0,0,0,0,0,998,998,0,0,1,2,1,27,-27,0,39329,998,27,27,0,1,2,5,0,3,0,998,6009.97176670874,7,2
7712,25,25,1-25-2017-025-06,6,1,JF2SH616X9H7,17,48,401,2009,14,3,14,0,1,F,1,1483,5,0,1,1,1,999,1,0,0,995,0,0,0,04042,9,9,2,4,4,2,2,2,1,1,1,1,0,0,1,2,1,2,3,0,1,3,50,7,1,1,2,D,20,0,0,0,0,0,0,0,0,0,0,55,65,0,0,0,1,8,999,999,999,9999999,999,999,999,6,0,1,2,0,4,0,995,781.463764732178,2,2
7607,21,39,1-21-2017-039-03,3,4,999999999999,99,99,399,9999,9,1,9,99,1,F,9,9999,9,9999,9,0,0,64,1,8,9,998,8,7,9,99999,9,9,2,4,6,4,2,1,1,1,2,1,0,0,3,1,1,2,9,0,5,9,99,99,1,1,6,M,98,0,0,0,0,0,0,0,0,0,0,70,85,9,0,0,0,0,999,999,999,9999999,999,999,999,9,0,95,95,95,95,0,995,150.652633420743,11,2
7701,24,83,1-24-2017-083-07,7,1,2S3DA1178861,17,53,405,2008,14,3,14,0,1,F,1,1773,5,0,1,1,1,64,1,0,0,995,0,0,0,08234,9,9,0,4,2,1,2,1,1,4,0,2,0,0,1,1,0,0,9,0,1,3,50,99,1,1,2,D,20,0,0,0,0,0,0,0,0,0,0,355,355,0,0,0,1,3,18,-18,0,30969,998,-47,20,0,4,0,0,0,0,0,995,641.468263747083,1,2
7701,24,83,1-24-2017-083-07,7,2,2HKRM4H31EH6,17,37,402,2014,14,3,14,0,1,B,1,1586,5,0,1,2,0,64,1,0,0,995,0,0,0,08205,9,9,0,4,2,1,2,1,1,4,0,2,0,0,1,1,0,0,1,0,5,3,52,1,1,1,2,D,21,0,0,0,0,0,0,0,0,0,0,355,355,0,0,0,1,3,22,22,0,23227,998,0,20,0,4,95,95,95,95,0,995,641.468263747083,1,2
7701,24,83,1-24-2017-083-07,7,3,2HKRM4H74GH6,17,37,402,2016,14,3,14,0,1,B,1,1586,5,0,1,2,0,64,1,0,0,995,0,0,0,08234,9,9,0,4,2,1,2,1,1,4,0,2,0,0,1,1,0,0,9,0,5,3,53,99,1,1,6,M,98,0,0,0,0,0,0,0,0,0,0,355,355,0,0,0,2,3,12,12,0,8554,998,-69,11,0,4,95,95,95,95,0,995,641.468263747083,1,2
7710,24,84,1-24-2017-084-03,3,1,4T1CE38P96U7,17,49,40,2006,2,1,3,0,1,F,1,1465,5,0,1,1,1,80,1,0,0,995,0,0,0,08201,1,1,2,2,2,2,2,1,1,1,3,2,0,0,1,1,0,0,3,0,1,3,50,8,1,1,2,D,20,0,0,0,0,0,0,0,0,0,0,140,140,0,0,0,1,1,21,-21,0,16278,998,-40,16,0,4,0,0,0,4,0,995,176.84505609542,1,2
7710,24,84,1-24-2017-084-03,3,2,1N4AL3AP3DC1,17,35,47,2013,4,1,4,0,1,B,1,1420,5,0,1,1,1,80,1,0,0,995,0,0,0,08234,2,2,2,1,2,2,2,1,1,1,3,2,0,0,1,1,0,0,1,0,5,3,53,1,1,1,2,D,21,0,0,0,0,0,0,0,0,0,0,140,140,0,1,0,1,1,22,22,0,40319,998,-46,25,0,4,99,99,0,99,0,995,176.84505609542,1,2
7710,24,84,1-24-2017-084-03,3,3,KNAFX6A84G56,17,63,38,2016,2,1,3,0,1,L,1,1279,5,0,1,2,0,80,1,0,0,995,0,0,0,08230,9,9,0,1,2,1,2,1,1,1,1,3,0,0,1,1,0,0,1,0,1,4,61,1,1,1,6,M,98,0,0,0,0,0,0,0,0,0,0,150,150,0,0,0,2,8,999,999,999,9999999,999,999,999,6,0,95,95,95,95,0,995,176.84505609542,1,2
7716,17,55,1-17-2017-055-05,5,1,1G1ZT58N58F1,17,20,37,2008,4,1,4,0,1,F,2,1569,5,0,1,1,1,89,1,9,0,995,0,9,0,61254,9,9,0,4,2,1,2,1,1,1,1,2,0,0,2,1,0,0,9,0,1,6,87,99,1,1,1,C,13,0,0,0,0,0,0,0,0,0,0,998,998,0,0,0,1,10,999,999,999,9999999,999,999,999,7,0,1,1,0,4,0,998,105.502519959973,4,2
7711,25,24,1-25-2017-024-01,1,1,5TEUU4EN7AZ6,17,49,472,2010,34,5,30,0,1,F,9,1791,5,0,1,1,1,56,1,8,1,48,2,7,2,04055,9,9,0,4,2,1,2,1,1,1,1,2,0,0,1,8,0,0,9,1,1,2,10,99,1,2,3,G,50,0,0,0,0,0,0,0,0,0,0,150,340,0,0,0,1,5,999,999,999,9999999,999,999,53,0,0,3,14,1,1,0,995,94.6973868464172,2,2
7712,25,25,1-25-2017-025-06,6,2,KNDJA7237Y56,17,63,401,2000,14,3,14,0,1,B,1,1524,5,100,1,2,0,999,1,0,0,995,0,0,0,04093,9,9,2,4,3,2,2,2,1,1,1,1,0,0,1,2,1,2,3,0,5,3,53,1,1,1,2,D,21,0,0,0,0,0,0,0,0,0,0,65,55,0,0,0,1,8,999,999,999,9999999,999,999,999,6,0,95,95,95,95,0,995,781.463764732178,2,2
7714,14,41,1-14-2017-041-06,6,1,1FTEW1E80AFC,17,12,481,2010,34,5,31,0,1,F,1,2522,5,0,1,1,1,56,1,0,0,995,0,0,0,78132,2,9,2,5,5,2,2,1,1,1,3,2,0,0,1,8,0,0,9,0,1,2,17,99,1,1,4,K,83,0,0,0,0,0,0,0,0,0,0,330,200,0,0,0,1,1,14,-13,-5,41831,998,-132,16,0,1,99,99,0,99,0,995,4768.01422503003,8,2