CASEID,PSU,CASENO,CASENUMBER,CATEGORY,VEHNO,VIN,VINLENGTH,MAKE,MODEL,MODELYR,BODYTYPE,BODYCAT,VEHCLASS,SPECUSE,TRANSTAT,DAMPLANE,DAMSEV,CURBWT,CURBSRC,CARGOWT,CARGOSRC,INSPTYPE,TOWSTAT,SPEEDLIMIT,DRPRESENT,PARALCOHOL,ALCTEST,ALCTESTRESULT,ALCTESTSRC,PARDRUG,DRUGTEST,ZIP,RACE,ETHNICITY,RELTOJUNCT,TRAFFLOW,RDLANES,INITLANE,SURFTYPE,SURFCOND,ALIGNMENT,PROFILE,LINERIGHT,LINELEFT,RUMBINIT,RUMBROAD,LIGHTCOND,WEATHER,TRAFDEV,TRAFFUNCT,DISTRACT,PREFHE,PREMOVE,CRITCAT,CRITEVENT,MANEUVER,PRESTAB,PRELOC,CRASHCAT,CRASHCONF,CRASHTYPE,ROLLTYPE,ROLLTURN,ROLLINTRPT,ROLLPREMAN,ROLLINITYP,ROLLINLOC,ROLLOBJ,ROLLTRIP,ROLLDIR,ROLLDIST,DVANGTHIS,DVANGOTH,TOWHITCH,TRAJDOC,TREEPOLE,DVEVENT,DVBASIS,DVTOTAL,DVLONG,DVLAT,DVENERGY,DVSPEED,DVMOMENT,DVBES,DVEST,DVCONF,VAIS,VISS,VINJURED,VTREAT,INITOBJCLASS,HEADANGLECAT,CASEWGT,PSUSTRAT,VERSION
7714,14,41,1-14-2017-041-06,6,2,1GCCS1949W81,17,20,471,1998,34,5,30,0,1,F,1,1425,5,0,1,1,1,56,1,0,0,995,0,0,0,78130,1,1,2,4,2,1,2,1,1,1,0,2,0,0,1,8,2,2,2,0,11,4,66,1,1,1,4,K,82,0,0,0,0,0,0,0,0,0,0,200,330,0,0,0,1,1,24,-21,12,36771,998,79,22,0,1,1,2,0,4,0,995,4768.01422503003,8,2
7731,16,60,1-16-2017-060-08,8,1,2G4WS52J9Y12,17,18,7,2000,4,1,3,0,1,F,2,1528,5,0,1,1,1,56,1,0,0,995,0,0,0,45224,2,2,2,4,4,2,2,1,3,4,0,2,0,0,3,1,0,0,3,1,14,2,11,3,1,4,1,A,1,0,0,0,0,0,0,0,0,0,0,998,998,0,0,2,3,11,999,999,999,9999999,999,999,999,7,0,2,4,0,3,0,998,975.905712381978,5,2
7717,19,88,1-19-2017-088-03,3,1,3C4PDCAB6ET2,17,7,27,2014,6,1,4,0,1,F,1,1735,5,0,1,1,1,40,1,0,0,995,0,0,0,35903,1,2,0,4,2,1,2,1,3,1,1,2,0,0,1,1,0,0,1,0,14,3,53,99,1,2,4,J,69,0,0,0,0,0,0,0,0,0,0,45,300,0,0,0,1,1,20,-13,-15,29896,998,-151,15,0,1,1,1,0,4,0,995,203.968596534329,9,2
7715,14,42,1-14-2017-042-02,2,1,2C4RC1BG3HR8,17,6,443,2017,20,4,20,0,1,F,1,1964,5,0,1,1,1,89,1,0,0,995,0,0,0,78133,1,9,2,5,3,1,2,1,1,4,1,2,0,0,1,1,0,0,9,0,1,3,51,99,1,1,2,D,24,0,0,0,0,0,0,0,0,0,0,100,100,0,0,0,1,1,16,-16,0,15103,998,39,13,0,1,0,0,0,0,0,995,216.318125742932,8,2
7717,19,88,1-19-2017-088-03,3,2,4T1BF1FK1GU5,17,49,40,2016,4,1,4,0,1,F,1,1467,5,0,1,1,1,0,1,0,0,995,0,0,0,35903,1,2,0,1,2,1,2,1,1,4,0,0,0,0,1,1,0,0,2,0,11,2,15,99,1,2,4,J,68,0,0,0,0,0,0,0,0,0,0,300,45,0,0,0,1,1,23,-20,12,70801,998,107,28,0,1,3,10,1,3,0,995,203.968596534329,9,2
7730,31,36,1-31-2017-036-05,5,1,1FMCU9EG5AKB,17,12,402,2010,14,3,14,0,1,F,1,1609,5,0,1,1,1,89,1,0,0,995,0,0,0,60137,1,2,2,4,2,1,2,1,1,1,1,4,0,0,1,1,2,2,2,0,1,2,17,4,1,1,4,K,83,0,0,0,0,0,0,0,0,0,0,320,210,0,0,0,1,1,20,-20,0,43382,998,0,24,0,1,1,1,0,0,0,995,628.832940754307,6,2
7730,31,36,1-31-2017-036-05,5,2,2FMDK3JC4CBA,17,12,24,2012,6,1,4,0,1,L,1,1852,5,0,1,1,1,89,1,0,0,995,0,0,0,47712,1,1,2,4,2,1,2,1,1,1,1,4,0,0,1,1,2,2,1,0,11,4,66,1,1,1,4,K,82,0,0,0,0,0,0,0,0,0,0,210,320,0,0,0,1,1,18,-6,17,13547,998,47,12,0,1,1,1,0,4,0,995,628.832940754307,6,2
7723,18,42,1-18-2017-042-05,5,1,5J6RE4H78AL0,17,37,402,2010,14,3,14,0,1,F,2,1604,5,0,1,1,1,40,1,0,0,995,0,0,0,54701,1,2,2,4,2,1,2,1,1,1,0,0,0,0,1,1,0,0,3,1,1,2,13,1,1,4,1,A,1,0,0,0,0,0,0,0,0,0,0,998,998,0,0,0,1,10,999,999,999,9999999,999,999,999,7,0,1,1,0,3,0,998,75.6499068707043,6,2
7718,19,89,1-19-2017-089-07,7,1,1GCCS19W1181,17,20,471,2001,34,5,30,0,1,B,3,1471,5,9999,9,0,0,72,1,0,0,995,0,0,0,36272,9,9,2,1,4,2,2,1,1,1,3,3,0,0,1,1,1,2,9,0,5,3,53,99,1,1,2,D,21,0,0,0,0,0,0,0,0,0,0,340,340,0,0,0,1,3,49,49,0,166006,998,0,54,0,4,95,95,95,95,0,995,1010.73822145806,9,2
7718,19,89,1-19-2017-089-07,7,2,1FTFW1CF5CKD,17,12,481,2012,34,5,31,0,1,F,2,2349,5,0,1,1,1,72,1,0,0,995,0,0,0,35901,1,2,2,1,4,3,2,1,1,1,3,1,0,0,1,1,1,2,3,0,1,3,50,1,1,1,2,D,20,0,0,0,0,0,0,0,0,0,0,340,340,0,0,0,1,3,31,-31,0,53546,998,6,24,0,4,0,0,0,0,0,995,1010.73822145806,9,2
7724,18,43,1-18-2017-043-06,6,1,2G1WB5EK4B11,17,20,2,2011,4,1,4,0,1,F,1,1613,3,0,1,1,1,40,1,0,0,995,0,0,0,54755,1,9,2,4,4,2,2,1,1,1,3,2,0,0,1,1,2,2,9,0,1,4,62,99,1,1,3,G,51,0,0,0,0,0,0,0,0,0,0,275,85,0,0,0,1,1,13,-12,2,10476,998,-25,13,0,4,9,97,0,5,0,995,580.561244807344,6,2
7724,18,43,1-18-2017-043-06,6,2,2FMDK48C88BA,17,12,24,2008,6,1,4,0,1,F,1,1853,5,0,1,1,1,40,1,0,0,995,0,0,0,54758,1,2,2,4,4,2,2,1,1,1,3,2,0,0,1,1,0,0,3,1,11,2,11,1,1,2,3,G,50,0,0,0,0,0,0,0,0,0,0,85,275,0,0,0,1,1,11,-11,0,11430,998,-76,11,0,4,1,1,0,4,0,995,580.561244807344,6,2
7725,21,45,1-21-2017-045-09,9,1,JT2BG12K5T04,17,49,40,1996,4,1,2,0,1,L,1,1365,5,0,2,1,1,64,1,0,0,995,0,0,0,92410,5,1,2,4,2,1,2,1,1,1,0,2,0,0,1,1,0,0,1,0,1,4,66,8,1,1,5,L,89,0,0,0,0,0,0,0,0,0,0,0,90,0,0,0,1,5,999,999,999,9999999,999,999,6,1,0,1,1,0,4,0,995,790.468432856525,11,2
7725,21,45,1-21-2017-045-09,9,2,4TARN81A3PZ0,17,49,471,1993,34,5,30,0,1,F,9,1200,5,0,1,5,0,56,1,0,0,995,0,0,0,92377,9,9,2,4,2,1,2,1,1,1,0,0,0,0,1,1,2,2,3,0,1,2,17,1,1,1,5,L,88,0,0,0,0,0,0,0,0,0,0,90,0,0,0,0,1,5,999,999,999,9999999,999,999,999,9,0,95,95,95,95,0,995,790.468432856525,11,2
7738,22,84,1-22-2017-084-04,4,1,5UXWX9C50H0D,17,34,402,2017,14,3,14,0,1,F,1,1882,5,0,1,1,1,24,1,1,1,172,1,0,0,83501,1,2,0,3,1,1,2,1,1,1,0,0,0,0,1,1,0,0,3,1,1,2,13,1,1,4,1,C,11,0,0,0,0,0,0,0,0,0,0,130,130,0,0,0,1,1,15,-15,0,15851,998,41,14,0,1,0,0,0,0,0,995,209.46660211457,12,2
7715,14,42,1-14-2017-042-02,2,2,JA32U2FU8DU0,17,52,46,2013,4,1,2,0,1,B,1,1300,5,101,1,1,1,89,1,0,0,995,0,0,0,77450,1,9,2,5,3,1,2,1,1,4,1,2,0,0,1,1,0,0,9,0,2,2,16,99,1,1,2,D,25,0,0,0,0,0,0,0,0,0,0,100,100,0,0,0,1,1,22,22,0,36363,998,0,24,0,1,4,21,1,3,0,995,216.318125742932,8,2
7735,20,93,1-20-2017-093-06,6,1,1D4HR38N93F5,17,7,402,2003,14,3,14,0,1,F,2,1986,8,0,1,1,1,89,1,0,0,995,0,0,0,93906,1,9,3,4,2,1,2,1,1,1,1,2,1,1,1,1,0,0,3,0,1,3,50,99,1,1,2,D,20,0,0,0,0,0,0,0,0,0,0,95,95,0,0,0,1,1,35,-35,0,84096,998,15,32,0,4,0,0,0,0,0,995,773.414930424659,11,2
7726,21,46,1-21-2017-046-06,6,1,1FAFP44421F2,17,12,3,2001,1,1,2,0,1,L,1,1456,5,9999,9,1,1,64,1,0,0,995,0,0,0,92405,2,9,2,4,4,1,2,1,1,1,0,1,0,0,1,1,1,2,9,0,1,2,17,99,1,1,5,L,89,0,0,0,0,0,0,0,0,0,0,350,80,0,0,0,1,1,19,-7,18,56278,998,116,23,0,1,1,2,0,6,0,995,258.739772672401,11,2
7729,22,86,1-22-2017-086-02,2,1,3N1CE2CP9FL4,17,35,50,2015,5,1,2,0,1,F,2,1096,5,46,2,1,1,72,1,0,0,995,0,0,0,99113,1,2,0,1,2,1,2,1,1,1,9,9,0,0,1,1,0,0,3,0,1,3,50,1,1,1,2,D,20,0,0,0,0,0,0,0,0,0,0,90,90,0,0,0,1,3,38,-38,0,46151,998,0,31,0,4,1,2,0,4,0,995,93.6832391558907,12,2
7719,19,90,1-19-2017-090-09,9,1,1GNEK13Z13J1,17,20,421,2003,15,3,15,0,1,T,2,2211,5,0,1,1,1,56,1,0,1,0,2,0,1,35903,1,2,0,4,2,1,2,1,1,2,0,2,0,0,1,1,0,0,3,1,1,2,12,4,3,4,1,B,6,1,8,2,2,1,3,61,1,2,24,997,997,0,1,0,1,6,999,999,999,9999999,999,999,999,7,0,1,1,0,4,3,997,1714.60742632915,9,2
7735,20,93,1-20-2017-093-06,6,2,1J4NT1FAXBD2,17,2,1,2011,6,1,2,0,1,B,3,1393,5,0,1,1,1,89,1,0,0,995,0,0,0,93905,9,1,3,4,2,1,2,1,1,1,1,2,1,0,1,1,0,0,1,0,5,3,53,99,1,1,2,D,21,0,0,0,0,0,0,0,0,0,0,95,95,0,0,0,1,1,50,50,0,159144,998,0,53,0,4,99,99,0,99,0,995,773.414930424659,11,2
7739,22,87,1-22-2017-087-07,7,1,1GCHK29K18E2,17,20,481,2008,34,5,31,0,1,F,2,2724,5,0,1,3,1,40,1,0,0,995,0,1,0,99403,9,9,2,4,2,1,2,1,1,1,0,0,0,0,1,1,2,2,9,1,1,2,13,1,1,4,1,A,1,0,0,0,0,0,0,0,0,0,0,998,998,0,0,1,1,11,999,999,999,9999999,999,999,999,7,0,0,0,0,99,0,998,201.094564273008,12,2
7729,22,86,1-22-2017-086-02,2,2,2HKYF18523H5,17,37,421,2003,15,3,15,0,1,B,1,2007,5,9999,9,0,0,72,1,0,0,995,0,0,0,99163,9,9,0,1,5,1,2,1,1,1,9,9,0,0,1,1,0,0,1,0,5,3,53,1,1,1,2,D,21,0,0,0,0,0,0,0,0,0,0,90,90,0,0,0,1,3,23,23,0,67818,998,0,29,0,4,95,95,95,95,0,995,93.6832391558907,12,2
7736,20,94,1-20-2017-094-02,2,1,WDDHF8JB3EB0,17,42,48,2014,4,1,4,0,1,F,1,1940,5,0,1,1,1,89,1,1,1,140,2,0,0,93923,1,2,0,4,2,1,2,1,3,4,0,0,0,0,5,1,6,2,1,1,14,6,87,4,1,4,1,A,3,0,0,0,0,0,0,0,0,0,0,998,998,0,0,0,1,1,12,-12,0,12334,998,65,12,0,4,2,5,0,4,0,998,39.0673380453663,11,2
7726,21,46,1-21-2017-046-06,6,2,1NXBU40E69Z1,17,49,32,2009,4,1,2,0,1,F,1,1279,5,0,1,1,1,64,1,0,0,995,0,0,0,92411,1,1,2,4,5,1,2,1,1,1,0,1,0,0,1,1,1,2,1,0,1,4,66,1,1,1,5,L,88,0,0,0,0,0,0,0,0,0,0,80,350,0,0,0,1,1,23,-22,-8,10063,998,-9,14,0,4,1,1,0,4,0,995,258.739772672401,11,2
7732,33,76,1-33-2017-076-07,7,1,3N1BC13E09L3,17,35,50,2009,5,1,2,0,1,L,1,1235,5,0,1,1,1,56,1,0,0,995,0,0,0,95948,1,2,3,5,5,1,2,1,1,1,0,3,0,0,1,1,0,0,1,0,1,4,62,8,1,1,4,J,69,0,0,0,0,0,0,0,0,0,0,20,120,0,0,0,1,3,13,-11,7,13191,998,-37,15,0,4,0,0,0,0,0,995,213.44363844088,12,2
7732,33,76,1-33-2017-076-07,7,2,1FMEU7DE1AUA,17,12,401,2010,14,3,14,0,1,F,9,2100,5,9999,9,0,0,56,1,0,0,995,0,0,0,95926,9,9,3,5,5,3,2,1,1,1,4,4,0,0,1,1,0,0,9,1,11,2,15,99,1,2,4,J,68,0,0,0,0,0,0,0,0,0,0,120,20,0,0,0,0,0,999,999,999,9999999,999,999,999,9,0,95,95,95,95,0,995,213.44363844088,12,2
7737,20,95,1-20-2017-095-03,3,1,1FADP3K26DL3,17,12,37,2013,5,1,3,0,1,9,9,1327,5,0,2,0,1,56,1,1,8,997,8,0,0,93955,9,1,2,1,2,2,2,1,2,1,3,2,0,0,3,1,1,2,1,1,14,1,6,4,1,4,1,B,7,1,99,2,3,1,1,61,1,2,40,998,998,0,0,6,0,0,999,999,999,9999999,999,999,999,9,0,0,0,0,4,3,998,398.769352470509,11,2
7733,33,77,1-33-2017-077-03,3,1,3VWDZ7AJ7BM3,17,30,40,2011,4,1,3,0,1,F,1,1381,5,0,2,4,1,32,1,0,0,995,0,0,0,95973,1,2,2,4,2,1,2,1,1,1,0,0,0,0,1,1,2,2,2,0,11,2,15,1,1,1,4,K,82,0,0,0,0,0,0,0,0,0,0,330,150,0,0,0,2,12,999,999,999,9999999,999,999,999,2,0,1,1,0,0,0,995,62.9930657774199,12,2
7722,13,74,1-13-2017-074-02,2,1,1C6RD6LT2CS1,17,7,482,2012,34,5,31,0,1,F,3,2295,5,0,1,1,1,97,1,0,0,995,0,0,0,76140,1,1,0,2,5,4,2,1,1,4,3,3,0,0,1,1,0,0,1,0,1,3,52,2,1,1,2,D,28,0,0,0,0,0,0,0,0,0,0,0,0,0,0,0,3,3,41,-41,0,171151,998,0,43,0,4,1,1,0,0,0,995,63.2605525318229,7,2
7722,13,74,1-13-2017-074-02,2,2,5XXGN4A75FG5,17,63,34,2015,4,1,4,0,1,B,2,1468,5,0,1,1,1,97,1,0,0,995,0,0,0,76017,1,2,0,2,5,4,2,1,1,4,3,3,0,0,1,1,0,0,1,0,2,3,53,1,1,1,2,D,29,0,0,0,0,0,0,0,0,0,0,0,0,0,0,0,1,3,25,25,0,39644,998,-12,26,0,1,0,0,0,0,0,995,63.2605525318229,7,2
7722,13,74,1-13-2017-074-02,2,3,5N1AZ2MH2GN1,17,35,49,2016,6,1,4,0,1,B,3,1826,5,0,1,1,1,97,1,0,0,995,0,0,0,71203,2,2,0,2,5,4,2,1,1,4,3,3,0,0,1,1,0,0,9,0,2,3,53,99,1,1,6,M,98,0,0,0,0,0,0,0,0,0,0,0,0,0,0,0,3,3,48,48,0,158282,998,0,45,0,1,1,2,0,4,0,995,63.2605525318229,7,2
7722,13,74,1-13-2017-074-02,2,4,1FMZK06106GA,17,12,22,2006,6,1,4,0,1,B,9,1735,5,9999,9,0,0,97,1,0,0,995,0,0,0,73120,9,9,0,2,5,4,2,1,1,4,3,3,0,0,1,1,0,0,9,0,2,3,53,99,1,1,6,M,98,0,0,0,0,0,0,0,0,0,0,0,0,0,0,0,0,0,999,999,999,9999999,999,999,999,9,0,95,95,95,95,0,995,63.2605525318229,7,2
7722,13,74,1-13-2017-074-02,2,5,2T2BK1BA8FC3,17,59,403,2015,14,3,14,0,1,B,9,1970,5,9999,9,0,0,97,1,0,0,995,0,0,0,76122,9,9,0,2,5,4,2,1,1,4,3,3,0,0,1,1,0,0,9,0,2,3,53,99,1,1,6,M,98,0,0,0,0,0,0,0,0,0,0,0,0,0,0,0,0,0,999,999,999,9999999,999,999,999,9,0,95,95,95,95,0,995,63.2605525318229,7,2
7722,13,74,1-13-2017-074-02,2,6,3N1CN7AP1EL8,17,35,50,2014,4,1,2,0,1,L,9,1132,5,9999,9,0,0,97,1,0,0,995,0,0,0,76132,9,9,0,2,5,5,2,1,1,4,3,2,0,0,1,1,0,0,9,0,2,4,64,99,1,1,6,M,98,0,0,0,0,0,0,0,0,0,0,0,0,0,0,0,0,0,999,999,999,9999999,999,999,999,9,0,95,95,95,95,0,995,63.2605525318229,7,2
7694,20,92,1-20-2017-092-04,4,1,999999999999,99,99,884,9999,66,8,68,99,1,R,9,,,,,,0,89,1,8,0,995,0,7,0,99999,9,9,2,2,4,2,2,1,1,9,3,3,0,0,1,8,0,0,9,0,1,4,61,99,1,1,2,F,45,,,,,,,,,,,,,,,,,,,,,,,,,,,95,95,95,95,,,524.789833625348,11,2
7733,33,77,1-33-2017-077-03,3,2,1C3CCBAB7DN6,17,6,18,2013,4,1,3,0,1,F,9,1544,5,9999,9,0,1,48,1,0,0,995,0,0,0,95963,1,2,2,5,5,1,2,1,1,1,0,5,0,0,1,1,0,0,9,0,1,4,67,4,9,1,4,K,83,0,0,0,0,0,0,0,0,0,0,150,60,0,0,0,1,0,999,999,999,9999999,999,999,999,9,0,1,1,0,4,0,995,62.9930657774199,12,2
7694,20,92,1-20-2017-092-04,4,2,KL8CF6S93FC7,17,20,29,2015,5,1,1,0,1,L,2,1029,5,0,2,5,1,89,1,0,0,995,0,0,0,93901,9,1,2,2,4,1,2,1,1,9,1,3,0,0,1,8,0,0,9,1,16,2,10,1,1,2,2,F,47,0,0,0,0,0,0,0,0,0,0,305,310,0,0,0,1,5,999,999,999,9999999,999,999,999,7,0,0,0,0,0,0,995,524.789833625348,11,2
7733,33,77,1-33-2017-077-03,3,3,1FTCR10A0LUA,17,12,471,1990,34,5,30,0,1,F,9,1274,5,9999,9,0,1,48,1,0,0,995,0,0,0,95926,1,2,0,5,5,2,2,1,1,1,5,4,0,0,1,1,0,0,9,0,1,4,67,99,1,1,6,M,98,0,0,0,0,0,0,0,0,0,0,150,330,0,0,0,0,0,999,999,999,9999999,999,999,999,9,0,0,0,0,0,0,995,62.9930657774199,12,2
7734,33,78,1-33-2017-078-09,9,1,JTDAT1231202,17,49,45,2002,2,1,1,0,1,F,3,923,5,0,1,1,1,48,1,0,0,995,0,0,0,95938,1,2,0,4,2,1,2,1,1,4,1,2,0,0,1,1,0,0,3,1,1,2,12,99,1,4,1,B,6,0,0,0,0,0,0,0,0,0,0,998,998,0,1,1,1,1,53,-53,0,114239,998,-30,53,0,1,1,1,0,4,0,998,264.571051607702,12,2
7741,30,71,1-30-2017-071-05,5,1,1GYEK63N26R1,17,19,421,2006,15,3,15,0,1,L,2,2527,5,0,1,1,1,56,1,0,9,998,8,0,9,85303,1,1,2,4,3,1,2,1,1,1,0,1,0,0,1,1,1,2,3,0,1,2,17,1,1,1,5,L,89,1,4,1,5,1,1,61,1,1,12,275,5,0,1,0,1,3,28,-14,24,123182,998,-19,35,0,4,2,5,0,3,3,995,197.45088374437,10,2
7741,30,71,1-30-2017-071-05,5,2,1FDNF2A58AEA,17,12,481,2010,34,5,31,0,1,F,2,2429,5,9999,9,0,1,64,1,0,0,995,0,0,0,85338,9,9,2,4,5,2,2,1,1,1,3,1,0,0,1,1,1,2,9,0,1,4,66,99,1,1,5,L,88,0,0,0,0,0,0,0,0,0,0,5,275,0,0,0,1,3,29,-25,-14,74745,998,-123,22,0,4,1,1,0,4,0,995,197.45088374437,10,2
7745,15,57,1-15-2017-057-03,3,1,2C4RC1BG5FR7,17,6,441,2015,20,4,20,0,1,F,1,2115,5,0,1,1,1,48,1,0,0,995,0,0,0,11416,7,2,2,4,2,1,2,1,2,4,0,0,0,0,1,1,2,2,9,0,11,2,15,99,1,1,4,K,82,0,0,0,0,0,0,0,0,0,0,165,295,0,0,0,1,1,24,-21,12,13309,998,90,11,0,1,1,2,0,4,0,995,320.258233574086,1,2
7745,15,57,1-15-2017-057-03,3,2,1GCVKREH7FZ3,17,20,481,2015,34,5,31,0,1,F,1,2366,5,0,1,1,1,48,1,0,0,995,0,0,0,11788,9,9,2,4,3,1,2,1,3,4,1,2,0,0,1,1,0,0,9,0,14,4,67,2,1,1,4,K,83,0,0,0,0,0,0,0,0,0,0,295,165,0,0,0,1,1,21,-20,-7,101703,998,-67,30,0,1,99,99,0,8,0,995,320.258233574086,1,2
7746,32,89,1-32-2017-089-02,2,1,1HGCM56684A0,17,37,32,2004,4,1,3,0,1,F,2,1389,5,9999,9,5,1,56,1,1,8,997,8,7,3,75216,2,2,2,4,5,1,2,1,1,1,0,1,0,0,1,1,1,2,9,0,1,2,17,1,1,1,4,K,83,0,0,0,0,0,0,0,0,0,0,220,110,0,0,0,1,1,26,-26,-5,58334,998,-34,31,0,1,4,17,1,3,0,995,81.1872060777638,7,2
7746,32,89,1-32-2017-089-02,2,2,1ZVBP8AM9E52,17,12,3,2014,2,1,3,0,1,L,1,1701,5,0,1,1,1,72,1,0,0,995,0,0,0,75227,1,2,2,4,4,2,2,1,2,1,3,2,0,0,1,1,1,2,1,0,11,4,66,1,1,1,4,K,82,0,0,0,0,0,0,0,0,0,0,110,220,0,0,0,1,1,23,-11,20,23060,998,-41,18,0,1,3,10,1,3,0,995,81.1872060777638,7,2
7721,13,73,1-13-2017-073-02,2,1,1G2NE52E0XC5,17,22,18,1999,4,1,3,0,1,F,9,1413,5,9999,9,0,1,97,1,0,0,995,0,0,0,76112,2,2,0,2,6,3,1,1,1,2,3,3,0,0,1,1,0,0,1,0,1,3,50,2,1,1,2,D,20,0,0,0,0,0,0,0,0,0,0,90,90,0,0,0,0,0,999,999,999,9999999,999,999,999,9,0,1,1,0,0,0,995,63.2605525318229,7,2
7721,13,73,1-13-2017-073-02,2,2,1GYS4HKJ3FR2,17,19,421,2015,15,3,15,0,1,B,1,2740,5,0,1,3,1,97,1,0,0,995,0,0,0,75024,1,9,0,2,6,3,1,1,1,2,3,3,0,0,1,1,0,0,9,0,5,3,53,99,1,1,2,D,21,0,0,0,0,0,0,0,0,0,0,90,90,0,0,0,1,3,11,11,0,12464,998,-4,11,0,4,1,2,0,4,0,995,63.2605525318229,7,2
7749,30,70,1-30-2017-070-02,2,1,1GKER33D99J1,17,23,8,2009,6,1,5,0,1,F,1,2142,5,9999,9,4,1,105,1,0,0,995,0,0,0,85043,9,9,0,2,6,4,2,1,1,1,3,3,0,0,1,1,0,0,9,0,1,3,52,99,9,1,2,D,28,0,0,0,0,0,0,0,0,0,0,90,90,0,0,0,1,3,11,-11,0,9679,998,0,11,0,4,0,0,0,0,0,995,101.745636073272,10,2
7749,30,70,1-30-2017-070-02,2,2,1G1PA5SH6E74,17,20,25,2014,4,1,3,0,1,B,1,1407,5,0,1,1,1,105,1,0,0,995,0,0,0,85017,1,1,0,2,6,4,2,1,1,1,3,3,0,0,1,1,0,0,1,0,2,3,53,1,1,1,2,D,29,0,0,0,0,0,0,0,0,0,0,90,90,0,0,0,1,3,15,15,0,13602,998,-28,14,0,4,1,1,0,4,0,995,101.745636073272,10,2
7749,30,70,1-30-2017-070-02,2,3,1FMCU0F77HUC,17,12,402,2017,14,3,14,0,1,B,1,1611,5,9999,9,0,0,105,1,0,0,995,0,0,0,85346,9,9,0,2,6,4,2,1,1,1,3,3,0,0,1,1,0,0,9,0,5,3,53,99,1,1,6,M,98,0,0,0,0,0,0,0,0,0,0,90,90,0,0,0,2,3,11,11,0,7558,998,0,11,0,4,95,95,95,95,0,995,101.745636073272,10,2
7744,15,56,1-15-2017-056-04,4,1,999999999999,99,34,34,2015,4,1,4,0,1,F,9,1608,5,9999,9,0,1,80,1,0,0,995,0,0,0,11727,2,2,0,2,3,2,2,2,1,1,3,3,0,0,2,1,0,0,9,1,1,1,6,2,9,4,1,A,2,0,0,0,0,0,0,0,0,0,0,998,998,0,0,0,0,0,999,999,999,9999999,999,999,999,9,0,0,0,0,0,0,998,1013.24784743425,1,2
7713,12,41,1-12-2017-041-03,3,1,2LMDU88C57BJ,17,13,14,2007,6,1,4,0,1,F,1,2004,5,0,1,1,1,56,1,0,0,995,0,0,0,74074,1,2,2,4,2,1,2,1,1,1,0,2,0,0,2,1,2,2,1,0,1,2,17,1,1,4,5,L,88,0,0,0,0,0,0,0,0,0,0,270,180,0,0,0,1,8,999,999,999,9999999,999,999,999,6,0,0,0,0,0,0,995,461.696981352388,9,2
7713,12,41,1-12-2017-041-03,3,2,5GAKRCKD3DJ1,17,18,421,2013,15,3,15,0,1,L,1,2233,5,0,1,1,1,56,1,0,0,995,0,0,0,73401,1,2,2,4,4,2,2,1,1,1,3,2,0,0,2,1,0,0,1,0,1,4,66,1,1,4,5,L,89,0,0,0,0,0,0,0,0,0,0,180,270,0,0,0,1,8,999,999,999,9999999,999,999,999,6,0,1,1,0,6,0,995,461.696981352388,9,2
7709,12,42,1-12-2017-042-04,4,1,JTMYFREV2HJ1,17,49,402,2017,14,3,14,0,1,F,1,1555,5,0,1,1,1,113,1,0,0,995,0,0,0,73463,1,2,0,2,2,2,2,1,1,1,0,0,1,3,1,1,0,0,3,1,1,2,12,1,1,4,1,B,6,0,0,0,0,0,0,0,0,0,0,998,998,0,0,0,1,1,14,-14,0,12831,998,-37,14,0,4,0,0,0,5,0,998,2139.05710310235,9,2
7751,13,75,1-13-2017-075-04,4,1,3N1AB7AP6EY2,17,35,43,2014,4,1,3,0,1,L,1,1293,5,0,1,1,1,105,1,1,1,174,1,0,0,75024,9,9,0,2,3,3,2,1,2,9,3,2,0,0,2,8,0,0,9,1,14,2,12,99,1,4,1,B,6,0,0,0,0,0,0,0,0,0,0,998,998,0,0,0,1,8,999,999,999,9999999,999,999,999,6,0,0,0,0,0,0,998,2843.96092831067,7,2
7641,28,40,1-28-2017-040-04,4,1,1FADP3K22DL3,17,12,37,2013,5,1,3,0,1,F,1,1327,5,0,1,1,1,80,1,0,0,995,0,0,0,14855,1,2,0,4,2,1,2,1,2,2,1,2,1,0,2,1,0,0,3,1,14,2,13,1,1,4,1,A,1,0,0,0,0,0,0,0,0,0,0,998,998,0,0,0,1,1,14,-14,0,10985,998,0,14,0,1,1,1,0,6,0,998,700.349948968395,3,2
7702,28,42,1-28-2017-042-02,2,1,3C4FY4BBX1T6,17,6,52,2001,6,1,2,0,1,R,3,1421,5,0,1,1,1,64,1,1,1,102,2,1,2,16930,1,2,0,4,2,1,2,1,1,4,1,2,0,0,2,1,0,0,9,1,1,1,6,99,2,4,1,B,7,1,4,1,2,1,4,61,1,1,22,998,998,0,0,1,3,7,999,999,999,9999999,999,999,999,8,0,3,10,1,3,3,998,70.5260687712307,3,2
7711,25,24,1-25-2017-024-01,1,2,1FUJGEDV8JLJ,17,82,881,2018,66,8,68,0,1,F,9,,,,,,1,56,1,8,8,997,8,7,3,04064,9,9,0,4,2,1,2,1,1,1,1,2,0,0,1,8,0,0,1,0,1,3,54,4,2,1,3,G,51,,,,,,,,,,,,,,,,,,,,,,,,,,,95,95,95,95,,,94.6973868464172,2,2