CASEID,PSU,CASENO,CASENUMBER,CATEGORY,VEHNO,VIN,VINLENGTH,MAKE,MODEL,MODELYR,BODYTYPE,BODYCAT,VEHCLASS,SPECUSE,TRANSTAT,DAMPLANE,DAMSEV,CURBWT,CURBSRC,CARGOWT,CARGOSRC,INSPTYPE,TOWSTAT,SPEEDLIMIT,DRPRESENT,PARALCOHOL,ALCTEST,ALCTESTRESULT,ALCTESTSRC,PARDRUG,DRUGTEST,ZIP,RACE,ETHNICITY,RELTOJUNCT,TRAFFLOW,RDLANES,INITLANE,SURFTYPE,SURFCOND,ALIGNMENT,PROFILE,LINERIGHT,LINELEFT,RUMBINIT,RUMBROAD,LIGHTCOND,WEATHER,TRAFDEV,TRAFFUNCT,DISTRACT,PREFHE,PREMOVE,CRITCAT,CRITEVENT,MANEUVER,PRESTAB,PRELOC,CRASHCAT,CRASHCONF,CRASHTYPE,ROLLTYPE,ROLLTURN,ROLLINTRPT,ROLLPREMAN,ROLLINITYP,ROLLINLOC,ROLLOBJ,ROLLTRIP,ROLLDIR,ROLLDIST,DVANGTHIS,DVANGOTH,TOWHITCH,TRAJDOC,TREEPOLE,DVEVENT,DVBASIS,DVTOTAL,DVLONG,DVLAT,DVENERGY,DVSPEED,DVMOMENT,DVBES,DVEST,DVCONF,VAIS,VISS,VINJURED,VTREAT,INITOBJCLASS,HEADANGLECAT,CASEWGT,PSUSTRAT,VERSION
7800,15,61,1-15-2017-061-05,5,1,JM1BL1V83C16,17,41,51,2012,4,1,2,0,1,F,9,1304,5,9999,9,0,0,56,1,0,0,995,0,0,0,11510,9,9,0,4,4,1,2,1,1,1,0,1,0,0,1,1,0,0,9,1,8,2,21,99,1,2,6,M,98,0,0,0,0,0,0,0,0,0,0,30,90,0,0,0,0,0,999,999,999,9999999,999,999,999,9,0,95,95,95,95,0,995,22.9926307490385,1,2
7800,15,61,1-15-2017-061-05,5,2,5NMSG13D69H2,17,55,401,2009,14,3,14,0,1,R,9,1724,5,0,2,0,1,56,1,0,0,995,0,0,0,11566,1,2,0,4,4,2,2,1,1,1,3,2,0,0,1,1,0,0,1,0,1,4,61,1,1,1,6,M,98,0,0,0,0,0,0,0,0,0,0,90,30,0,0,0,0,0,999,999,999,9999999,999,999,999,9,0,1,1,0,4,0,995,22.9926307490385,1,2
7805,31,39,1-31-2017-039-09,9,1,1FTRX17W13NA,17,12,481,2003,34,5,31,0,1,R,1,1917,5,0,1,1,1,0,1,0,0,995,0,0,0,62837,9,9,1,3,1,1,2,2,2,9,1,2,0,0,1,2,0,0,9,1,14,2,13,99,4,4,1,A,2,0,0,0,0,0,0,0,0,0,0,998,998,0,0,7,1,10,999,999,999,9999999,999,999,11,2,0,99,99,0,99,0,998,1663.27604062427,6,2
7801,15,62,1-15-2017-062-03,3,2,2HKRM4H74GH6,17,37,402,2016,14,3,14,0,1,B,1,1586,5,9999,9,0,0,64,1,0,0,995,0,0,0,11590,9,9,0,1,4,2,2,1,1,1,3,3,0,0,1,8,0,0,9,0,2,3,53,99,1,1,2,D,29,0,0,0,0,0,0,0,0,0,0,280,270,0,0,0,1,3,24,24,0,43976,998,0,26,0,4,95,95,95,95,0,995,134.920243878116,1,2
7802,15,63,1-15-2017-063-03,3,1,WBS3R9C59FK3,17,34,47,2015,2,1,4,0,1,F,9,1703,5,9999,9,4,1,48,1,0,0,995,0,0,0,11552,9,9,0,4,2,1,2,1,1,1,0,0,0,0,3,1,0,0,9,1,1,1,1,99,1,4,1,C,11,0,0,0,0,0,0,0,0,0,0,300,300,0,0,0,1,12,999,999,999,9999999,999,999,999,9,0,1,1,0,4,0,995,134.920243878116,1,2
7806,32,93,1-32-2017-093-06,6,1,JA32W8FV1AU0,17,52,46,2010,4,1,3,0,1,F,1,1630,5,0,1,1,1,56,1,0,0,995,0,0,0,75206,1,9,0,1,3,3,2,1,1,1,3,0,0,0,1,1,0,0,9,1,1,2,13,99,3,4,1,A,2,0,0,0,0,0,0,0,0,0,0,100,300,0,0,0,3,1,12,-12,-2,12651,998,23,14,0,4,9,97,0,0,0,995,1339.87704916561,7,2
7808,25,29,1-25-2017-029-06,6,1,1YVHP80C785M,17,41,50,2008,4,1,3,0,1,F,1,1387,5,0,1,1,1,48,1,0,0,995,0,0,0,04951,1,2,3,4,4,1,2,1,1,1,0,0,0,0,1,8,0,0,1,0,11,2,15,1,1,7,4,K,82,0,0,0,0,0,0,0,0,0,0,140,240,0,0,0,1,3,18,-11,14,34434,998,148,17,0,4,0,0,0,0,0,995,245.945387153388,2,2
7808,25,29,1-25-2017-029-06,6,2,999999999999,99,49,482,2008,34,5,31,0,1,R,9,2263,5,9999,9,0,1,48,1,0,0,995,0,0,0,99999,9,9,0,4,4,2,2,1,1,1,3,2,0,0,1,8,0,0,1,0,1,4,72,1,1,1,4,K,83,0,0,0,0,0,0,0,0,0,0,240,140,0,0,0,0,0,999,999,999,9999999,999,999,999,9,0,0,0,0,4,0,995,245.945387153388,2,2
7654,26,46,1-26-2017-046-06,6,1,1GTSCUEA1AZ2,17,23,481,2010,34,5,31,0,1,F,9,2299,5,9999,9,0,1,48,1,1,9,998,8,0,0,95823,9,1,2,4,2,1,2,1,1,4,0,2,0,0,3,1,1,2,9,1,1,2,14,99,1,4,1,C,14,0,0,0,0,0,0,0,0,0,0,998,998,0,0,1,2,0,999,999,999,9999999,999,999,999,9,0,99,99,0,8,0,998,1140.96324810198,10,2
7807,25,28,1-25-2017-028-04,4,1,1GT22SEG0GZ4,17,23,481,2016,34,5,31,0,1,F,9,2991,5,9999,9,0,0,40,1,0,0,995,0,0,0,03106,9,9,2,4,2,1,2,1,1,1,0,2,0,0,1,1,2,2,2,0,1,2,17,1,1,1,5,L,86,0,0,0,0,0,0,0,0,0,0,330,50,0,0,0,0,0,999,999,999,9999999,999,999,999,9,0,95,95,95,95,0,995,616.458958513001,2,2
7807,25,28,1-25-2017-028-04,4,2,5J6RM4H39EL1,17,37,402,2014,14,3,14,0,1,R,9,1583,5,9999,9,4,1,40,1,0,0,995,0,0,0,10552,9,9,2,4,2,1,2,1,1,1,0,2,0,0,1,1,0,0,9,0,1,4,66,1,1,1,5,L,87,0,0,0,0,0,0,0,0,0,0,50,330,0,0,0,1,12,999,999,999,9999999,999,999,999,9,0,0,0,0,0,0,995,616.458958513001,2,2
7756,28,43,1-28-2017-043-08,8,1,1G1JC5240172,17,20,16,2001,4,1,2,0,1,F,3,1214,5,0,1,1,1,64,1,0,1,180,2,0,1,17765,1,2,0,4,2,1,2,2,3,4,0,2,0,0,4,1,0,0,9,1,14,2,13,99,1,4,1,A,1,0,0,0,0,0,0,0,0,0,0,998,998,0,0,1,3,11,999,999,999,9999999,999,999,999,8,0,2,9,0,3,0,998,124.87171752246,3,2
7811,23,83,1-23-2017-083-09,9,1,4T1BF22K1VU9,17,49,40,1997,4,1,3,0,1,F,2,1430,5,0,1,1,1,89,1,0,0,995,0,0,0,43315,9,9,0,4,2,1,2,1,3,1,1,2,0,0,2,1,0,0,9,1,14,2,12,99,3,4,1,B,6,1,2,1,2,3,3,31,1,2,2,998,998,0,0,1,2,1,27,-27,0,39043,998,0,27,0,1,99,99,0,99,2,998,491.083344288599,5,2
7812,23,84,1-23-2017-084-07,7,1,1FT7W2B61FEA,17,12,481,2015,34,5,31,0,1,L,1,3097,5,9999,9,0,0,89,1,0,0,995,0,0,0,43074,9,9,2,4,2,1,2,2,1,1,1,2,0,0,1,8,0,0,9,0,1,4,62,99,1,1,6,M,98,0,0,0,0,0,0,0,0,0,0,120,310,0,0,0,2,3,9,-3,8,17112,998,-72,11,0,4,95,95,95,95,0,995,309.275513655422,5,2
7812,23,84,1-23-2017-084-07,7,2,1FAFP56U67A1,17,12,17,2007,4,1,3,0,1,L,1,1513,9,0,1,1,1,89,1,0,0,995,0,0,0,44875,9,9,2,4,2,1,2,2,1,1,1,2,0,0,1,8,0,0,9,0,1,3,53,99,1,1,2,F,45,0,0,0,0,0,0,0,0,0,0,300,310,0,0,0,1,3,22,4,22,31811,998,-115,20,0,1,0,0,0,0,0,995,309.275513655422,5,2
7812,23,84,1-23-2017-084-07,7,3,2HGFA1F52AH3,17,37,31,2010,4,1,3,0,1,L,1,1199,5,0,1,1,1,89,1,0,0,995,0,0,0,43074,9,9,2,4,2,1,2,2,1,1,1,2,0,0,1,8,0,0,9,1,6,3,52,99,1,2,2,F,46,0,0,0,0,0,0,0,0,0,0,310,120,0,0,0,2,3,22,-4,22,31811,998,-115,20,0,1,0,0,0,0,0,995,309.275513655422,5,2
7813,23,85,1-23-2017-085-06,6,1,5NPEC4AC4BH0,17,55,33,2011,4,1,4,0,1,T,3,1454,5,9999,9,4,1,89,1,0,0,995,0,0,0,43334,9,9,0,4,2,1,2,1,3,1,0,0,0,0,2,8,0,0,9,1,14,2,13,99,2,4,1,A,1,1,6,2,2,1,4,61,1,2,15,997,997,0,0,0,1,6,999,999,999,9999999,999,999,999,8,0,99,99,0,99,3,997,157.93598721944,5,2
7815,32,95,1-32-2017-095-02,2,1,2C3CDYBT0DH6,17,7,28,2013,2,1,5,0,1,F,9,1852,5,9999,9,0,1,113,1,0,0,995,0,0,0,75104,1,1,0,2,4,2,2,1,1,4,3,3,0,0,1,8,0,0,9,0,1,3,51,8,1,1,2,D,24,0,0,0,0,0,0,0,0,0,0,305,290,0,0,0,0,0,999,999,999,9999999,999,999,999,9,0,0,0,0,0,0,995,62.5320886967792,7,2
7814,32,94,1-32-2017-094-03,3,1,1C4NJCBB6ED6,17,2,1,2014,6,1,2,0,1,F,2,1448,5,0,1,1,1,64,1,0,0,995,0,0,0,76692,9,9,2,1,4,4,1,1,1,1,1,0,0,0,1,1,1,2,9,0,11,2,15,99,1,1,4,J,68,0,0,0,0,0,0,0,0,0,0,110,340,0,0,0,1,3,27,-17,-20,31954,998,-122,17,0,4,2,5,0,4,0,995,804.130365599252,7,2
7815,32,95,1-32-2017-095-02,2,2,2HKRM4H7XEH6,17,37,402,2014,14,3,14,0,1,B,2,1583,5,0,1,1,1,113,1,0,1,0,2,0,1,75104,9,1,0,1,4,1,2,1,1,4,1,3,0,0,1,8,0,0,9,1,15,3,53,4,1,2,2,D,25,1,4,1,5,7,1,1,3,2,999,290,305,0,0,0,1,12,999,999,999,9999999,999,999,999,3,0,1,2,0,3,1,995,62.5320886967792,7,2
7815,32,95,1-32-2017-095-02,2,3,1FA6P8CF0H52,17,12,3,2017,2,1,3,0,1,T,9,1995,5,9999,9,0,1,113,1,0,0,995,0,0,0,75104,2,9,0,2,4,3,2,1,1,4,3,3,0,0,1,8,0,0,9,0,1,4,61,99,1,1,6,M,98,0,0,0,0,0,0,0,0,0,0,996,996,0,0,0,0,0,999,999,999,9999999,999,999,999,9,0,0,0,0,0,0,996,62.5320886967792,7,2
7814,32,94,1-32-2017-094-03,3,2,1GCEK19TXXE1,17,20,481,1999,34,5,31,0,1,F,1,2096,4,0,1,6,0,64,1,0,0,995,0,0,0,75207,9,9,2,1,3,1,1,1,1,1,0,1,0,0,1,1,1,2,1,0,1,4,62,2,1,1,4,J,69,0,0,0,0,0,0,0,0,0,0,340,110,0,0,0,1,3,20,-20,0,75339,998,0,31,0,4,95,95,95,95,0,995,804.130365599252,7,2
7814,32,94,1-32-2017-094-03,3,3,1GB3G4BG8D11,17,20,461,2013,28,4,28,99,1,F,9,9999,9,9999,9,0,0,64,1,0,0,995,0,0,0,75143,9,9,2,1,3,2,1,1,1,1,1,1,0,0,1,1,1,2,9,0,1,4,63,99,1,1,6,M,98,0,0,0,0,0,0,0,0,0,0,340,345,0,0,0,0,0,999,999,999,9999999,999,999,999,9,0,95,95,95,95,0,995,804.130365599252,7,2
7817,24,87,1-24-2017-087-02,2,1,1GNALDEK8DZ1,17,20,404,2013,14,3,14,0,1,R,2,1706,5,0,1,1,1,80,1,0,0,995,0,0,0,08251,1,2,2,4,4,2,2,1,1,4,1,2,0,0,1,1,1,2,2,0,11,2,15,1,1,1,4,J,68,0,0,0,0,0,0,0,0,0,0,320,215,0,0,0,1,1,30,-15,-26,124365,998,129,30,0,4,3,17,1,3,0,995,54.7796608777382,1,2
7817,24,87,1-24-2017-087-02,2,2,1FTNE2EW3DDA,17,12,461,2013,21,4,21,0,1,F,2,2268,5,9999,9,1,1,80,1,0,0,995,0,0,0,08205,9,9,2,4,3,2,2,1,1,2,3,2,1,1,1,1,1,2,9,0,1,4,66,99,1,1,4,J,69,0,0,0,0,0,0,0,0,0,0,215,320,0,0,0,1,1,25,-24,9,75806,998,94,25,0,4,0,0,0,5,0,995,54.7796608777382,1,2
7824,27,18,1-27-2017-018-06,6,1,1GTHK29275E1,17,23,481,2005,34,5,31,0,1,F,1,2575,5,46,1,2,0,56,1,0,0,995,0,0,0,01242,9,9,0,4,2,1,2,1,1,1,1,2,0,0,1,8,0,0,9,0,1,3,50,2,1,1,2,D,20,0,0,0,0,0,0,0,0,0,0,260,260,0,0,0,1,1,12,-12,0,20559,998,-2,14,0,1,95,95,95,95,0,995,284.097564862844,3,2
7824,27,18,1-27-2017-018-06,6,2,3A8FY58B28T1,17,6,52,2008,6,1,2,0,1,B,1,1498,5,0,1,1,1,56,1,8,0,995,0,0,0,01223,9,9,0,4,2,1,2,1,1,1,1,2,0,0,1,8,0,0,9,0,5,3,52,99,1,1,2,D,21,0,0,0,0,0,0,0,0,0,0,260,260,0,0,0,1,1,19,19,0,15921,998,0,16,0,1,0,0,0,4,0,995,284.097564862844,3,2
7824,27,18,1-27-2017-018-06,6,3,JF1SG63646H7,17,48,401,2006,14,3,14,0,1,B,1,1425,5,0,1,2,0,56,1,0,0,995,0,0,0,01201,9,9,0,4,2,1,2,1,1,1,1,2,0,0,1,8,0,0,9,0,5,3,53,99,1,1,6,M,98,0,0,0,0,0,0,0,0,0,0,260,260,0,0,0,2,1,14,14,0,9375,998,19,13,0,1,95,95,95,95,0,995,284.097564862844,3,2
7835,17,60,1-17-2017-060-06,6,1,1J4FF28B39D1,17,2,407,2009,14,3,14,0,1,L,1,1410,5,90,1,1,1,72,1,9,0,995,0,9,0,61244,1,1,2,1,3,1,2,1,1,1,1,2,0,0,3,1,1,2,1,0,1,2,17,1,1,1,5,L,89,0,0,0,0,0,0,0,0,0,0,0,90,0,0,0,1,1,14,-9,10,4533,998,36,8,0,1,1,2,0,4,0,995,368.158144852616,4,2
7835,17,60,1-17-2017-060-06,6,2,1HGCP2F89BA0,17,37,32,2011,4,1,4,0,1,F,1,1523,5,0,1,1,1,72,1,8,0,995,0,9,0,61254,9,9,2,2,5,1,1,1,1,1,1,3,0,0,3,1,1,2,9,0,1,2,17,99,1,1,5,L,88,0,0,0,0,0,0,0,0,0,0,90,0,0,0,0,1,1,14,-10,-9,26061,998,-116,16,0,1,0,0,0,0,0,995,368.158144852616,4,2
7832,12,45,1-12-2017-045-09,9,1,1GTEK19T31E2,17,23,481,2001,34,5,31,0,1,F,1,1986,5,0,1,1,1,72,1,0,0,995,0,0,0,99999,9,9,0,4,2,1,2,1,1,4,1,1,0,0,1,1,0,0,9,1,1,2,10,1,1,4,1,B,6,0,0,0,0,0,0,0,0,0,0,998,998,0,0,0,1,8,999,999,999,9999999,999,999,999,6,0,99,99,0,99,0,998,3838.87221500274,9,2
7842,16,61,1-16-2017-061-03,3,1,JM1CW2BL3E01,17,41,52,2014,6,1,3,0,1,F,2,1569,5,0,1,1,1,56,1,0,0,995,0,0,0,45238,1,2,2,4,5,3,2,1,1,1,1,2,0,0,1,1,1,2,3,0,11,2,15,2,1,1,4,J,68,0,0,0,0,0,0,0,0,0,0,20,255,0,0,0,1,1,29,-19,-22,54974,998,-147,20,0,1,0,0,0,0,0,995,758.408529433954,5,2
7842,16,61,1-16-2017-061-03,3,2,1G1ND52J02M6,17,20,37,2002,4,1,3,0,1,F,2,1384,5,0,1,1,1,56,1,0,0,995,0,0,0,45248,9,9,2,4,4,1,2,1,1,4,0,2,0,0,1,1,1,2,9,0,1,4,66,99,1,1,4,J,69,0,0,0,0,0,0,0,0,0,0,255,20,0,0,0,1,1,32,-32,6,116617,998,13,45,0,1,99,99,0,99,0,995,758.408529433954,5,2
7843,33,81,1-33-2017-081-08,8,1,4T1BF28B94U3,17,49,43,2004,4,1,3,0,1,F,3,1560,5,0,1,5,1,105,1,1,1,201,2,1,2,95966,1,2,0,2,2,2,1,1,3,1,3,2,1,3,1,1,0,0,1,1,6,1,6,8,2,4,1,B,7,0,0,0,0,0,0,0,0,0,0,998,998,0,0,0,1,12,999,999,999,9999999,999,999,999,5,0,2,5,0,3,0,998,103.236549053167,12,2
7829,14,44,1-14-2017-044-02,2,1,WDDHF5KB6EA8,17,42,48,2014,4,1,4,0,1,L,9,1825,5,0,1,1,1,97,1,0,0,995,0,0,0,78070,9,2,2,5,5,1,2,1,1,1,1,3,0,0,3,8,1,2,1,0,1,2,17,1,1,1,5,L,89,0,0,0,0,0,0,0,0,0,0,250,340,0,0,0,1,5,999,999,999,9999999,999,999,24,0,0,3,14,2,3,0,995,216.318125742932,8,2
7829,14,44,1-14-2017-044-02,2,2,3C63DRGL7CG2,17,7,482,2012,34,5,31,0,1,F,9,3162,5,9999,9,0,1,97,1,0,0,995,0,0,0,78418,9,9,2,3,4,3,2,1,1,1,3,1,0,0,3,8,1,2,9,0,1,2,17,99,1,1,5,L,88,0,0,0,0,0,0,0,0,0,0,340,250,0,0,0,0,0,999,999,999,9999999,999,999,999,9,0,0,0,0,0,0,995,216.318125742932,8,2
7818,24,88,1-24-2017-088-09,9,1,WBAGL63462DP,17,34,37,2002,4,1,5,0,1,F,2,2025,5,0,1,1,1,56,1,8,0,995,0,7,0,08012,2,2,0,4,2,1,2,1,3,1,1,2,0,0,1,1,0,0,1,1,14,1,6,7,2,4,1,B,7,0,0,0,0,0,0,0,0,0,0,110,25,0,1,0,5,11,999,999,999,9999999,999,999,999,7,0,1,1,0,0,0,995,3104.8070286023,1,2
7833,24,90,1-24-2017-090-05,5,1,1N4AL11E23C2,17,35,47,2003,4,1,4,0,1,L,9,1371,5,9999,9,0,1,40,1,0,0,995,0,0,0,08401,9,9,2,4,2,1,2,1,1,1,2,4,0,0,1,1,2,2,1,0,1,4,66,1,1,1,5,L,89,0,0,0,0,0,0,0,0,0,0,250,330,0,0,0,0,0,999,999,999,9999999,999,999,999,9,0,1,1,0,4,0,995,99.0968081038514,1,2
7833,24,90,1-24-2017-090-05,5,2,1J4PN2GK8BW5,17,2,405,2011,14,3,14,0,1,F,2,1872,5,0,1,1,1,40,1,0,0,995,0,0,0,08360,1,1,2,3,2,1,2,1,1,1,0,3,0,0,1,1,0,0,1,0,1,4,66,3,1,1,5,L,88,0,0,0,0,0,0,0,0,0,0,330,250,0,0,0,1,11,999,999,999,9999999,999,999,999,7,0,0,0,0,0,0,995,99.0968081038514,1,2
7849,31,40,1-31-2017-040-07,7,1,1FAHP37N19W1,17,12,37,2009,4,1,2,0,1,F,1,1189,5,0,1,1,1,56,1,0,0,995,0,0,0,62821,1,2,2,4,2,1,2,1,1,1,1,2,0,0,1,1,1,2,9,0,1,3,50,99,1,1,2,D,20,0,0,0,0,0,0,0,0,0,0,70,70,0,0,0,1,3,12,-12,0,7590,998,0,13,0,4,1,1,0,0,0,995,1472.66821840875,6,2
7845,13,81,1-13-2017-081-06,6,1,2HGFG12868H5,17,37,31,2008,2,1,3,0,1,F,3,1226,5,0,1,1,1,89,1,0,0,995,0,0,0,76107,2,9,0,2,4,2,1,1,1,1,3,3,0,0,1,8,0,0,9,1,1,1,4,99,2,4,1,A,2,0,0,0,0,0,0,0,0,0,0,998,998,0,0,0,1,12,999,999,999,9999999,999,999,999,5,0,9,97,0,8,0,998,1294.92975302644,7,2
7830,14,45,1-14-2017-045-05,5,1,1FMCU9DG2BKA,17,12,402,2011,14,3,14,0,1,F,3,1609,5,0,1,1,1,48,1,1,8,997,8,0,0,78070,1,2,2,4,2,1,2,1,1,1,0,0,0,0,2,1,0,0,3,1,1,2,13,1,1,4,1,A,1,0,0,0,0,0,0,0,0,0,0,80,40,0,0,0,1,3,75,-75,0,247300,998,0,61,0,4,2,9,0,4,0,995,331.765744056653,8,2
7846,22,91,1-22-2017-091-08,8,1,1G3HY52L8RH3,17,21,2,1994,4,1,4,0,1,L,2,1560,5,0,1,1,1,40,1,0,0,995,0,0,0,83501,9,9,2,4,2,1,2,1,1,2,0,0,0,0,1,1,2,2,9,0,11,3,55,1,1,1,4,K,82,0,0,0,0,0,0,0,0,0,0,70,170,0,1,0,1,1,33,-6,33,73575,998,44,33,0,1,3,22,1,3,0,995,125.912355833855,12,2
7849,31,40,1-31-2017-040-07,7,2,1FM5K8D83EGB,17,12,401,2014,14,3,14,0,1,B,1,2067,5,9999,9,0,0,56,1,0,0,995,0,0,0,61822,9,9,2,4,2,1,2,1,1,1,1,2,0,0,1,1,1,2,1,0,5,3,52,1,1,1,2,D,21,0,0,0,0,0,0,0,0,0,0,70,70,0,0,0,1,3,7,7,0,3567,998,0,7,0,4,95,95,95,95,0,995,1472.66821840875,6,2
7846,22,91,1-22-2017-091-08,8,2,1GCCT19X5T82,17,20,471,1996,34,5,30,0,1,F,2,1704,5,175,1,1,1,56,1,0,0,995,0,0,0,83501,1,2,2,4,3,2,2,1,1,2,2,1,0,0,1,1,0,0,1,0,1,4,66,1,1,1,4,K,83,0,0,0,0,0,0,0,0,0,0,170,70,0,1,0,1,1,30,-30,0,62405,998,0,30,0,1,1,1,0,4,0,995,125.912355833855,12,2
7838,13,80,1-13-2017-080-02,2,1,JTDKDTB37E15,17,49,46,2014,5,1,2,0,1,F,2,1135,5,0,1,1,1,40,1,0,1,0,2,1,2,76021,1,9,2,1,2,2,2,1,1,4,3,0,0,0,1,1,0,0,9,1,1,2,12,99,1,4,1,B,6,0,0,0,0,0,0,0,0,0,0,998,998,0,0,1,1,1,33,-33,0,57950,998,53,32,0,4,3,14,1,3,0,998,51.904912208122,7,2
7840,21,51,1-21-2017-051-03,3,1,1G1JF52F7372,17,20,16,2003,4,1,2,0,1,R,1,1214,5,0,1,1,1,64,1,0,0,995,0,0,0,92405,1,1,2,1,2,2,2,1,1,1,1,2,0,0,1,1,1,2,1,0,11,2,15,1,1,1,4,J,68,0,0,0,0,0,0,0,0,0,0,160,50,0,1,0,1,1,17,-13,-11,9210,998,56,13,0,1,1,1,0,0,0,995,133.062501881918,11,2
7848,22,93,1-22-2017-093-09,9,1,1FAPP1288PW1,17,12,13,1993,2,1,1,0,1,R,1,1066,5,0,1,1,1,56,1,0,0,995,0,0,0,83823,1,2,2,5,4,2,2,1,1,1,1,2,0,0,1,1,1,2,2,0,11,2,15,9,1,1,4,J,68,0,0,0,0,0,0,0,0,0,0,50,280,0,0,0,1,1,20,-16,-13,15166,998,32,18,0,1,1,1,0,0,0,995,759.033002682664,12,2
7850,19,92,1-19-2017-092-09,9,1,2HGES16581H5,17,37,31,2001,4,1,2,0,1,F,1,1095,5,0,1,1,1,40,1,0,0,995,0,0,0,35903,2,2,0,4,2,1,2,1,1,1,0,2,0,0,3,1,0,0,1,0,1,3,51,99,1,1,2,D,24,0,0,0,0,0,0,0,0,0,0,140,140,0,0,0,1,1,20,-20,0,20305,998,0,22,0,4,1,1,0,4,0,995,7758.23829702,9,2
7840,21,51,1-21-2017-051-03,3,2,1G1PE5SB0E71,17,20,25,2014,4,1,3,0,1,F,1,1407,5,0,2,1,1,64,1,0,0,995,0,0,0,92394,1,1,2,1,2,2,2,1,1,1,1,2,0,0,1,1,1,2,1,0,1,4,62,2,1,1,4,J,69,0,0,0,0,0,0,0,0,0,0,50,160,0,1,0,1,1,15,-13,8,25459,998,86,18,0,1,1,2,0,6,0,995,133.062501881918,11,2
7850,19,92,1-19-2017-092-09,9,2,4T1BE32K26U1,17,49,40,2006,4,1,3,0,1,B,1,1455,5,0,1,1,1,40,1,0,0,995,0,0,0,35903,2,2,0,4,2,1,2,1,1,1,0,2,0,0,3,1,0,0,1,0,1,3,53,99,1,1,2,D,25,0,0,0,0,0,0,0,0,0,0,140,140,0,0,0,1,1,15,15,0,9393,998,-32,13,0,4,1,2,0,4,0,995,7758.23829702,9,2
7848,22,93,1-22-2017-093-09,9,2,2G2WR5544612,17,22,20,2006,4,1,4,0,1,F,1,1577,5,0,1,1,1,56,1,0,0,995,0,0,0,83843,1,2,2,5,4,2,2,1,1,1,3,1,0,0,1,1,1,2,1,0,1,4,62,2,1,1,4,J,69,0,0,0,0,0,0,0,0,0,0,280,50,0,0,0,1,1,14,-13,2,16710,998,37,16,0,1,1,1,0,4,0,995,759.033002682664,12,2
7837,13,79,1-13-2017-079-03,3,1,3N1AB7AP5FY3,17,35,43,2015,4,1,3,0,1,L,1,1293,5,0,1,1,1,64,1,0,0,995,0,0,0,76011,2,2,0,4,4,1,1,1,1,1,0,3,0,0,1,7,0,0,2,1,12,2,10,1,1,2,6,M,98,0,0,0,0,0,0,0,0,0,0,240,270,0,0,0,1,1,9,7,4,3755,998,123,6,0,4,0,0,0,5,0,995,667.660112050877,7,2
7837,13,79,1-13-2017-079-03,3,2,1FARP14J2RW1,17,12,13,1994,5,1,1,0,1,F,1,1071,5,0,1,1,1,64,1,0,0,995,0,0,0,75165,1,9,0,4,4,2,1,1,1,1,3,2,0,0,1,7,0,0,9,0,1,4,61,99,1,1,6,M,98,0,0,0,0,0,0,0,0,0,0,270,240,0,0,0,1,1,8,-8,0,7552,998,55,11,0,4,1,2,0,4,0,995,667.660112050877,7,2
7847,22,92,1-22-2017-092-02,2,1,1FTSX21575EB,17,12,481,2005,34,5,31,0,1,F,1,2818,5,0,1,1,1,97,1,0,1,0,2,7,1,83846,9,9,0,3,1,1,1,1,1,2,1,4,3,3,1,1,8,2,9,0,1,3,50,1,1,1,2,D,20,1,1,1,2,1,3,61,1,2,3,300,300,0,1,0,1,9,999,999,999,9999999,999,999,999,6,0,1,1,0,4,3,995,54.2430997083732,12,2
7851,19,93,1-19-2017-093-02,2,1,1HGCR2F54HA0,17,37,32,2017,4,1,4,0,1,R,2,1496,5,0,1,1,1,56,1,1,1,320,2,9,1,35904,1,2,0,4,2,1,2,1,3,2,1,2,0,0,2,1,0,0,9,1,14,2,13,99,1,4,1,A,1,1,6,1,2,1,4,41,1,1,25,997,997,0,1,0,4,6,999,999,999,9999999,999,999,999,7,0,2,6,0,3,3,997,102.089013427492,9,2
7809,28,45,1-28-2017-045-04,4,1,WBA3N9C52EF7,17,34,47,2014,4,1,4,0,1,9,9,1649,5,9999,9,0,1,113,1,0,0,995,0,0,0,16801,3,2,0,1,2,2,2,2,1,1,3,2,1,3,1,2,0,0,1,1,1,1,6,2,3,4,1,A,2,0,0,0,0,0,0,0,0,0,0,998,998,0,0,1,0,0,999,999,999,9999999,999,999,999,9,0,1,1,0,6,0,998,432.322997257371,3,2
7847,22,92,1-22-2017-092-02,2,2,KNDMB5C19H62,17,63,441,2017,20,4,20,0,1,B,3,2002,5,0,1,1,1,97,1,0,1,0,2,7,0,97035,9,9,0,3,1,1,1,1,1,2,1,4,3,3,1,1,8,2,9,0,5,3,53,1,1,1,2,D,21,0,0,0,0,0,0,0,0,0,0,300,300,0,1,0,1,9,999,999,999,9999999,999,999,999,8,0,3,10,1,3,0,995,54.2430997083732,12,2