CASEID,PSU,CASENO,CASENUMBER,CATEGORY,VEHNO,VIN,VINLENGTH,MAKE,MODEL,MODELYR,BODYTYPE,BODYCAT,VEHCLASS,SPECUSE,TRANSTAT,DAMPLANE,DAMSEV,CURBWT,CURBSRC,CARGOWT,CARGOSRC,INSPTYPE,TOWSTAT,SPEEDLIMIT,DRPRESENT,PARALCOHOL,ALCTEST,ALCTESTRESULT,ALCTESTSRC,PARDRUG,DRUGTEST,ZIP,RACE,ETHNICITY,RELTOJUNCT,TRAFFLOW,RDLANES,INITLANE,SURFTYPE,SURFCOND,ALIGNMENT,PROFILE,LINERIGHT,LINELEFT,RUMBINIT,RUMBROAD,LIGHTCOND,WEATHER,TRAFDEV,TRAFFUNCT,DISTRACT,PREFHE,PREMOVE,CRITCAT,CRITEVENT,MANEUVER,PRESTAB,PRELOC,CRASHCAT,CRASHCONF,CRASHTYPE,ROLLTYPE,ROLLTURN,ROLLINTRPT,ROLLPREMAN,ROLLINITYP,ROLLINLOC,ROLLOBJ,ROLLTRIP,ROLLDIR,ROLLDIST,DVANGTHIS,DVANGOTH,TOWHITCH,TRAJDOC,TREEPOLE,DVEVENT,DVBASIS,DVTOTAL,DVLONG,DVLAT,DVENERGY,DVSPEED,DVMOMENT,DVBES,DVEST,DVCONF,VAIS,VISS,VINJURED,VTREAT,INITOBJCLASS,HEADANGLECAT,CASEWGT,PSUSTRAT,VERSION
7894,17,64,1-17-2017-064-07,7,1,JA3AU86W09U0,17,52,46,2009,4,1,2,0,1,F,1,1375,5,0,1,1,1,72,1,9,0,995,0,9,0,61244,2,2,0,2,4,1,2,1,2,1,1,3,0,0,1,1,0,0,3,0,14,3,51,2,1,1,2,D,24,0,0,0,0,0,0,0,0,0,0,80,80,0,0,0,1,3,12,-12,0,8962,998,63,11,0,4,0,0,0,0,0,995,517.840409113973,4,2
7894,17,64,1-17-2017-064-07,7,2,YV4902RK5F27,17,51,50,2015,6,1,3,0,1,B,1,1928,5,9999,9,0,0,72,1,9,0,995,0,7,0,61265,9,9,0,2,4,1,2,1,2,1,1,3,0,0,1,1,0,0,9,0,14,3,53,99,1,1,2,D,25,0,0,0,0,0,0,0,0,0,0,80,80,0,0,0,1,3,10,10,0,9624,998,0,11,0,4,95,95,95,95,0,995,517.840409113973,4,2
7892,17,62,1-17-2017-062-06,6,1,1HGCP36818A0,17,37,32,2008,4,1,4,0,1,F,3,1523,5,0,1,1,1,89,1,9,0,995,0,9,0,61254,1,2,0,4,2,1,4,1,1,3,0,0,0,0,2,1,0,0,1,1,1,2,12,4,1,4,1,B,6,0,0,0,0,0,0,0,0,0,0,998,998,0,0,1,1,1,46,-46,0,134454,998,-26,46,0,1,2,9,0,3,0,998,254.335237373771,4,2
7886,14,46,1-14-2017-046-02,2,1,1C3BC2FG4BN5,17,6,18,2011,4,1,3,0,1,L,1,1537,5,46,2,1,1,48,1,0,1,219,2,0,1,78130,1,2,2,4,2,1,2,1,1,1,0,0,0,0,5,1,2,2,9,0,1,2,17,1,1,1,5,L,89,0,0,0,0,0,0,0,0,0,0,240,330,0,0,0,1,1,20,-11,17,18825,998,51,16,0,1,1,1,0,4,0,995,300.389675968169,8,2
7886,14,46,1-14-2017-046-02,2,2,KNDJT2A55D75,17,63,37,2013,6,1,2,0,1,F,1,1220,5,0,1,1,1,48,1,0,0,995,0,0,0,78130,1,2,2,4,2,1,2,1,1,2,1,2,0,0,5,1,0,0,1,0,1,2,17,1,1,1,5,L,88,0,0,0,0,0,0,0,0,0,0,330,240,0,0,0,1,1,24,-20,-12,54260,998,-87,26,0,1,1,2,0,4,0,995,300.389675968169,8,2
7893,17,63,1-17-2017-063-07,7,1,1FTFX1EF6BFC,17,12,481,2011,34,5,31,0,1,F,1,2454,5,0,1,1,1,72,1,0,0,995,0,0,0,61284,1,2,2,1,4,4,2,1,1,1,1,2,0,0,3,1,1,2,2,0,11,2,15,1,1,2,4,J,68,0,0,0,0,0,0,0,0,0,0,200,90,0,0,0,1,1,15,-11,-9,48104,998,-128,18,0,1,1,1,0,0,0,995,517.840409113973,4,2
7893,17,63,1-17-2017-063-07,7,2,2HKYF18543H6,17,37,421,2003,15,3,15,0,1,L,1,2007,5,0,1,1,1,72,1,0,0,995,0,1,0,61265,1,2,2,1,4,2,2,1,1,1,1,3,0,2,3,1,1,2,1,0,1,4,62,2,1,1,4,J,69,0,0,0,0,0,0,0,0,0,0,90,200,0,0,0,1,1,18,-15,9,9917,998,3,11,0,1,1,1,0,0,0,995,517.840409113973,4,2
7902,18,47,1-18-2017-047-04,4,1,2GNFLHE37F63,17,20,404,2015,14,3,14,0,1,F,1,1881,5,0,1,1,1,105,1,0,0,995,0,0,0,54401,9,9,0,1,2,1,2,1,1,1,1,3,0,0,2,1,0,0,9,0,1,6,87,99,1,1,1,C,13,0,0,0,0,0,0,0,0,0,0,998,998,0,0,0,1,10,999,999,999,9999999,999,999,12,2,0,99,99,0,0,0,998,2602.8934050539,6,2
7893,17,63,1-17-2017-063-07,7,3,3GCUKTEC6EG5,17,20,481,2014,34,5,31,0,1,L,1,2378,5,0,1,2,0,72,1,0,0,995,0,0,0,61201,9,9,2,4,5,2,2,1,1,1,1,1,0,0,3,1,1,2,1,0,5,4,62,1,1,1,6,M,98,0,0,0,0,0,0,0,0,0,0,0,140,0,0,0,2,3,2,-2,1,601,998,12,3,0,4,95,95,95,95,0,995,517.840409113973,4,2
7900,22,95,1-22-2017-095-04,4,1,3VW3A7AJ0FM4,17,30,40,2015,4,1,3,0,1,F,1,1470,5,0,1,1,1,40,1,0,0,995,0,0,0,83843,1,2,0,3,1,1,2,1,1,1,0,2,0,0,1,5,0,0,3,1,1,2,12,1,1,4,1,B,6,0,0,0,0,0,0,0,0,0,0,998,998,0,0,1,1,1,12,-12,0,7813,998,-52,12,0,4,1,1,0,5,0,998,234.577677181081,12,2
7907,24,94,1-24-2017-094-04,4,1,JTEBU5JR6G54,17,49,401,2016,14,3,14,0,1,F,2,2180,5,0,1,1,1,72,1,8,9,998,8,7,9,08205,1,2,2,1,5,2,2,1,1,1,3,3,0,0,1,1,1,2,1,0,1,4,62,1,1,1,4,J,69,0,0,0,0,0,0,0,0,0,0,100,210,0,0,0,1,3,28,-27,5,171408,998,-35,43,0,4,0,0,0,0,0,995,1263.56937231219,1,2
7907,24,94,1-24-2017-094-04,4,2,3FAHP31334R1,17,12,37,2004,2,1,2,0,1,F,3,1157,5,0,1,1,1,72,1,0,0,995,0,0,0,08037,1,2,2,4,5,3,2,1,1,1,1,2,0,0,1,1,1,2,1,0,11,2,15,1,1,1,4,J,68,0,0,0,0,0,0,0,0,0,0,210,100,0,0,0,1,3,49,-25,-43,195431,998,-157,40,0,2,1,1,0,0,0,995,1263.56937231219,1,2
7901,22,96,1-22-2017-096-09,9,1,1B4HS28N41F5,17,7,402,2001,14,3,14,0,1,R,1,2085,5,0,2,1,1,56,1,0,0,995,0,0,0,83857,1,2,0,4,2,1,2,1,3,1,1,2,0,0,1,1,0,0,3,1,14,2,13,1,2,4,1,A,1,1,4,2,2,6,4,44,2,1,8,998,998,0,1,0,1,1,10,-2,-10,9950,998,-45,10,0,3,1,1,0,4,3,998,382.030675667747,12,2
7898,13,84,1-13-2017-084-03,3,1,1G1JC5SH5E42,17,20,28,2014,4,1,1,0,1,R,1,1245,5,0,1,1,1,105,1,0,1,0,2,0,1,76053,2,2,0,2,3,1,2,1,1,2,0,1,0,0,1,1,0,0,3,1,1,2,13,1,1,4,1,A,1,0,0,0,0,0,0,0,0,0,0,998,998,0,0,0,1,8,999,999,999,9999999,999,999,999,6,0,1,1,0,4,0,998,561.292611989033,7,2
7911,30,76,1-30-2017-076-10,10,1,JHLRD788X6C0,17,37,402,2006,14,3,14,0,1,T,1,1530,5,0,1,1,1,56,1,0,0,995,0,0,0,85028,2,2,0,4,5,1,2,1,1,1,0,3,0,0,1,1,0,0,3,1,1,2,13,2,1,4,1,A,1,1,2,2,1,2,4,68,4,1,5,997,997,0,1,0,2,6,999,999,999,9999999,999,999,999,6,0,1,1,0,0,3,997,20830.7351125155,10,2
7903,33,83,1-33-2017-083-04,4,1,5TDJZRFH4HS5,17,49,403,2017,14,3,14,0,1,L,1,1995,5,0,2,0,1,40,1,0,0,995,0,0,0,95926,1,2,2,4,2,1,2,1,1,2,0,0,0,0,1,1,2,2,2,0,1,2,17,1,1,1,5,L,89,0,0,0,0,0,0,0,0,0,0,60,150,0,0,0,1,3,18,-9,16,41471,998,-60,21,0,4,1,1,0,0,0,995,259.890592975373,12,2
7826,10,38,1-10-2017-038-07,7,2,1MELM6532VK6,17,14,37,1997,4,1,3,0,1,L,1,1303,5,9999,9,0,1,56,1,0,0,995,0,0,0,45401,1,2,2,2,4,1,2,1,1,1,0,1,0,0,1,8,0,0,1,0,1,2,17,1,1,2,5,L,89,0,0,0,0,0,0,0,0,0,0,70,170,0,0,0,1,3,18,-9,16,27041,998,-79,20,0,4,0,0,0,0,0,995,319.930666475535,4,2
7896,13,82,1-13-2017-082-05,5,1,1HGEJ7228VL0,17,37,31,1997,2,1,2,0,1,B,9,1064,5,9999,9,0,1,97,1,0,0,995,0,0,0,76133,2,2,0,2,4,1,1,1,1,4,1,3,0,0,3,1,0,0,1,0,2,3,53,1,1,1,2,D,29,0,0,0,0,0,0,0,0,0,0,0,0,0,0,0,0,0,999,999,999,9999999,999,999,999,9,0,0,0,0,0,0,995,95.6535016443357,7,2
7896,13,82,1-13-2017-082-05,5,2,1C3CDZAB3CN2,17,7,26,2012,4,1,3,0,1,F,2,1636,5,0,1,1,1,97,1,0,1,148,2,0,0,76110,1,2,0,2,4,1,1,1,1,4,1,3,0,0,3,1,0,0,3,0,1,3,52,1,1,1,2,D,28,0,0,0,0,0,0,0,0,0,0,0,0,0,0,0,1,3,32,-32,0,64023,998,0,31,0,4,3,9,1,3,0,995,95.6535016443357,7,2
7903,33,83,1-33-2017-083-04,4,2,JHMSZ7424DC1,17,37,32,1983,4,1,1,0,1,F,2,980,5,0,1,1,1,40,1,0,0,995,0,0,0,95966,1,2,2,4,2,1,2,1,1,2,0,2,0,0,1,1,2,2,1,0,1,2,17,1,1,1,5,L,88,0,0,0,0,0,0,0,0,0,0,150,60,0,0,0,1,3,29,-25,-5,39724,998,-55,29,0,4,0,0,0,0,0,995,259.890592975373,12,2
7904,33,84,1-33-2017-084-03,3,1,1FAFP13P4WW3,17,12,13,1998,4,1,1,0,1,F,9,1122,5,9999,9,0,0,56,1,0,0,995,0,0,0,95973,9,9,2,1,2,2,2,1,1,1,5,0,0,0,1,1,1,2,9,0,1,2,17,1,1,1,5,L,88,0,0,0,0,0,0,0,0,0,0,145,55,0,0,0,0,0,999,999,999,9999999,999,999,999,9,0,95,95,95,95,0,995,91.2652190375962,12,2
7904,33,84,1-33-2017-084-03,3,2,2GKALMEK1G62,17,23,402,2016,14,3,14,0,1,L,1,1748,5,0,1,1,1,40,1,0,0,995,0,0,0,95973,1,2,2,4,2,1,2,1,1,1,0,2,0,0,1,1,1,2,9,0,1,4,66,1,1,1,5,L,89,0,0,0,0,0,0,0,0,0,0,55,145,0,0,0,1,12,999,999,999,9999999,999,999,999,1,0,1,1,0,4,0,995,91.2652190375962,12,2
7905,33,85,1-33-2017-085-03,3,1,1G1PF5S93B72,17,20,25,2011,4,1,3,0,1,F,2,1407,5,0,2,1,1,56,1,1,9,998,8,0,0,94061,1,1,2,4,3,1,2,1,1,1,3,1,0,0,3,1,1,2,1,1,10,1,6,1,1,2,4,K,80,0,0,0,0,0,0,0,0,0,0,30,230,0,0,0,1,1,25,-24,-4,52362,998,-33,29,0,1,1,1,0,4,0,995,91.2652190375962,12,2
7897,13,83,1-13-2017-083-04,4,1,KNADM5A37G66,17,63,32,2016,5,1,2,0,1,R,1,1124,5,0,1,1,1,64,1,0,0,995,0,0,0,76106,9,1,2,4,5,3,1,1,1,1,1,4,0,0,1,1,1,2,9,0,11,2,15,99,1,1,4,J,68,0,0,0,0,0,0,0,0,0,0,10,250,0,0,0,1,3,12,-9,-8,10151,998,40,14,0,4,0,0,0,0,0,995,1961.70184442371,7,2
7905,33,85,1-33-2017-085-03,3,2,KMHD35LE9DU0,17,55,35,2013,5,1,2,0,1,F,2,1295,5,0,1,1,1,56,1,0,0,995,0,0,0,95926,1,2,2,4,3,2,2,1,1,1,5,2,0,0,3,1,1,2,9,0,5,4,67,1,1,1,4,K,81,0,0,0,0,0,0,0,0,0,0,230,30,0,0,0,1,1,26,-25,4,22951,998,32,20,0,1,99,99,0,99,0,995,91.2652190375962,12,2
7899,22,94,1-22-2017-094-09,9,1,3C4FY48B43T6,17,6,52,2003,6,1,2,0,1,F,1,1411,5,0,1,1,1,56,1,0,0,995,0,0,0,83843,1,2,2,5,5,3,2,1,1,1,1,2,0,0,1,1,1,2,2,0,11,2,15,10,1,2,4,J,68,0,0,0,0,0,0,0,0,0,0,30,250,0,0,0,1,1,24,-23,-8,31138,998,-37,22,0,1,3,10,1,4,0,995,382.030675676496,12,2
7897,13,83,1-13-2017-083-04,4,2,1G1ZC5E03CF1,17,20,37,2012,4,1,4,0,1,F,1,1551,5,0,1,4,1,64,1,0,0,995,0,0,0,76140,9,1,2,4,5,2,1,1,1,1,3,1,0,0,1,1,1,2,9,0,1,4,62,99,1,1,4,J,69,0,0,0,0,0,0,0,0,0,0,250,10,0,0,0,1,3,9,-9,3,3854,998,74,7,0,4,1,1,0,4,0,995,1961.70184442371,7,2
7899,22,94,1-22-2017-094-09,9,2,1GCGK29R6TE2,17,20,481,1996,34,5,31,0,1,F,1,2083,5,0,1,1,1,56,1,0,0,995,0,0,0,83843,1,2,2,5,5,2,2,1,1,1,1,3,0,0,1,1,1,2,1,0,1,4,62,2,1,1,4,J,69,0,0,0,0,0,0,0,0,0,0,250,30,0,0,0,1,1,13,-13,5,29401,998,52,16,0,1,1,1,0,4,0,995,382.030675676496,12,2
7915,20,103,1-20-2017-103-01,1,1,1HGCG5658XA0,17,37,32,1999,4,1,3,0,1,F,3,1370,5,0,1,1,1,89,1,9,1,0,3,0,1,93905,7,1,0,4,2,1,2,1,2,1,1,4,0,0,2,5,0,0,9,1,14,2,10,99,1,2,3,G,50,0,0,0,0,0,0,0,0,0,0,310,115,0,0,0,1,1,67,-63,23,455442,998,55,84,0,1,3,14,1,1,0,995,88.908471839129,11,2
7915,20,103,1-20-2017-103-01,1,2,1FTZX1727WKB,17,12,481,1998,34,5,31,0,1,F,3,1925,5,0,1,1,1,89,1,0,1,0,2,0,0,95076,9,1,0,4,2,1,2,1,1,1,1,2,0,0,2,5,0,0,1,0,1,4,62,2,1,1,3,G,51,0,0,0,0,0,0,0,0,0,0,115,310,0,0,0,1,1,49,-48,8,29301,998,46,19,0,1,3,14,1,3,0,995,88.908471839129,11,2
7913,20,104,1-20-2017-104-03,3,1,1N6AA06B64N5,17,35,473,2004,34,5,31,0,1,F,1,2387,5,0,1,1,1,0,1,0,0,995,0,0,0,93905,7,1,3,3,1,1,5,1,1,1,0,0,0,0,1,1,0,0,9,0,11,3,55,99,1,1,4,K,82,0,0,0,0,0,0,0,0,0,0,40,190,0,0,0,1,1,17,-16,6,46607,998,75,20,0,1,99,99,0,99,0,995,378.28856838694,11,2
7913,20,104,1-20-2017-104-03,3,2,KM8JU3AG9EU9,17,55,402,2014,14,3,14,0,1,F,2,1505,5,0,1,1,1,89,1,0,0,995,0,0,0,90065,7,1,3,4,2,1,2,1,1,1,1,3,0,0,1,1,0,0,9,0,1,4,72,99,1,1,4,K,83,0,0,0,0,0,0,0,0,0,0,190,40,0,0,0,1,1,25,-24,-4,23955,998,12,19,0,1,99,99,0,99,0,995,378.28856838694,11,2
7914,20,105,1-20-2017-105-05,5,1,1GCHSDFE4B81,17,20,473,2011,34,5,30,0,1,T,3,1702,5,0,2,5,1,89,1,9,1,127,2,9,2,93906,7,1,0,4,2,1,2,1,2,4,0,0,0,0,2,1,0,0,9,1,14,2,12,99,9,4,1,B,6,1,10,2,2,1,3,61,1,1,55,997,997,0,0,0,2,6,999,999,999,9999999,999,999,999,8,0,4,29,1,3,3,997,64.4665998184883,11,2
7909,15,67,1-15-2017-067-02,2,1,5NPE34AF8HH4,17,55,33,2017,4,1,4,0,1,F,2,1475,5,0,1,1,1,24,1,0,0,995,0,0,0,11691,9,9,1,3,1,1,2,1,2,1,1,2,0,0,1,1,5,2,9,1,14,1,8,99,1,2,3,G,50,0,0,0,0,0,0,0,0,0,0,180,30,0,0,0,1,1,33,-32,-6,52561,998,-45,28,0,1,2,4,0,4,0,995,24.2866475873863,1,2
7909,15,67,1-15-2017-067-02,2,2,JN8AZ18W09W1,17,35,49,2009,6,1,4,0,1,F,2,1886,5,0,1,1,1,48,1,0,0,995,0,0,0,11434,9,9,1,4,2,1,2,1,1,1,1,2,0,0,1,1,0,0,9,0,1,4,62,99,1,1,3,G,51,0,0,0,0,0,0,0,0,0,0,30,180,0,0,0,1,1,27,-25,9,108387,998,94,29,0,1,1,1,0,4,0,995,24.2866475873863,1,2
7910,15,68,1-15-2017-068-03,3,1,1C4PJMAK8CW1,17,2,405,2012,14,3,14,0,1,L,2,1872,5,0,1,4,1,48,1,0,0,995,0,0,0,11581,1,2,2,4,2,1,2,1,1,1,0,0,0,0,1,1,0,0,9,0,1,2,17,99,1,1,5,L,89,1,99,2,9,7,1,2,2,1,999,0,90,0,0,0,1,3,39,-7,38,226763,998,114,42,0,4,1,2,0,4,1,995,311.619179971165,1,2
7910,15,68,1-15-2017-068-03,3,2,JN8AT2MV2GW1,17,35,51,2016,6,1,3,0,1,F,3,1610,5,0,1,1,1,48,1,0,0,995,0,0,0,11001,1,2,2,3,3,2,2,1,1,1,0,3,0,0,1,1,0,0,9,0,1,4,66,99,1,1,5,L,88,0,0,0,0,0,0,0,0,0,0,90,0,0,0,0,1,3,45,-44,-8,123024,998,-60,40,0,4,1,1,0,4,0,995,311.619179971165,1,2
7889,25,32,1-25-2017-032-09,9,1,1G2ZH558X641,17,22,22,2006,4,1,4,0,1,F,3,1542,5,0,1,1,1,64,1,0,0,995,0,1,0,04062,1,1,0,4,2,1,2,1,1,1,1,2,0,0,1,1,0,0,3,1,6,2,13,2,2,4,1,C,11,0,0,0,0,0,0,0,0,0,0,340,120,0,0,0,1,1,52,-45,26,237008,998,93,52,0,1,3,10,1,3,0,995,5634.41491830275,2,2
7888,10,39,1-10-2017-039-02,2,1,1G1ZC5E09CF2,17,20,37,2012,4,1,4,0,1,L,1,1551,5,0,1,1,1,80,1,0,0,995,0,0,0,45401,9,9,2,5,5,2,2,1,1,1,3,2,0,0,1,1,0,0,9,1,1,2,10,8,1,2,3,I,64,0,0,0,0,0,0,0,0,0,0,120,260,0,0,0,1,1,15,-14,5,28396,998,-81,17,0,1,9,97,0,8,0,995,46.3428822044919,4,2
7888,10,39,1-10-2017-039-02,2,2,KNADM5A32E63,17,63,32,2014,5,1,2,0,1,F,1,1163,5,0,1,5,1,80,1,0,0,995,0,0,0,45401,9,9,0,5,5,2,2,1,1,1,3,2,0,0,1,1,0,0,9,1,1,4,62,3,1,2,3,I,65,0,0,0,0,0,0,0,0,0,0,260,120,0,0,0,1,1,19,-18,-6,25897,998,-97,17,0,1,9,97,0,8,0,995,46.3428822044919,4,2
7888,10,39,1-10-2017-039-02,2,3,1C3CCBCG4EN1,17,6,18,2014,4,1,3,0,1,R,9,1544,5,9999,9,0,0,80,1,0,0,995,0,0,0,45401,9,9,2,5,5,3,2,1,1,1,4,4,0,0,1,1,2,2,9,0,5,3,54,99,1,1,6,M,98,0,0,0,0,0,0,0,0,0,0,90,320,0,0,0,2,0,999,999,999,9999999,999,999,999,9,0,95,95,95,95,0,995,46.3428822044919,4,2
7917,32,100,1-32-2017-100-06,6,1,1HGCP2F79BA0,17,37,32,2011,4,1,4,0,1,F,3,1523,5,0,1,1,1,105,1,0,1,0,2,0,2,75236,1,1,0,2,5,5,2,1,1,1,3,2,0,0,2,1,0,0,3,1,15,1,8,1,2,4,1,A,2,0,0,0,0,0,0,0,0,0,0,998,998,0,0,0,1,10,999,999,999,9999999,999,999,999,8,0,2,6,0,4,0,998,1559.46989103299,7,2
7882,26,51,1-26-2017-051-07,7,1,1G1ZC5E0XCF1,17,20,37,2012,4,1,4,0,1,F,1,1551,5,0,1,1,1,64,1,0,0,995,0,0,0,95842,9,9,0,2,3,3,2,1,1,1,3,5,0,0,1,1,0,0,9,0,1,3,50,99,1,1,2,D,20,0,0,0,0,0,0,0,0,0,0,340,340,0,0,0,1,3,15,-15,0,13233,998,-18,14,0,1,99,99,0,99,0,995,9163.71036248197,10,2
7882,26,51,1-26-2017-051-07,7,2,5TDZY64AX8S0,17,49,422,2008,15,3,15,0,1,B,1,2581,5,9999,9,0,0,64,1,0,0,995,0,0,0,95823,9,9,0,2,3,3,2,1,1,1,3,5,0,0,1,1,0,0,9,0,5,3,53,99,1,1,2,D,21,0,0,0,0,0,0,0,0,0,0,340,340,0,0,0,1,3,9,9,0,10043,998,0,10,0,4,95,95,95,95,0,995,9163.71036248197,10,2
7918,15,69,1-15-2017-069-02,2,1,3N1AB7APXEL6,17,35,43,2014,4,1,3,0,1,B,9,1293,5,9999,9,0,1,89,1,0,0,995,0,0,0,11575,9,9,0,2,3,2,2,1,3,1,3,3,0,0,1,1,0,0,9,0,14,3,52,99,1,1,2,D,28,0,0,0,0,0,0,0,0,0,0,235,235,0,0,0,0,0,999,999,999,9999999,999,999,999,9,0,1,1,0,4,0,995,24.2866475873863,1,2
7918,15,69,1-15-2017-069-02,2,2,1G4HD57119U1,17,18,23,2009,4,1,5,0,1,B,9,1800,5,9999,9,0,0,89,1,0,0,995,0,0,0,11757,9,9,0,2,3,2,2,1,3,1,3,3,0,0,1,1,0,0,9,0,2,2,18,99,1,1,2,D,29,0,0,0,0,0,0,0,0,0,0,235,235,0,0,0,0,0,999,999,999,9999999,999,999,999,9,0,95,95,95,95,0,995,24.2866475873863,1,2
7918,15,69,1-15-2017-069-02,2,3,1FBZX2CM2FKA,17,12,462,2015,21,4,21,0,1,F,9,2318,5,9999,9,0,0,89,1,0,0,995,0,0,0,07631,9,9,0,2,3,2,2,1,3,1,3,3,0,0,1,1,0,0,9,0,14,3,52,99,1,1,6,M,98,0,0,0,0,0,0,0,0,0,0,235,235,0,0,0,0,0,999,999,999,9999999,999,999,999,9,0,95,95,95,95,0,995,24.2866475873863,1,2
7920,32,101,1-32-2017-101-09,9,1,1D4HR48N33F5,17,7,402,2003,14,3,14,0,1,L,1,2100,5,0,1,2,0,56,1,0,0,995,0,0,0,75211,9,9,2,1,4,4,2,1,1,1,1,0,0,0,1,1,1,2,9,0,11,2,15,1,1,1,4,J,68,0,0,0,0,0,0,0,0,0,0,100,170,0,0,0,2,1,10,3,10,1561,998,-136,3,0,1,95,95,95,95,0,995,4628.57733316537,7,2
7920,32,101,1-32-2017-101-09,9,2,1FMZU32X1XZA,17,12,401,1999,14,3,14,0,1,F,1,1600,5,0,1,1,1,56,1,0,0,995,0,0,0,75211,1,1,2,1,4,2,2,1,1,1,3,3,0,0,1,1,1,2,1,0,1,4,62,2,1,1,4,J,69,0,0,0,0,0,0,0,0,0,0,265,25,0,0,0,1,1,10,-10,2,15466,998,74,14,0,1,1,2,0,3,0,995,4628.57733316537,7,2
7920,32,101,1-32-2017-101-09,9,3,1GKCS13W9121,17,23,401,2001,14,3,14,0,1,F,1,1889,5,0,1,2,0,56,1,0,0,995,0,0,0,75211,9,9,2,4,2,1,2,1,1,1,0,2,0,0,1,1,1,2,9,0,5,8,98,1,1,1,6,M,98,0,0,0,0,0,0,0,0,0,0,170,100,0,0,0,2,1,11,-11,0,23425,998,-2,17,0,4,95,95,95,95,0,995,4628.57733316537,7,2
7895,21,53,1-21-2017-053-03,3,1,JT2BG22K5W01,17,49,40,1998,4,1,3,0,1,F,1,1360,5,9999,9,0,0,56,1,0,0,995,0,0,0,91010,9,9,2,4,5,2,2,1,1,1,3,2,0,0,1,1,1,2,9,0,1,4,60,99,1,1,2,F,45,0,0,0,0,0,0,0,0,0,0,240,220,0,0,0,1,3,12,-11,-2,5818,998,-35,10,0,4,95,95,95,95,0,995,345.739300358192,11,2
7895,21,53,1-21-2017-053-03,3,2,5YFBURHEXFP2,17,49,32,2015,4,1,3,0,1,L,1,1265,5,0,1,1,1,56,1,0,0,995,0,0,0,92404,9,1,2,4,5,2,2,1,1,1,3,2,0,0,1,1,1,2,1,1,15,2,10,1,1,2,2,F,47,0,0,0,0,0,0,0,0,0,0,220,240,0,0,0,1,3,12,10,6,10432,998,52,13,0,4,0,0,0,0,0,995,345.739300358192,11,2
7929,24,96,1-24-2017-096-03,3,1,4T1CA30P36U0,17,49,44,2006,2,1,3,0,1,F,1,1550,5,0,1,1,1,40,1,0,0,995,0,0,0,08401,1,2,2,4,2,1,2,1,1,1,0,2,0,0,1,1,2,2,2,0,1,2,17,1,1,1,5,L,88,0,0,0,0,0,0,0,0,0,0,335,250,0,0,0,1,1,14,-9,-11,31663,998,-180,14,0,1,99,99,0,0,0,995,286.298646550666,1,2
7929,24,96,1-24-2017-096-03,3,2,2GNFLDE31D61,17,20,404,2013,14,3,14,0,1,L,1,1778,5,0,1,1,1,40,1,0,0,995,0,0,0,19008,1,2,2,4,2,1,2,1,1,1,2,2,0,0,1,1,0,0,1,0,1,4,66,1,1,1,5,L,89,0,0,0,0,0,0,0,0,0,0,250,335,0,0,0,1,1,12,-8,10,16500,998,-110,12,0,1,0,0,0,0,0,995,286.298646550666,1,2
7928,24,95,1-24-2017-095-06,6,1,1G1ZB5E00CF1,17,20,37,2012,4,1,4,0,1,B,2,1551,5,0,1,1,1,80,1,0,0,995,0,0,0,08330,9,9,0,4,2,1,2,1,1,1,1,2,1,1,1,1,0,0,9,0,1,3,53,1,1,2,2,D,27,0,0,0,0,0,0,0,0,0,0,100,100,0,0,0,1,3,38,38,0,74064,998,47,33,0,4,1,1,0,4,0,995,555.277496718717,1,2
7928,24,95,1-24-2017-095-06,6,2,3C4FY48B53T6,17,6,52,2003,6,1,2,0,1,F,3,1411,5,0,1,5,1,80,1,0,0,995,0,0,0,08360,1,2,2,4,2,1,2,1,1,1,1,2,1,1,1,1,0,0,3,0,1,3,51,1,1,1,2,D,24,0,0,0,0,0,0,0,0,0,0,100,100,0,0,0,1,3,41,-41,0,123740,998,0,46,0,4,0,0,0,5,0,995,555.277496718717,1,2
7930,24,97,1-24-2017-097-07,7,1,JL6CPK1S94K0,17,52,898,2004,78,8,78,0,1,L,9,,,,,,0,0,1,0,0,995,0,0,0,08215,9,9,3,4,2,1,2,1,1,1,0,0,0,0,1,1,0,0,1,0,11,3,54,2,1,1,4,K,82,,,,,,,,,,,,,,,,,,,,,,,,,,,95,95,95,95,,,1038.48815324599,1,2
7930,24,97,1-24-2017-097-07,7,2,2C3CA6CT8BH5,17,6,51,2011,4,1,5,0,1,F,9,1937,5,0,1,1,1,80,1,0,0,995,0,0,0,08690,1,2,3,3,2,1,2,1,1,1,1,2,0,0,1,1,0,0,1,0,1,4,72,2,1,1,4,K,83,0,0,0,0,0,0,0,0,0,0,185,90,0,0,0,1,5,999,999,999,9999999,999,999,13,0,0,0,0,0,0,0,995,1038.48815324599,1,2
7935,32,104,1-32-2017-104-02,2,1,JTDKDTB35F11,17,49,46,2015,5,1,2,0,1,R,2,1132,5,0,1,1,1,64,1,0,1,0,2,0,1,73099,1,2,2,1,4,4,2,1,3,1,1,0,0,0,1,8,1,2,1,0,11,2,15,1,1,1,4,J,68,0,0,0,0,0,0,0,0,0,0,275,150,0,0,0,1,1,34,-22,-26,60892,998,91,28,0,1,3,17,1,3,0,995,51.1942379043826,7,2