CASEID,PSU,CASENO,CASENUMBER,CATEGORY,VEHNO,VIN,VINLENGTH,MAKE,MODEL,MODELYR,BODYTYPE,BODYCAT,VEHCLASS,SPECUSE,TRANSTAT,DAMPLANE,DAMSEV,CURBWT,CURBSRC,CARGOWT,CARGOSRC,INSPTYPE,TOWSTAT,SPEEDLIMIT,DRPRESENT,PARALCOHOL,ALCTEST,ALCTESTRESULT,ALCTESTSRC,PARDRUG,DRUGTEST,ZIP,RACE,ETHNICITY,RELTOJUNCT,TRAFFLOW,RDLANES,INITLANE,SURFTYPE,SURFCOND,ALIGNMENT,PROFILE,LINERIGHT,LINELEFT,RUMBINIT,RUMBROAD,LIGHTCOND,WEATHER,TRAFDEV,TRAFFUNCT,DISTRACT,PREFHE,PREMOVE,CRITCAT,CRITEVENT,MANEUVER,PRESTAB,PRELOC,CRASHCAT,CRASHCONF,CRASHTYPE,ROLLTYPE,ROLLTURN,ROLLINTRPT,ROLLPREMAN,ROLLINITYP,ROLLINLOC,ROLLOBJ,ROLLTRIP,ROLLDIR,ROLLDIST,DVANGTHIS,DVANGOTH,TOWHITCH,TRAJDOC,TREEPOLE,DVEVENT,DVBASIS,DVTOTAL,DVLONG,DVLAT,DVENERGY,DVSPEED,DVMOMENT,DVBES,DVEST,DVCONF,VAIS,VISS,VINJURED,VTREAT,INITOBJCLASS,HEADANGLECAT,CASEWGT,PSUSTRAT,VERSION
8179,15,81,1-15-2017-081-02,2,1,1HGCR2F7XHA0,17,37,32,2017,4,1,4,0,1,L,1,1496,5,0,1,1,1,48,1,0,0,995,0,0,0,11355,1,2,2,4,2,1,2,1,1,1,0,2,0,0,1,1,2,2,1,0,11,2,15,4,1,1,4,K,82,0,0,0,0,0,0,0,0,0,0,355,100,0,0,0,1,1,18,-6,17,3029,998,93,6,0,4,1,1,0,4,0,995,11.5367659147207,1,2
8179,15,81,1-15-2017-081-02,2,2,3N1AB51D15L5,17,35,43,2005,4,1,1,0,1,F,1,1230,5,0,1,1,1,80,1,0,0,995,0,0,0,11756,1,2,2,2,3,3,2,1,1,1,3,2,0,0,1,1,0,0,1,0,1,4,67,1,1,1,4,K,83,0,0,0,0,0,0,0,0,0,0,100,355,0,0,0,1,1,22,-22,-4,48553,998,-9,31,0,4,0,0,0,0,0,995,11.5367659147207,1,2
8185,23,99,1-23-2017-099-06,6,1,1FAFP53U0XA3,17,12,17,1999,4,1,3,0,1,F,1,1509,5,0,1,1,1,89,1,0,0,995,0,0,0,43344,1,2,2,4,2,1,2,1,1,1,1,2,0,0,1,1,0,0,1,0,1,4,66,2,1,1,5,L,86,0,0,0,0,0,0,0,0,0,0,260,0,0,0,0,1,3,16,-15,3,12924,998,50,14,0,4,0,0,0,5,0,995,271.675002109568,5,2
8185,23,99,1-23-2017-099-06,6,2,1G1AL58F0872,17,20,22,2008,4,1,2,0,1,R,1,1261,5,9999,9,0,1,89,1,0,0,995,0,0,0,43344,9,9,2,4,2,1,2,1,1,1,0,2,0,0,1,1,2,2,9,0,4,2,17,99,1,1,5,L,87,0,0,0,0,0,0,0,0,0,0,0,260,0,0,0,1,3,19,-6,-18,23174,998,44,20,0,4,9,97,0,99,0,995,271.675002109568,5,2
8186,23,100,1-23-2017-100-03,3,1,1GCRKSE31BZ4,17,20,481,2011,34,5,31,0,1,B,1,2397,5,0,1,2,0,72,1,0,0,995,0,0,0,43334,9,9,0,1,2,2,2,1,1,1,1,2,0,0,4,8,0,0,9,0,1,3,52,99,1,1,6,M,98,0,0,0,0,0,0,0,0,0,0,190,190,0,0,0,2,12,999,999,999,9999999,999,999,999,1,0,95,95,95,95,0,995,140.074441818925,5,2
8186,23,100,1-23-2017-100-03,3,2,WBABW33444PL,17,34,34,2004,1,1,3,0,1,B,1,1615,5,9999,9,0,1,72,1,0,0,995,0,0,0,43035,9,9,0,1,2,2,2,1,1,1,1,2,0,0,4,8,0,0,9,0,1,3,53,99,1,1,2,D,29,0,0,0,0,0,0,0,0,0,0,190,190,0,0,0,1,3,19,19,0,38236,998,0,25,0,4,0,0,0,4,0,995,140.074441818925,5,2
8186,23,100,1-23-2017-100-03,3,3,1FADP3F27DL2,17,12,37,2013,4,1,3,0,1,F,1,1340,5,0,1,1,1,72,1,0,0,995,0,0,0,43021,1,2,0,1,2,2,2,1,1,1,1,2,0,0,4,8,0,0,1,0,1,3,52,2,1,1,2,D,28,0,0,0,0,0,0,0,0,0,0,190,190,0,0,0,1,3,23,-23,0,11847,998,0,15,0,4,1,1,0,0,0,995,140.074441818925,5,2
8187,23,101,1-23-2017-101-03,3,1,1J4GZ58S5VC6,17,2,404,1997,14,3,14,0,1,F,9,1639,5,9999,9,0,0,56,1,0,0,995,0,0,0,43015,9,9,2,4,2,1,2,1,1,1,0,2,0,0,1,1,0,0,9,0,1,3,50,99,1,1,2,D,20,0,0,0,0,0,0,0,0,0,0,280,270,0,0,0,0,0,999,999,999,9999999,999,999,999,9,0,95,95,95,95,0,995,140.074441818925,5,2
8187,23,101,1-23-2017-101-03,3,2,1G1PC5SB0F72,17,20,25,2015,4,1,3,0,1,B,1,1399,5,0,1,1,1,56,1,0,0,995,0,0,0,43015,9,9,2,4,2,1,2,1,1,1,0,2,0,0,1,1,0,0,9,0,5,3,53,99,1,1,2,D,21,0,0,0,0,0,0,0,0,0,0,270,280,0,0,0,1,3,20,20,3,23835,998,-85,18,0,4,99,99,0,99,0,995,140.074441818925,5,2
8190,24,109,1-24-2017-109-08,8,1,1HGEJ814XVL0,17,37,31,1997,2,1,2,0,1,R,3,1064,5,0,1,1,1,80,1,1,1,208,2,7,2,08330,1,2,1,2,2,1,2,1,2,1,1,3,0,0,3,1,0,0,3,1,14,2,13,1,4,4,1,A,2,0,0,0,0,0,0,0,0,0,0,998,998,0,1,1,1,11,999,999,999,9999999,999,999,999,8,0,3,14,1,3,0,998,207.638815842784,1,2
8195,32,117,1-32-2017-117-04,4,1,5NPEB4AC5EH9,17,55,33,2014,4,1,4,0,1,F,1,1475,5,0,1,5,1,48,1,0,0,995,0,0,0,75204,1,1,2,3,3,1,1,1,1,1,0,3,0,0,2,1,1,2,1,0,1,2,17,2,1,1,5,L,88,0,0,0,0,0,0,0,0,0,0,355,245,0,0,0,1,1,16,-14,-8,23527,998,-80,17,0,1,1,1,0,0,0,995,3507.53704810263,7,2
8192,24,111,1-24-2017-111-04,4,1,JN8AZ1MW9EW5,17,35,49,2014,6,1,4,0,1,F,1,1826,5,0,1,3,0,40,1,0,0,995,0,0,0,08234,9,9,2,4,3,2,2,1,1,1,1,2,0,0,1,1,1,2,1,0,5,4,62,1,1,1,4,K,83,0,0,0,0,0,0,0,0,0,0,150,10,0,0,0,1,3,11,-10,-6,13528,998,-109,11,0,4,95,95,95,95,0,995,1077.33907327286,1,2
8192,24,111,1-24-2017-111-04,4,2,5NPE24AF6FH1,17,55,33,2015,4,1,4,0,1,F,1,1475,5,0,1,1,1,40,1,0,0,995,0,0,0,08234,1,2,2,4,3,2,2,1,1,1,1,2,0,0,1,1,1,2,1,1,11,2,10,1,1,2,4,K,82,0,0,0,0,0,0,0,0,0,0,10,150,0,0,0,1,3,14,-14,2,13796,998,-39,15,0,4,0,0,0,0,0,995,1077.33907327286,1,2
8193,12,55,1-12-2017-055-05,5,1,2CTALMEC1B62,17,23,402,2011,14,3,14,0,1,L,1,1748,5,0,1,1,1,89,1,0,0,995,0,0,0,73443,9,9,2,1,3,2,2,1,1,2,1,1,0,0,3,1,1,2,9,0,1,4,62,1,1,4,4,J,69,1,8,1,5,7,1,2,2,1,38,70,175,0,0,0,1,1,17,-14,8,54196,998,-65,25,0,1,9,97,0,8,1,995,385.571331323969,9,2
8193,12,55,1-12-2017-055-05,5,2,JTEBU11F08K0,17,49,404,2008,14,3,14,0,1,F,1,1948,5,0,1,1,1,89,1,0,0,995,0,0,0,73401,1,2,2,1,3,3,2,1,1,4,1,2,0,0,3,1,1,2,1,0,11,2,15,1,1,1,4,J,68,0,0,0,0,0,0,0,0,0,0,175,70,0,0,0,1,1,15,-9,-11,11652,998,-162,8,0,1,0,0,0,0,0,995,385.571331323969,9,2
8197,27,24,1-27-2017-024-07,7,1,5TDBK3EH7CS1,17,49,403,2012,14,3,14,0,1,F,1,1745,5,0,1,1,1,56,1,8,0,995,0,7,0,01225,1,2,0,4,2,1,2,1,1,1,1,2,0,0,1,1,0,0,9,1,1,2,11,4,1,4,1,C,11,0,0,0,0,0,0,0,0,0,0,180,180,0,0,0,1,3,8,-8,0,6419,998,0,9,0,4,1,1,0,0,0,995,503.053117681042,3,2
8195,32,117,1-32-2017-117-04,4,2,1FMCU0G94DUA,17,12,402,2013,14,3,14,0,1,L,1,1588,5,0,1,1,1,48,1,1,2,996,1,0,0,75050,1,1,2,1,2,2,1,1,1,1,3,1,0,0,2,1,0,0,9,0,1,4,66,99,1,1,5,L,89,0,0,0,0,0,0,0,0,0,0,245,355,0,0,0,1,1,16,-12,10,13811,998,29,14,0,1,0,0,0,0,0,995,3507.53704810263,7,2
8194,12,56,1-12-2017-056-04,4,1,2C3CCAKGXEH2,17,6,51,2014,4,1,5,0,1,F,1,2047,5,0,1,1,1,113,1,0,0,995,0,0,0,66846,1,2,0,2,2,2,2,2,1,1,3,2,1,3,1,2,0,0,1,1,1,1,5,2,2,4,1,B,7,0,0,0,0,0,0,0,0,0,0,998,998,0,0,0,1,10,999,999,999,9999999,999,999,15,2,0,0,0,0,0,0,998,6880.05579409105,9,2
8196,32,118,1-32-2017-118-03,3,1,5TDKZRFH9HS2,17,49,403,2017,14,3,14,0,1,F,1,1965,5,0,1,1,1,56,1,0,0,995,0,0,0,75214,1,2,2,4,2,1,2,1,1,2,1,2,0,0,3,1,2,2,3,0,11,2,15,1,1,1,4,K,82,0,0,0,0,0,0,0,0,0,0,55,170,0,0,0,1,1,13,-12,4,24262,998,76,16,0,1,1,1,0,3,0,995,1013.05107228539,7,2
8198,16,71,1-16-2017-071-06,6,1,1FBJS31H0RHB,17,12,461,1994,21,4,21,0,1,F,1,2586,5,9999,9,0,1,80,1,0,0,995,0,0,0,45030,9,9,1,2,2,1,2,1,1,4,1,3,2,2,3,1,0,0,9,0,1,3,50,99,1,1,2,D,20,0,0,0,0,0,0,0,0,0,0,315,315,0,0,0,1,3,24,-24,0,57656,998,0,24,0,4,0,0,0,0,0,995,2078.07642744592,5,2
8198,16,71,1-16-2017-071-06,6,2,4T1BK1FK8CU5,17,49,40,2012,4,1,3,0,1,B,2,1523,5,0,1,1,1,80,1,0,0,995,0,0,0,45215,1,2,1,2,2,1,2,1,1,4,1,3,2,2,3,1,0,0,1,0,5,3,53,1,1,1,2,D,21,0,0,0,0,0,0,0,0,0,0,315,315,0,0,0,1,3,39,39,0,94597,998,0,39,0,4,1,1,0,4,0,995,2078.07642744592,5,2
8198,16,71,1-16-2017-071-06,6,3,5NPEB4AC5CH4,17,55,33,2012,4,1,4,0,1,B,2,1454,5,9999,9,0,0,80,1,0,0,995,0,0,0,45011,9,9,1,2,2,1,2,1,1,4,1,3,2,2,3,1,0,0,9,0,5,3,53,1,1,1,6,M,98,0,0,0,0,0,0,0,0,0,0,315,315,0,0,0,2,3,26,26,0,46567,998,0,28,0,4,95,95,95,95,0,995,2078.07642744592,5,2
8196,32,118,1-32-2017-118-03,3,2,1HGCD5533VA2,17,37,32,1997,4,1,3,0,1,F,1,1295,5,0,1,1,1,56,1,0,0,995,0,0,0,75088,1,2,2,1,2,2,2,1,1,1,3,0,0,0,3,1,0,0,1,0,1,4,67,7,1,1,4,K,83,0,0,0,0,0,0,0,0,0,0,170,55,0,0,0,1,1,19,-14,-12,27697,998,-139,16,0,1,1,1,0,0,0,995,1013.05107228539,7,2
8199,25,37,1-25-2017-037-03,3,1,1G4PP5SK3F41,17,18,25,2015,4,1,3,0,1,F,2,1497,5,0,1,1,1,80,1,0,1,0,2,0,1,04041,1,2,0,4,2,1,2,1,2,1,1,2,0,0,1,1,6,2,1,1,14,2,12,1,1,4,1,B,6,0,0,0,0,0,0,0,0,0,0,998,998,0,1,7,10,10,999,999,999,9999999,999,999,36,3,0,2,5,0,3,0,998,200.659661556227,2,2
8188,11,47,1-11-2017-047-02,2,1,1GDHG31R2212,17,23,988,2002,50,7,50,2,1,F,9,,,,,,1,89,1,0,0,995,0,0,0,23836,9,9,2,1,4,2,2,1,1,1,1,1,0,0,1,1,1,2,9,0,1,4,66,99,1,1,5,L,88,,,,,,,,,,,,,,,,,,,,,,,,,,,95,95,95,95,,,119.397627159927,8,2
8188,11,47,1-11-2017-047-02,2,2,5N1AR2MN9GC6,17,35,401,2016,14,3,14,0,1,L,1,2119,5,0,1,1,1,89,1,0,0,995,0,0,0,23836,9,9,2,4,5,2,2,1,2,1,1,1,0,0,1,1,1,2,1,0,1,2,17,99,1,1,5,L,89,1,3,2,5,7,1,1,2,1,20,220,335,0,0,0,1,5,999,999,999,9999999,999,999,999,6,0,1,2,0,4,1,995,119.397627159927,8,2
8200,25,38,1-25-2017-038-03,3,1,19XFB2F55FE2,17,37,31,2015,4,1,3,0,1,F,9,1258,5,9999,9,0,1,48,1,8,0,995,0,7,0,04084,9,9,2,1,2,1,2,1,1,1,0,1,0,0,1,1,1,2,9,0,1,2,17,99,1,1,5,L,88,0,0,0,0,0,0,0,0,0,0,170,80,0,0,0,0,0,999,999,999,9999999,999,999,999,9,0,9,97,0,0,0,995,200.659661556227,2,2
8200,25,38,1-25-2017-038-03,3,2,WVWPD63B14P3,17,30,46,2004,4,1,3,0,1,L,9,1463,5,9999,9,0,1,48,1,8,0,995,0,7,0,04101,9,9,2,1,4,3,2,1,1,1,1,1,0,0,1,1,1,2,9,0,1,2,17,99,1,1,5,L,89,0,0,0,0,0,0,0,0,0,0,80,170,0,0,0,0,0,999,999,999,9999999,999,999,999,9,0,0,0,0,0,0,995,200.659661556227,2,2
8209,17,75,1-17-2017-075-07,7,1,2FMZA51694BB,17,12,443,2004,20,4,20,0,1,F,9,1939,5,9999,9,0,1,56,1,9,0,995,0,9,0,61244,1,2,0,4,2,1,2,1,1,1,0,2,0,0,1,1,0,0,3,0,1,3,50,7,1,2,2,D,20,0,0,0,0,0,0,0,0,0,0,350,0,0,0,0,0,0,999,999,999,9999999,999,999,999,9,0,0,0,0,0,0,995,804.807880897469,4,2
8209,17,75,1-17-2017-075-07,7,2,1G1AT58HX972,17,20,22,2009,4,1,2,0,1,B,2,1261,5,0,1,1,1,56,1,9,0,995,0,9,0,61244,1,2,0,4,2,1,2,1,1,1,0,2,0,0,1,1,0,0,1,0,5,3,53,1,1,1,2,D,21,0,0,0,0,0,0,0,0,0,0,0,350,0,0,0,1,8,999,999,999,9999999,999,999,999,7,0,0,0,0,0,0,995,804.807880897469,4,2
8209,17,75,1-17-2017-075-07,7,3,4T4BE46K39R0,17,49,40,2009,4,1,4,0,1,B,1,1500,5,0,1,2,0,56,1,9,0,995,0,9,0,61201,9,9,0,4,2,1,2,1,1,1,0,2,0,0,1,1,0,0,1,0,5,3,53,1,1,1,6,M,98,0,0,0,0,0,0,0,0,0,0,0,0,0,0,0,2,1,10,10,0,5542,998,-10,9,0,1,95,95,95,95,0,995,804.807880897469,4,2
8201,11,49,1-11-2017-049-03,3,1,1G11C5SLXEF1,17,20,37,2014,4,1,3,0,1,F,1,1620,5,9999,9,4,1,97,1,0,0,995,0,0,0,23860,9,9,0,2,3,1,2,2,1,1,1,3,0,0,1,2,0,0,1,0,1,3,52,7,1,3,2,D,28,0,0,0,0,0,0,0,0,0,0,355,5,0,0,0,1,12,999,999,999,9999999,999,999,999,1,0,0,0,0,0,0,995,718.146443658929,8,2
8201,11,49,1-11-2017-049-03,3,2,1VWBP7A36DC1,17,30,46,2013,4,1,4,0,1,B,1,1436,5,9999,9,4,1,97,1,0,0,995,0,0,0,23803,9,9,0,2,3,1,2,2,1,1,1,3,0,0,1,2,0,0,1,0,2,3,53,1,1,1,2,D,29,0,0,0,0,0,0,0,0,0,0,5,355,0,0,0,1,12,999,999,999,9999999,999,999,999,1,0,0,0,0,0,0,995,718.146443658929,8,2
8205,19,110,1-19-2017-110-02,2,1,1G8ZY12701Z2,17,24,2,2001,17,1,2,0,1,B,1,1081,5,0,1,1,1,113,1,0,0,995,0,0,0,35953,2,2,0,3,2,2,2,1,1,1,3,2,0,0,1,8,0,0,9,0,2,4,61,99,1,1,2,D,29,0,0,0,0,0,0,0,0,0,0,125,125,0,0,0,1,1,18,18,0,13516,998,0,18,0,1,1,1,0,4,0,995,102.089013427492,9,2
8205,19,110,1-19-2017-110-02,2,2,2G1WB5EN7A12,17,20,2,2010,4,1,4,0,1,B,1,1613,5,0,1,1,1,113,1,0,0,995,0,0,0,35972,1,2,0,3,2,1,2,1,1,1,1,3,0,0,1,8,0,0,1,0,1,3,52,2,1,2,6,M,98,0,0,0,0,0,0,0,0,0,0,125,125,0,0,0,4,3,11,11,0,8117,998,0,11,0,1,1,2,0,6,0,995,102.089013427492,9,2
8205,19,110,1-19-2017-110-02,2,3,KMHCT4AE3DU4,17,55,36,2013,4,1,2,0,1,B,1,1155,5,0,1,1,1,113,1,0,0,995,0,0,0,35954,1,2,0,3,2,2,2,1,1,1,3,2,0,0,1,8,0,0,1,0,1,3,52,3,1,1,2,D,28,0,0,0,0,0,0,0,0,0,0,125,125,0,0,0,3,3,22,22,0,19353,998,13,21,0,1,1,2,0,4,0,995,102.089013427492,9,2
8205,19,110,1-19-2017-110-02,2,4,2GNALDEK6C63,17,20,404,2012,14,3,14,0,1,F,1,1706,5,0,1,1,1,113,1,0,0,995,0,0,0,35962,1,2,0,3,2,2,2,1,1,1,3,2,0,0,1,8,0,0,9,0,1,3,52,99,1,1,6,M,98,0,0,0,0,0,0,0,0,0,0,125,125,0,0,0,3,3,15,-15,0,16854,998,0,16,0,4,0,0,0,4,0,995,102.089013427492,9,2
8208,17,74,1-17-2017-074-09,9,1,2GCEK19T7311,17,20,481,2003,34,5,31,0,1,F,9,2151,5,0,1,1,1,48,1,0,0,995,0,0,0,61262,1,2,2,4,2,1,2,1,1,1,0,0,0,0,1,1,2,2,3,0,1,2,17,2,1,1,5,L,86,0,0,0,0,0,0,0,0,0,0,180,270,0,0,0,1,5,999,999,999,9999999,999,999,10,0,0,1,1,0,4,0,995,1277.91476599499,4,2
8216,14,56,1-14-2017-056-03,3,1,1GTEK19R3WR5,17,23,481,1998,34,5,31,0,1,F,1,2212,5,9999,9,0,0,64,1,0,0,995,0,0,0,78155,9,9,2,3,1,1,2,1,1,1,0,0,0,0,1,1,2,2,2,0,1,2,17,99,1,1,5,L,86,0,0,0,0,0,0,0,0,0,0,330,70,0,0,0,1,3,10,-10,2,13375,998,42,12,0,4,95,95,95,95,0,995,858.378965191769,8,2
8212,21,59,1-21-2017-059-06,6,1,WAUCFAFR0AA0,17,32,49,2010,2,1,3,0,1,F,2,1525,5,0,1,1,1,64,1,0,0,995,0,0,0,92399,1,9,2,4,4,2,2,1,1,1,3,2,0,0,1,8,0,0,9,1,11,2,15,99,1,1,4,J,68,0,0,0,0,0,0,0,0,0,0,185,70,0,0,0,1,3,31,-20,-24,97143,998,-158,26,0,4,0,0,0,0,0,995,302.311493328818,11,2
8216,14,56,1-14-2017-056-03,3,2,KMHD35LE8DU0,17,55,35,2013,5,1,2,0,1,R,1,1295,5,0,1,1,1,64,1,0,0,995,0,0,0,78154,1,9,2,4,2,1,2,1,1,1,0,2,0,0,1,1,0,0,9,0,1,4,66,99,1,1,5,L,87,0,0,0,0,0,0,0,0,0,0,70,330,0,0,0,1,3,15,-5,-14,20184,998,123,14,0,4,1,3,0,4,0,995,858.378965191769,8,2
8210,18,55,1-18-2017-055-07,7,1,2CNALDEC4B63,17,20,404,2011,14,3,14,0,1,F,2,1706,5,0,1,1,1,89,1,0,0,995,0,0,0,54755,9,9,0,4,2,1,2,1,1,1,1,4,0,0,2,8,0,0,9,1,1,2,12,99,9,4,1,B,6,0,0,0,0,0,0,0,0,0,0,998,998,0,1,2,2,10,999,999,999,9999999,999,999,27,3,0,0,0,0,0,0,998,1178.91146170421,6,2
8219,22,105,1-22-2017-105-02,2,1,1GNUKKE31AR1,17,20,422,2010,15,3,15,0,1,F,2,2647,5,0,1,1,1,97,1,0,1,0,2,7,0,99111,1,2,0,4,3,2,2,3,2,1,3,2,1,0,1,4,0,0,1,1,14,1,6,4,2,2,3,G,50,0,0,0,0,0,0,0,0,0,0,160,350,0,0,0,1,1,32,-32,6,116105,998,6,33,0,1,2,9,0,3,0,995,54.2430997083732,12,2
8211,18,56,1-18-2017-056-04,4,1,1C3CCCAB6FN5,17,6,18,2015,4,1,3,0,1,R,1,1575,5,0,1,1,1,72,1,0,0,995,0,0,0,54730,1,2,2,1,4,4,2,2,1,1,0,0,0,0,3,2,1,2,3,0,11,2,15,9,1,1,4,J,68,0,0,0,0,0,0,0,0,0,0,25,280,0,0,0,1,3,5,-3,-4,3900,998,212,4,0,4,0,0,0,0,0,995,1072.23628325102,6,2
8191,24,110,1-24-2017-110-03,3,1,2HNYD2H35CH5,17,54,421,2012,15,3,15,0,1,F,1,2064,5,0,1,1,1,56,1,0,0,995,0,0,0,08221,1,2,2,4,2,1,2,2,1,2,1,2,0,0,1,2,2,2,1,0,4,4,66,1,1,1,5,L,88,0,0,0,0,0,0,0,0,0,0,295,200,0,0,0,1,1,11,-8,-7,24564,998,-115,14,0,1,0,0,0,0,0,995,251.491378004763,1,2
8191,24,110,1-24-2017-110-03,3,2,1C4PJMCB1EW2,17,2,404,2014,14,3,14,0,1,L,1,1862,5,0,1,1,1,56,1,0,0,995,0,0,0,08234,1,2,2,4,2,1,2,2,1,1,1,2,0,0,1,2,0,0,1,0,1,2,17,1,1,1,5,L,89,0,0,0,0,0,0,0,0,0,0,200,295,0,0,0,1,1,12,-7,9,6390,998,-111,7,0,1,1,3,0,4,0,995,251.491378004763,1,2
8220,22,106,1-22-2017-106-09,9,1,2MEFM74W55X6,17,14,6,2005,4,1,5,0,1,T,2,1838,5,0,1,1,1,97,1,0,0,995,0,7,0,98021,1,2,0,4,2,1,2,5,3,2,1,2,1,1,1,8,0,0,1,1,14,2,11,1,2,4,1,A,1,1,2,2,2,1,4,61,1,1,999,997,997,0,0,0,1,6,999,999,999,9999999,999,999,999,7,0,3,22,1,3,3,997,1949.08373954124,12,2
8217,14,57,1-14-2017-057-04,4,1,1FT8W3DT1HED,17,12,481,2017,34,5,31,99,1,F,9,3036,5,9999,9,0,0,72,1,0,0,995,0,0,0,78133,9,9,2,4,5,2,2,1,1,4,1,1,0,0,1,1,1,9,9,0,1,3,55,99,1,1,5,L,88,0,0,0,0,0,0,0,0,0,0,270,210,1,0,0,0,0,999,999,999,9999999,999,999,999,9,0,95,95,95,95,0,995,3346.3701183881,8,2
8211,18,56,1-18-2017-056-04,4,2,2G1FP22PXS21,17,20,9,1995,2,1,2,0,1,F,1,1556,5,9999,9,0,0,72,1,0,0,995,0,0,0,54751,9,9,2,1,3,3,2,2,1,1,3,0,0,0,3,2,1,2,9,0,1,4,62,99,1,1,4,J,69,0,0,0,0,0,0,0,0,0,0,280,25,0,0,0,1,3,5,-5,2,2569,998,78,6,0,4,95,95,95,95,0,995,1072.23628325102,6,2
8217,14,57,1-14-2017-057-04,4,2,1FTEX1CM5EFA,17,12,481,2014,34,5,31,0,1,L,9,2360,5,9999,9,3,1,72,1,0,0,995,0,0,0,78133,1,9,2,4,5,2,2,2,1,4,1,1,0,0,1,1,1,9,9,0,1,3,55,99,1,1,5,L,89,0,0,0,0,0,0,0,0,0,0,210,270,0,0,0,1,12,999,999,999,9999999,999,999,999,9,0,0,0,0,0,0,995,3346.3701183881,8,2
8219,22,105,1-22-2017-105-02,2,2,4S3BNAN67F30,17,48,34,2015,4,1,3,0,1,F,3,1543,5,0,1,1,1,97,1,0,1,0,2,7,1,99163,1,2,0,4,3,1,2,3,3,1,1,2,1,0,1,4,0,0,9,0,14,4,62,1,1,1,3,G,51,0,0,0,0,0,0,0,0,0,0,350,160,0,0,0,1,1,54,-51,18,183247,998,29,53,0,1,4,26,1,3,0,995,54.2430997083732,12,2
8212,21,59,1-21-2017-059-06,6,2,1G1ZC5E03CF1,17,20,37,2012,4,1,4,0,1,F,2,1551,5,0,1,1,1,64,1,0,0,995,0,0,0,92376,9,1,2,4,4,1,2,1,1,1,0,3,0,0,1,8,0,0,1,0,1,4,62,1,1,1,4,J,69,0,0,0,0,0,0,0,0,0,0,70,185,0,0,0,1,3,31,-30,5,101102,998,38,39,0,4,1,2,0,4,0,995,302.311493328818,11,2
8221,33,98,1-33-2017-098-08,8,1,JTKDE1771702,17,49,50,2007,3,1,3,0,1,L,9,1377,5,9999,9,0,1,89,1,1,1,90,2,0,2,95965,1,2,0,4,2,1,2,1,3,4,1,2,0,0,1,8,0,0,9,1,14,1,6,7,3,4,1,B,7,0,0,0,0,0,0,0,0,0,0,998,998,0,0,0,0,0,999,999,999,9999999,999,999,999,9,0,2,5,0,3,0,998,141.422186652066,12,2
8215,13,99,1-13-2017-099-03,3,1,KMHD04LB3HU3,17,55,35,2017,4,1,3,0,1,F,2,1275,5,0,1,1,1,48,1,0,0,995,0,0,0,76034,1,9,0,4,2,1,1,1,3,1,0,2,0,0,1,1,0,0,9,1,14,2,13,99,1,4,1,A,1,0,0,0,0,0,0,0,0,0,0,998,998,0,0,0,2,1,38,-38,0,76005,998,2,38,0,4,99,99,0,0,0,998,615.701319779576,7,2
8214,13,98,1-13-2017-098-03,3,1,4T1BF1FK0EU4,17,49,40,2014,4,1,3,0,1,F,1,1441,5,0,1,1,1,56,1,1,1,213,2,0,1,76002,1,1,0,4,2,1,1,1,1,1,0,0,0,0,2,1,0,0,9,1,1,2,13,99,1,4,1,C,11,0,0,0,0,0,0,0,0,0,0,270,90,0,0,0,1,3,12,-12,0,8465,998,52,11,0,4,1,2,0,3,0,995,615.701319778547,7,2
8225,15,84,1-15-2017-084-07,7,1,5NPDH4AE6CH1,17,55,35,2012,4,1,3,0,1,F,9,1265,5,9999,9,0,1,48,1,0,0,995,0,0,0,08820,9,9,2,1,3,3,2,1,1,1,1,2,0,0,3,8,1,2,9,0,11,2,15,99,1,1,4,J,68,0,0,0,0,0,0,0,0,0,0,330,180,0,0,0,0,0,999,999,999,9999999,999,999,999,9,0,0,0,0,0,0,995,1639.92927469392,1,2
8225,15,84,1-15-2017-084-07,7,2,4T1BF3EK4BU1,17,49,40,2011,4,1,4,0,1,9,9,1500,5,9999,9,0,0,48,1,0,0,995,0,0,0,11434,9,9,2,1,3,2,2,1,1,1,1,1,0,0,3,8,1,2,9,0,1,2,17,99,1,1,4,J,69,0,0,0,0,0,0,0,0,0,0,180,330,0,0,0,0,0,999,999,999,9999999,999,999,999,9,0,95,95,95,95,0,995,1639.92927469392,1,2
8222,33,99,1-33-2017-099-06,6,1,1C4AJWAG8CL1,17,2,403,2012,14,3,14,0,1,R,2,1759,5,0,1,1,1,72,1,0,1,185,2,0,1,95834,1,2,0,4,2,1,2,1,3,1,1,2,0,0,1,1,0,0,9,1,14,1,6,99,1,4,1,A,2,0,0,0,0,0,0,0,0,0,0,998,998,0,0,1,3,1,36,-18,-31,91822,998,9,36,0,4,1,1,0,3,0,998,224.239893510264,12,2