CASEID,PSU,CASENO,CASENUMBER,CATEGORY,VEHNO,VIN,VINLENGTH,MAKE,MODEL,MODELYR,BODYTYPE,BODYCAT,VEHCLASS,SPECUSE,TRANSTAT,DAMPLANE,DAMSEV,CURBWT,CURBSRC,CARGOWT,CARGOSRC,INSPTYPE,TOWSTAT,SPEEDLIMIT,DRPRESENT,PARALCOHOL,ALCTEST,ALCTESTRESULT,ALCTESTSRC,PARDRUG,DRUGTEST,ZIP,RACE,ETHNICITY,RELTOJUNCT,TRAFFLOW,RDLANES,INITLANE,SURFTYPE,SURFCOND,ALIGNMENT,PROFILE,LINERIGHT,LINELEFT,RUMBINIT,RUMBROAD,LIGHTCOND,WEATHER,TRAFDEV,TRAFFUNCT,DISTRACT,PREFHE,PREMOVE,CRITCAT,CRITEVENT,MANEUVER,PRESTAB,PRELOC,CRASHCAT,CRASHCONF,CRASHTYPE,ROLLTYPE,ROLLTURN,ROLLINTRPT,ROLLPREMAN,ROLLINITYP,ROLLINLOC,ROLLOBJ,ROLLTRIP,ROLLDIR,ROLLDIST,DVANGTHIS,DVANGOTH,TOWHITCH,TRAJDOC,TREEPOLE,DVEVENT,DVBASIS,DVTOTAL,DVLONG,DVLAT,DVENERGY,DVSPEED,DVMOMENT,DVBES,DVEST,DVCONF,VAIS,VISS,VINJURED,VTREAT,INITOBJCLASS,HEADANGLECAT,CASEWGT,PSUSTRAT,VERSION
8272,21,60,1-21-2017-060-03,3,2,1HD1KB4347Y7,17,72,706,2007,80,9,80,99,1,L,9,,,,,,1,56,1,0,0,995,0,0,0,91768,9,9,2,4,5,2,2,1,1,1,1,1,0,0,3,1,1,2,9,1,1,4,66,99,1,1,5,L,89,,,,,,,,,,,,,,,,,,,,,,,,,,,95,95,95,95,,,255.1139681924,11,2
8247,24,113,1-24-2017-113-03,3,1,1GBHG31U1712,17,20,870,2007,61,8,60,0,1,F,9,,,,,,1,40,1,0,0,995,0,0,0,08401,9,9,2,4,4,2,2,1,1,1,1,1,0,0,1,1,1,2,9,1,10,2,16,1,1,2,4,J,74,,,,,,,,,,,,,,,,,,,,,,,,,,,95,95,95,95,,,378.466272566111,1,2
8247,24,113,1-24-2017-113-03,3,2,KNAGM4AD4G50,17,63,34,2016,4,1,4,0,1,L,9,1630,5,0,1,1,1,40,1,0,0,995,0,0,0,08205,2,2,2,4,4,1,2,1,1,1,0,1,0,0,1,1,1,2,1,0,10,4,60,1,1,1,4,J,74,0,0,0,0,0,0,0,0,0,0,105,115,0,0,0,1,5,999,999,999,9999999,999,999,7,0,0,1,1,0,6,0,995,378.466272566111,1,2
8257,24,114,1-24-2017-114-03,3,1,3N1AB7AP8EY2,17,35,43,2014,4,1,3,0,1,F,1,1293,5,0,1,1,1,72,1,0,9,998,8,0,9,33406,1,1,0,4,2,1,2,2,2,2,1,2,0,0,2,1,0,0,1,1,14,2,12,1,1,4,1,B,6,0,0,0,0,0,0,0,0,0,0,998,998,0,0,0,1,8,999,999,999,9999999,999,999,999,6,0,1,1,0,6,0,998,378.466272575188,1,2
8265,13,102,1-13-2017-102-02,2,1,4T1BF1FK1GU5,17,49,40,2016,4,1,4,0,1,F,2,1467,5,0,1,1,1,97,1,0,0,995,0,0,0,76022,9,1,0,2,5,5,2,2,1,1,3,2,0,0,3,2,0,0,9,1,15,3,51,99,1,2,2,D,24,0,0,0,0,0,0,0,0,0,0,200,180,0,0,0,1,1,34,-34,0,91223,998,0,38,0,1,9,97,0,99,0,995,49.8928274034076,7,2
8265,13,102,1-13-2017-102-02,2,2,1C4PJLCS2EW2,17,2,422,2014,15,3,15,0,1,B,2,1712,5,0,1,1,1,97,1,0,0,995,0,0,0,76028,1,2,0,2,5,4,2,2,1,1,3,3,0,0,3,2,0,0,1,0,1,4,60,1,1,1,2,D,25,1,2,2,2,1,3,61,1,2,999,180,200,0,0,0,1,1,29,27,10,63492,998,-80,26,0,1,2,5,0,4,3,995,49.8928274034076,7,2
8275,30,85,1-30-2017-085-04,4,1,1GCNCPEH1EZ3,17,20,481,2014,34,5,31,0,1,R,9,9999,9,9999,9,4,1,72,1,0,0,995,0,0,0,85242,1,2,2,1,4,4,2,1,1,1,1,2,0,0,3,1,1,2,2,0,11,2,15,1,1,1,4,J,68,0,0,0,0,0,0,0,0,0,0,135,15,0,1,0,1,12,999,999,999,9999999,999,999,999,9,0,0,0,0,0,0,995,7165.23244737877,10,2
8275,30,85,1-30-2017-085-04,4,2,WA1C2AFP0GA0,17,32,402,2016,14,3,14,0,1,F,9,1850,5,9999,9,0,1,72,1,0,0,995,0,0,0,85142,9,9,2,1,3,1,2,1,1,2,1,3,0,0,3,1,1,2,9,0,1,4,62,99,9,1,4,J,69,0,0,0,0,0,0,0,0,0,0,15,135,0,1,0,0,0,999,999,999,9999999,999,999,999,9,0,0,0,0,0,0,995,7165.23244737877,10,2
8279,16,74,1-16-2017-074-04,4,1,1C8GJ25381B1,17,6,442,2001,20,4,20,0,1,L,1,1983,5,0,1,1,1,64,1,0,0,995,0,0,0,45251,9,9,0,4,2,1,2,1,1,1,1,2,0,0,1,1,0,0,9,0,1,4,62,99,1,1,4,J,69,0,0,0,0,0,0,0,0,0,0,90,230,0,0,0,1,1,17,-15,9,11758,998,76,11,0,4,9,97,0,8,0,995,1022.75343708077,5,2
8279,16,74,1-16-2017-074-04,4,2,1FAHP2H86FG1,17,12,17,2015,4,1,4,0,1,F,1,1918,5,0,1,1,1,72,1,0,0,995,0,0,0,43528,1,2,0,4,2,1,2,1,1,1,1,2,0,0,1,1,0,0,9,0,11,2,15,1,1,1,4,J,68,0,0,0,0,0,0,0,0,0,0,230,90,0,0,0,1,1,18,-18,-3,43108,998,-24,23,0,4,0,0,0,0,0,995,1022.75343708077,5,2
8277,33,103,1-33-2017-103-06,6,1,4S4BRBGC1A33,17,48,45,2010,6,1,3,0,1,F,9,1542,5,0,1,1,1,40,1,0,0,995,0,0,0,95969,1,2,3,4,2,1,2,1,1,4,0,0,0,0,1,1,0,0,2,0,10,2,16,1,1,1,4,K,80,0,0,0,0,0,0,0,0,0,0,200,120,0,0,0,1,5,999,999,999,9999999,999,999,11,0,0,99,99,0,0,0,995,397.477509541007,12,2
8277,33,103,1-33-2017-103-06,6,2,15GGB2718B11,17,92,983,2011,52,7,58,3,1,L,9,,,,,,0,40,1,0,0,995,0,0,0,95926,9,9,2,4,2,1,1,1,1,2,0,0,0,0,1,1,0,0,9,0,1,4,72,1,1,1,4,K,81,,,,,,,,,,,,,,,,,,,,,,,,,,,95,95,95,95,,,397.477509541007,12,2
8278,33,104,1-33-2017-104-02,2,1,1C4RDJDG7FC8,17,7,422,2015,15,3,15,0,1,F,1,2262,5,0,1,1,1,56,1,0,0,995,0,0,0,98274,1,2,2,5,5,2,2,1,1,1,3,1,0,0,1,1,1,2,3,0,1,4,67,2,1,1,4,K,83,0,0,0,0,0,0,0,0,0,0,180,50,0,0,0,1,1,13,-12,-4,19272,998,-117,12,0,1,2,5,0,4,0,995,66.335309476095,12,2
8278,33,104,1-33-2017-104-02,2,2,1FTYR14V0XPB,17,12,471,1999,34,5,30,0,1,L,1,1497,5,0,1,1,1,48,1,0,0,995,0,0,0,95969,1,2,2,5,4,3,2,1,1,1,1,2,0,0,1,1,1,2,1,0,11,2,15,99,1,1,4,K,82,0,0,0,0,0,0,0,0,0,0,50,180,0,0,0,1,1,19,-14,12,24444,998,38,20,0,1,1,1,0,4,0,995,66.335309476095,12,2
8282,15,87,1-15-2017-087-06,6,1,WDBTJ56H09F2,17,42,47,2009,2,1,3,0,1,F,2,1625,5,0,1,1,1,64,1,0,0,995,0,0,0,02777,1,9,2,1,5,2,2,1,1,1,3,3,0,0,3,1,1,2,9,0,1,2,17,99,1,1,5,L,86,0,0,0,0,0,0,0,0,0,0,70,185,0,0,0,1,1,28,-28,5,117349,998,34,41,0,1,0,0,0,4,0,995,437.584584197271,1,2
8282,15,87,1-15-2017-087-06,6,2,1N4DL01D7XC2,17,35,47,1999,4,1,2,0,1,R,2,1304,5,0,1,1,1,64,1,0,0,995,0,0,0,11801,1,1,2,4,5,2,2,1,1,1,1,1,0,0,3,1,1,2,1,0,1,2,17,1,1,1,5,L,87,0,0,0,0,0,0,0,0,0,0,185,70,0,0,0,1,1,33,-16,-28,7770,998,-53,11,0,1,2,5,0,4,0,995,437.584584197271,1,2
8281,15,86,1-15-2017-086-03,3,1,5J6RE4H58BL1,17,37,402,2011,14,3,14,0,1,F,9,1604,5,0,2,4,1,48,1,0,0,995,0,0,0,11520,1,1,2,4,2,1,2,2,2,1,2,1,0,0,1,8,0,0,1,1,11,2,15,1,1,1,4,J,68,0,0,0,0,0,0,0,0,0,0,65,265,0,0,0,1,12,999,999,999,9999999,999,999,999,9,0,1,2,0,6,0,995,225.616696067158,1,2
8281,15,86,1-15-2017-086-03,3,2,19XFB2F53DE2,17,37,31,2013,4,1,3,0,1,F,9,1236,5,0,2,0,1,48,1,0,0,995,0,0,0,11783,1,2,2,4,2,1,2,2,3,1,1,2,0,0,1,8,0,0,1,0,1,4,62,7,1,1,4,J,69,0,0,0,0,0,0,0,0,0,0,265,65,0,0,0,0,0,999,999,999,9999999,999,999,999,9,0,0,0,0,5,0,995,225.616696067158,1,2
8280,15,85,1-15-2017-085-03,3,1,3ALACWDT0GDH,17,82,870,2016,64,8,60,99,1,F,9,,,,,,0,48,1,0,0,995,0,0,0,11208,9,9,2,4,2,1,2,1,1,1,1,2,0,0,1,8,0,0,9,0,1,3,50,99,1,1,2,D,20,,,,,,,,,,,,,,,,,,,,,,,,,,,95,95,95,95,,,225.616696067158,1,2
8280,15,85,1-15-2017-085-03,3,2,1HGCT1B33DA0,17,37,32,2013,2,1,3,0,1,B,2,1480,5,0,1,1,1,48,1,0,0,995,0,0,0,11530,1,2,2,4,2,1,2,1,1,1,1,2,0,0,1,8,0,0,1,0,5,3,53,1,1,1,2,D,22,0,0,0,0,0,0,0,0,0,0,180,180,0,0,0,1,5,999,999,999,9999999,999,999,999,7,0,1,1,0,4,0,995,225.616696067158,1,2
8283,33,105,1-33-2017-105-10,10,1,4M2ZU55PXWUJ,17,14,401,1998,14,3,14,0,1,F,1,1600,5,9999,9,0,1,89,1,0,0,995,0,0,0,95965,1,2,2,5,3,2,2,1,1,1,1,2,0,0,1,1,0,0,9,0,1,3,50,99,1,1,2,D,20,0,0,0,0,0,0,0,0,0,0,270,270,0,0,0,1,3,14,-14,0,6454,998,0,10,0,4,99,99,0,99,0,995,3824.95382848974,12,2
8283,33,105,1-33-2017-105-10,10,2,JTHFN48Y9200,17,59,36,2002,1,1,2,0,1,B,1,1742,5,0,1,1,1,89,1,0,0,995,0,0,0,95901,1,2,2,5,3,1,2,1,1,1,1,2,0,0,1,1,0,0,1,0,5,3,53,1,1,1,2,D,21,0,0,0,0,0,0,0,0,0,0,270,270,0,0,0,1,3,13,13,0,16904,998,0,15,0,4,99,99,0,6,0,995,3824.95382848974,12,2
8245,10,46,1-10-2017-046-03,3,1,2GNALAEK9F11,17,20,404,2015,14,3,14,0,1,R,9,1706,5,9999,9,0,1,56,1,1,2,996,1,0,0,45426,9,9,1,4,4,2,2,1,1,1,1,2,0,0,1,1,1,2,2,0,11,2,15,99,9,1,4,J,68,0,0,0,0,0,0,0,0,0,0,310,180,0,0,0,0,0,999,999,999,9999999,999,999,999,9,0,9,97,0,8,0,995,125.040345126148,4,2
8258,26,62,1-26-2017-062-06,6,1,999999999999,99,99,499,9999,19,3,19,99,1,F,9,9999,9,9999,9,0,0,64,1,8,0,995,0,7,0,99999,9,9,2,4,5,3,2,1,1,1,4,4,0,0,1,1,0,0,9,0,11,2,15,99,1,1,4,J,68,0,0,0,0,0,0,0,0,0,0,340,200,0,0,0,0,0,999,999,999,9999999,999,999,999,9,0,95,95,95,95,0,995,1870.88822780662,10,2
8258,26,62,1-26-2017-062-06,6,2,1N4CL21E68C2,17,35,47,2008,4,1,4,0,1,L,1,1564,5,0,1,1,1,64,1,0,0,995,0,0,0,95841,1,1,2,4,5,1,2,1,1,1,1,3,0,0,1,1,0,0,1,0,1,4,62,1,1,1,4,J,69,0,0,0,0,0,0,0,0,0,0,200,340,0,0,0,1,12,999,999,999,9999999,999,999,999,2,0,1,1,0,4,0,995,1870.88822780662,10,2
8287,20,130,1-20-2017-130-09,9,1,KNAGD126X251,17,63,34,2002,4,1,3,0,1,F,9,1447,8,9999,9,0,1,56,1,0,0,995,0,0,0,93901,7,9,2,3,2,2,2,1,1,1,3,1,0,0,5,1,1,2,9,0,11,4,66,99,1,1,4,K,76,0,0,0,0,0,0,0,0,0,0,240,155,0,0,0,0,0,999,999,999,9999999,999,999,999,9,0,99,99,0,99,0,995,1554.96194751136,11,2
8264,13,101,1-13-2017-101-07,7,1,1N4AA5AP2CC8,17,35,39,2012,4,1,4,0,1,F,1,1630,5,0,1,1,1,999,1,0,0,995,0,0,0,75062,1,1,1,3,1,1,2,1,1,4,1,2,0,0,2,1,0,0,1,0,16,3,51,4,1,1,2,E,42,0,0,0,0,0,0,0,0,0,0,90,90,0,0,0,1,3,15,-15,0,10788,998,35,12,0,4,0,0,0,0,0,995,2326.01913800514,7,2
8264,13,101,1-13-2017-101-07,7,2,JTDBL40E2990,17,49,32,2009,4,1,2,0,1,B,1,1279,5,9999,9,4,1,999,1,0,0,995,0,0,0,76040,9,9,1,3,2,2,2,1,1,4,3,2,0,0,2,1,0,0,9,0,1,4,60,99,1,1,2,E,42,0,0,0,0,0,0,0,0,0,0,90,90,0,0,0,1,3,20,20,0,28540,998,0,23,0,4,0,0,0,0,0,995,2326.01913800514,7,2
8287,20,130,1-20-2017-130-09,9,2,JM1BK3247717,17,41,51,2007,4,1,2,0,1,L,9,1249,5,9999,9,0,1,56,1,0,0,995,0,0,0,93907,1,9,2,3,3,1,2,1,1,1,0,3,0,0,5,1,1,2,9,0,1,4,65,99,1,1,4,K,77,0,0,0,0,0,0,0,0,0,0,155,240,0,0,0,0,0,999,999,999,9999999,999,999,999,9,0,99,99,0,99,0,995,1554.96194751136,11,2
8289,20,131,1-20-2017-131-10,10,1,1MEFM53U21G6,17,14,17,2001,4,1,3,0,1,F,1,1537,5,0,1,1,1,48,1,9,0,995,0,9,0,99999,9,9,2,5,4,1,2,1,1,1,1,2,0,0,1,1,5,2,9,0,1,3,50,99,1,1,2,D,20,0,0,0,0,0,0,0,0,0,0,320,320,0,0,0,1,5,999,999,999,9999999,999,999,15,2,0,99,99,0,99,0,995,3419.93796732835,11,2
8289,20,131,1-20-2017-131-10,10,2,1N4BL11D23C2,17,35,47,2003,4,1,4,0,1,F,1,1447,5,0,1,2,0,48,1,0,0,995,0,0,0,93905,9,9,2,5,4,1,2,1,1,1,1,2,0,0,1,1,5,2,9,0,5,3,53,99,1,1,2,D,21,0,0,0,0,0,0,0,0,0,0,320,320,0,0,0,2,3,18,-18,0,12265,998,-3,14,0,1,95,95,95,95,0,995,3419.93796732835,11,2
8289,20,131,1-20-2017-131-10,10,3,1B7HC13Z9XJ6,17,7,482,1999,34,5,31,0,1,B,9,2348,5,9999,9,0,0,48,1,0,0,995,0,0,0,95012,9,9,2,5,4,1,2,1,1,1,1,2,0,0,1,1,5,2,9,0,5,3,53,99,1,1,6,M,98,0,0,0,0,0,0,0,0,0,0,320,320,0,0,0,0,0,999,999,999,9999999,999,999,999,9,0,95,95,95,95,0,995,3419.93796732835,11,2
8239,28,58,1-28-2017-058-06,6,1,1FMCU9DG6AKA,17,12,402,2010,14,3,14,0,1,F,1,1609,5,0,1,1,1,56,1,0,0,995,0,0,0,16901,1,2,0,4,2,1,2,1,2,1,0,0,0,0,1,1,0,0,1,1,14,2,12,2,1,4,1,B,6,0,0,0,0,0,0,0,0,0,0,998,998,0,0,2,1,10,999,999,999,9999999,999,999,19,2,0,1,2,0,4,0,998,391.086482346031,3,2
8238,28,57,1-28-2017-057-09,9,1,4F4YR12D43TM,17,41,471,2003,34,5,30,0,1,T,2,1374,5,0,1,1,1,72,1,0,1,50,2,0,1,16923,1,2,0,4,2,1,2,1,3,4,0,0,0,0,1,1,0,0,1,1,14,1,6,1,3,4,6,M,98,1,6,2,4,1,1,61,1,2,21,997,997,0,0,0,1,6,999,999,999,9999999,999,999,999,7,0,1,1,0,4,3,997,1854.6392137218,3,2
8245,10,46,1-10-2017-046-03,3,2,3GKEC16R5TG5,17,23,431,1996,16,3,16,0,1,F,9,2239,9,9999,9,0,0,56,1,0,0,995,0,0,0,45401,9,9,1,1,3,1,2,1,1,1,1,2,0,0,1,1,1,2,9,0,1,4,62,99,9,1,4,J,69,0,0,0,0,0,0,0,0,0,0,180,310,0,0,0,0,0,999,999,999,9999999,999,999,999,9,0,95,95,95,95,0,995,125.040345126148,4,2
8290,13,103,1-13-2017-103-03,3,1,JT3GN86R0202,17,49,401,2002,14,3,14,0,1,F,2,1696,4,9999,9,0,1,105,1,0,0,995,0,0,0,76131,1,9,0,2,4,1,1,1,3,1,1,3,0,0,1,1,0,0,9,0,14,3,51,99,1,1,2,D,24,0,0,0,0,0,0,0,0,0,0,350,350,0,0,0,1,3,25,-25,0,50395,998,0,27,0,4,99,99,0,8,0,995,641.778385073643,7,2
8290,13,103,1-13-2017-103-03,3,2,2HGFB2F80CH3,17,37,31,2012,4,1,3,0,1,B,2,1267,5,0,1,1,1,105,1,0,0,995,0,0,0,76013,1,1,0,2,4,1,1,1,3,1,1,3,0,0,1,1,0,0,9,0,14,3,53,99,1,1,2,D,25,0,0,0,0,0,0,0,0,0,0,350,350,0,0,0,1,3,35,35,0,50906,998,0,32,0,4,1,1,0,4,0,995,641.778385073643,7,2
8290,13,103,1-13-2017-103-03,3,3,SALAG2D47CA6,17,62,423,2012,15,3,15,0,1,F,1,2655,5,0,1,1,1,105,1,0,0,995,0,0,0,73112,2,9,0,2,4,2,1,1,1,1,3,3,0,0,1,1,0,0,9,1,15,3,51,99,9,2,6,M,98,0,0,0,0,0,0,0,0,0,0,355,355,0,0,0,4,4,20,-20,0,93917,998,0,30,0,4,99,99,0,8,0,995,641.778385073643,7,2
8290,13,103,1-13-2017-103-03,3,4,1C3CDFBB1ED7,17,7,29,2014,4,1,3,0,1,R,2,1471,5,0,1,5,1,105,1,0,0,995,0,0,0,71250,2,2,0,2,4,2,1,1,3,1,3,3,0,0,1,1,0,0,9,0,14,3,53,99,1,1,6,M,98,0,0,0,0,0,0,0,0,0,0,0,350,0,0,0,2,8,999,999,999,9999999,999,999,999,7,0,1,1,0,3,0,995,641.778385073643,7,2
8290,13,103,1-13-2017-103-03,3,5,JTDZN3EU2C30,17,49,46,2012,5,1,4,0,1,B,1,1485,5,0,1,5,1,105,1,0,0,995,0,0,0,76205,1,2,0,2,4,1,1,1,3,1,1,3,0,0,1,1,0,0,1,0,2,4,60,2,1,1,6,M,98,0,0,0,0,0,0,0,0,0,0,0,0,0,0,0,3,12,999,999,999,9999999,999,999,999,2,0,0,0,0,4,0,995,641.778385073643,7,2
8290,13,103,1-13-2017-103-03,3,6,5TENX22NX7Z4,17,49,472,2007,34,5,30,0,1,B,2,1424,4,9999,9,4,1,105,1,0,1,0,2,0,1,76039,1,2,0,2,4,2,1,1,1,1,3,3,0,0,1,1,0,0,9,0,2,3,53,99,1,1,6,M,98,0,0,0,0,0,0,0,0,0,0,355,355,0,0,0,4,4,37,37,0,26588,998,0,21,0,4,3,22,1,1,0,995,641.778385073643,7,2
8290,13,103,1-13-2017-103-03,3,7,5TFRM5F15EX0,17,49,482,2014,34,5,31,0,1,B,9,2310,5,9999,9,0,0,105,1,0,0,995,0,0,0,76179,9,9,0,2,4,2,1,1,1,1,3,3,0,0,1,1,0,0,9,0,2,3,53,99,1,1,6,M,98,0,0,0,0,0,0,0,0,0,0,350,350,0,0,0,0,0,999,999,999,9999999,999,999,999,9,0,95,95,95,95,0,995,641.778385073643,7,2
8292,20,132,1-20-2017-132-05,5,1,JHMZE2H38BS0,17,37,37,2011,5,1,2,0,1,9,9,1235,5,9999,9,0,1,72,1,0,1,0,2,1,2,93923,1,9,2,4,4,2,2,1,1,4,1,3,0,0,1,1,1,2,3,0,1,3,50,99,1,1,2,D,20,0,0,0,0,0,0,0,0,0,0,150,150,0,0,0,0,0,999,999,999,9999999,999,999,999,9,0,2,6,0,4,0,995,39.3879855043699,11,2
8292,20,132,1-20-2017-132-05,5,2,WDDHF5KB4FB1,17,42,48,2015,4,1,4,0,1,F,9,1825,5,9999,9,0,0,72,1,0,0,995,0,0,0,93923,9,9,2,4,4,2,2,1,1,4,1,3,0,0,1,1,1,2,9,0,5,3,53,99,1,1,2,D,21,0,0,0,0,0,0,0,0,0,0,150,150,0,0,0,0,0,999,999,999,9999999,999,999,999,9,0,95,95,95,95,0,995,39.3879855043699,11,2
8292,20,132,1-20-2017-132-05,5,3,WBAJA5C37HG4,17,34,35,2017,4,1,5,0,1,B,9,1615,5,9999,9,0,0,72,1,0,0,995,0,0,0,93923,9,9,2,4,4,2,2,1,1,4,3,1,0,0,1,1,1,2,9,0,5,3,53,99,1,1,6,M,98,0,0,0,0,0,0,0,0,0,0,150,150,0,0,0,0,0,999,999,999,9999999,999,999,999,9,0,95,95,95,95,0,995,39.3879855043699,11,2
8335,24,116,1-24-2017-116-03,3,1,1FTFW1ETXEFC,17,12,481,2014,34,5,31,0,1,R,1,2574,5,0,1,1,1,40,1,0,0,995,0,0,0,08244,1,2,2,4,2,1,2,1,1,1,0,0,0,0,1,1,0,0,1,0,1,4,71,10,1,1,5,L,87,1,1,2,5,7,1,2,2,2,2,210,130,0,1,0,1,1,15,-5,-14,21395,998,81,13,0,1,0,0,0,0,1,995,188.36871004772,1,2
8335,24,116,1-24-2017-116-03,3,2,3N1AB7AP1DL6,17,35,43,2013,4,1,3,0,1,F,2,1283,5,0,1,1,1,40,1,0,0,995,0,0,0,08406,1,2,2,4,2,1,2,1,1,1,0,0,0,0,1,1,2,2,3,0,1,2,17,1,1,1,5,L,86,0,0,0,0,0,0,0,0,0,0,130,210,0,1,0,1,1,31,-27,15,80128,998,94,33,0,1,1,1,0,0,0,995,188.36871004772,1,2
8336,24,117,1-24-2017-117-07,7,1,1GYS4CEF9ER2,17,19,421,2014,15,3,15,0,1,B,9,2581,5,9999,9,0,0,40,1,0,0,995,0,0,0,33037,9,9,2,4,2,1,2,1,3,1,0,0,0,0,1,1,2,2,1,0,5,3,52,1,1,1,2,D,21,0,0,0,0,0,0,0,0,0,0,60,60,0,0,0,0,0,999,999,999,9999999,999,999,999,9,0,95,95,95,95,0,995,683.267895897653,1,2
8337,12,59,1-12-2017-059-04,4,1,6G3NS5U23FL1,17,20,27,2015,4,1,5,5,1,F,1,1888,8,0,1,1,1,56,1,0,0,995,0,0,0,73401,1,2,2,1,3,1,2,1,2,4,2,1,0,0,2,1,1,2,1,1,14,1,6,2,2,4,1,B,7,0,0,0,0,0,0,0,0,0,0,998,998,0,0,0,1,12,999,999,999,9999999,999,999,999,1,0,0,0,0,0,0,998,3838.87370925107,9,2
8336,24,117,1-24-2017-117-07,7,2,1HGFA16808L0,17,37,31,2008,4,1,3,0,1,F,2,1199,5,0,1,1,1,40,1,0,0,995,0,0,0,08226,1,2,2,4,2,1,2,1,3,1,0,0,0,0,1,1,2,2,9,0,14,3,50,99,1,1,2,D,20,0,0,0,0,0,0,0,0,0,0,60,60,0,0,0,1,3,29,-29,0,27875,998,0,24,0,4,0,0,0,0,0,995,683.267895897653,1,2
8338,12,60,1-12-2017-060-04,4,1,1ZVFT82H2552,17,12,3,2005,2,1,3,0,1,R,1,1565,5,0,1,2,0,56,1,0,0,995,0,0,0,73401,9,9,0,4,4,2,2,1,1,1,3,2,0,0,1,1,0,0,2,1,15,2,11,1,1,1,2,F,46,0,0,0,0,0,0,0,0,0,0,5,0,0,0,0,1,8,999,999,999,9999999,999,999,999,6,0,95,95,95,95,0,995,3838.87370925107,9,2
8338,12,60,1-12-2017-060-04,4,2,1N4AL3AP7EC4,17,35,47,2014,4,1,4,0,1,L,9,1524,5,0,2,0,1,56,1,0,0,995,0,0,0,73401,7,1,0,4,4,1,2,1,1,1,0,3,0,0,1,1,0,0,1,0,1,4,60,2,1,1,2,F,45,0,0,0,0,0,0,0,0,0,0,0,5,0,0,0,1,0,999,999,999,9999999,999,999,999,9,0,0,0,0,4,0,995,3838.87370925107,9,2
8341,23,105,1-23-2017-105-09,9,1,JTLKT3249502,17,49,49,2005,6,1,1,0,1,F,1,1086,8,0,1,1,1,89,1,0,0,995,0,0,0,44833,1,2,0,4,2,1,2,1,1,1,1,2,0,0,2,1,0,0,1,0,1,6,87,1,1,1,1,C,13,0,0,0,0,0,0,0,0,0,0,998,998,0,0,0,1,10,999,999,999,9999999,999,999,19,2,0,0,0,0,0,0,998,1179.01666614142,5,2
8342,23,106,1-23-2017-106-09,9,1,1HGCM66487A0,17,37,32,2007,4,1,3,0,1,L,3,1504,5,0,1,2,0,72,1,0,0,995,0,0,0,43230,9,9,2,4,2,1,2,1,1,1,1,2,0,0,2,1,2,2,2,0,4,2,17,1,1,1,5,L,89,0,0,0,0,0,0,0,0,0,0,100,190,0,0,0,1,1,46,-23,40,15969,998,64,15,0,4,95,95,95,95,0,995,1179.01666614142,5,2
8342,23,106,1-23-2017-106-09,9,2,2G4WD5528711,17,18,22,2007,4,1,4,0,1,F,3,1589,5,0,1,1,1,89,1,0,1,0,2,0,1,43315,1,2,2,4,2,1,2,1,1,1,1,2,0,0,2,1,0,0,1,0,1,4,66,1,1,1,5,L,88,0,0,0,0,0,0,0,0,0,0,190,100,0,0,0,1,1,41,-35,-20,305158,998,-118,54,0,4,1,2,0,4,0,995,1179.01666614142,5,2
8343,23,107,1-23-2017-107-03,3,1,JTMDK4DV4AD0,17,49,402,2010,14,3,14,0,1,B,1,1658,5,0,1,1,1,72,1,0,0,995,0,0,0,43065,9,9,0,4,2,1,2,1,2,1,1,2,0,0,5,8,0,0,9,0,14,3,53,99,1,1,2,D,29,0,0,0,0,0,0,0,0,0,0,180,180,0,0,0,1,1,22,22,0,37440,998,-42,22,0,1,99,99,0,5,0,995,195.503735667597,5,2
8343,23,107,1-23-2017-107-03,3,2,KNDJN2A21F77,17,63,37,2015,6,1,2,0,1,F,2,1287,5,0,1,1,1,72,1,0,0,995,0,0,0,43201,9,9,0,4,2,1,2,1,2,1,1,2,0,0,5,8,0,0,9,0,14,3,52,99,1,1,2,D,28,0,0,0,0,0,0,0,0,0,0,180,180,0,0,0,1,1,28,-28,0,43206,998,-35,27,0,1,1,1,0,4,0,995,195.503735667597,5,2
8344,32,120,1-32-2017-120-03,3,1,2FMDK3GC7ABA,17,12,24,2010,6,1,4,0,1,B,9,1853,5,9999,9,0,0,113,1,0,0,995,0,0,0,75661,9,9,0,2,4,4,2,2,2,4,3,0,0,0,4,2,0,0,9,0,5,8,98,1,1,1,6,M,98,0,0,0,0,0,0,0,0,0,0,80,80,0,0,0,0,0,999,999,999,9999999,999,999,999,9,0,95,95,95,95,0,995,2698.42483794772,7,2