CASEID,PSU,CASENO,CASENUMBER,CATEGORY,VEHNO,VIN,VINLENGTH,MAKE,MODEL,MODELYR,BODYTYPE,BODYCAT,VEHCLASS,SPECUSE,TRANSTAT,DAMPLANE,DAMSEV,CURBWT,CURBSRC,CARGOWT,CARGOSRC,INSPTYPE,TOWSTAT,SPEEDLIMIT,DRPRESENT,PARALCOHOL,ALCTEST,ALCTESTRESULT,ALCTESTSRC,PARDRUG,DRUGTEST,ZIP,RACE,ETHNICITY,RELTOJUNCT,TRAFFLOW,RDLANES,INITLANE,SURFTYPE,SURFCOND,ALIGNMENT,PROFILE,LINERIGHT,LINELEFT,RUMBINIT,RUMBROAD,LIGHTCOND,WEATHER,TRAFDEV,TRAFFUNCT,DISTRACT,PREFHE,PREMOVE,CRITCAT,CRITEVENT,MANEUVER,PRESTAB,PRELOC,CRASHCAT,CRASHCONF,CRASHTYPE,ROLLTYPE,ROLLTURN,ROLLINTRPT,ROLLPREMAN,ROLLINITYP,ROLLINLOC,ROLLOBJ,ROLLTRIP,ROLLDIR,ROLLDIST,DVANGTHIS,DVANGOTH,TOWHITCH,TRAJDOC,TREEPOLE,DVEVENT,DVBASIS,DVTOTAL,DVLONG,DVLAT,DVENERGY,DVSPEED,DVMOMENT,DVBES,DVEST,DVCONF,VAIS,VISS,VINJURED,VTREAT,INITOBJCLASS,HEADANGLECAT,CASEWGT,PSUSTRAT,VERSION
8344,32,120,1-32-2017-120-03,3,2,JTHBF1D29E50,17,59,35,2014,4,1,4,0,1,B,1,1600,5,0,1,1,1,113,1,0,0,995,0,0,0,76017,1,2,0,2,4,4,2,2,2,4,3,0,0,0,4,2,0,0,9,0,5,3,53,1,1,1,2,D,21,0,0,0,0,0,0,0,0,0,0,80,80,0,0,0,1,3,11,11,0,10275,998,0,13,0,4,0,0,0,0,0,995,2698.42483794772,7,2
8345,32,121,1-32-2017-121-09,9,1,2MELM75W8NX7,17,14,6,1992,4,1,5,0,1,F,1,1707,5,0,1,5,1,64,1,0,0,995,0,0,0,75070,1,1,2,1,3,3,1,1,1,4,3,0,0,0,1,1,0,0,1,0,1,4,61,1,1,1,4,J,73,0,0,0,0,0,0,0,0,0,0,355,340,0,0,0,1,1,12,-11,-4,15486,998,-16,14,0,4,0,0,0,5,0,995,13617.3982511258,7,2
8345,32,121,1-32-2017-121-09,9,2,WDDZF4JB2HA2,17,42,48,2017,4,1,5,0,1,L,1,1765,5,0,1,2,0,64,1,0,0,995,0,0,0,75165,9,9,2,1,3,2,1,1,1,4,3,3,0,0,1,1,0,0,9,1,12,3,53,1,1,2,6,M,98,0,0,0,0,0,0,0,0,0,0,340,355,0,0,0,1,1,13,11,6,7476,998,20,10,0,4,95,95,95,95,0,995,13617.3982511258,7,2
8344,32,120,1-32-2017-120-03,3,3,1G8ZV57717F2,17,24,9,2007,4,1,4,0,1,F,1,1654,5,9999,9,0,1,113,1,0,0,995,0,0,0,75154,1,2,0,2,4,4,2,2,2,4,3,0,0,0,4,2,0,0,9,0,14,3,50,1,1,1,2,D,20,0,0,0,0,0,0,0,0,0,0,80,80,0,0,0,1,3,11,-11,0,5101,998,0,9,0,4,0,0,0,0,0,995,2698.42483794772,7,2
8346,32,122,1-32-2017-122-03,3,1,2HGFB2F58DH6,17,37,31,2013,4,1,3,0,1,L,1,1236,5,0,1,1,1,64,1,0,0,995,0,0,0,75104,1,2,2,4,2,1,2,1,1,4,0,0,0,0,3,1,2,2,2,0,11,2,15,1,1,1,4,K,82,0,0,0,0,0,0,0,0,0,0,70,180,0,0,0,1,1,19,-13,15,13854,998,-60,15,0,1,1,1,0,4,0,995,2698.42483796011,7,2
8346,32,122,1-32-2017-122-03,3,2,1G4HE57Y87U1,17,18,23,2007,4,1,5,0,1,F,1,1810,5,0,1,1,1,64,1,0,0,995,0,0,0,75236,2,2,2,1,2,2,2,1,1,1,3,2,0,0,3,1,0,0,9,0,1,4,67,99,1,1,4,K,83,0,0,0,0,0,0,0,0,0,0,180,70,0,0,0,1,1,12,-11,-4,27603,998,-108,15,0,1,1,2,0,4,0,995,2698.42483796011,7,2
8349,27,26,1-27-2017-026-02,2,1,1HGFA16536L1,17,37,31,2006,4,1,3,0,1,F,3,1224,5,0,1,1,1,72,1,9,1,0,2,9,2,01201,1,2,0,4,3,1,2,2,1,1,1,2,0,0,3,2,0,0,9,1,1,2,10,99,1,2,3,G,50,0,0,0,0,0,0,0,0,0,0,30,170,0,0,0,1,1,74,-69,25,357861,998,72,75,0,1,4,34,1,3,0,995,45.162698530899,3,2
8349,27,26,1-27-2017-026-02,2,2,JHMCR6F36HC0,17,37,32,2017,4,1,4,0,1,F,3,1594,5,0,1,1,1,72,1,0,1,0,2,0,1,01201,1,2,0,4,3,2,2,2,1,1,3,2,0,0,3,2,0,0,1,0,1,4,62,3,1,1,3,G,51,0,0,0,0,0,0,0,0,0,0,170,30,0,0,0,1,1,58,-54,-20,211446,998,-30,56,0,1,3,14,1,3,0,995,45.162698530899,3,2
8355,16,75,1-16-2017-075-04,4,1,1FTYE2YM5HKA,17,12,462,2017,21,4,21,0,1,L,1,2268,5,46,2,1,1,105,1,0,0,995,0,0,0,45231,2,9,0,2,3,1,2,2,1,9,2,1,2,3,1,2,0,0,9,1,1,1,6,99,2,4,1,A,2,0,0,0,0,0,0,0,0,0,0,300,330,0,0,0,2,5,999,999,999,9999999,999,999,11,2,0,0,0,0,0,0,995,3233.52587013727,5,2
8356,26,63,1-26-2017-063-06,6,1,1N4BL24E69C1,17,35,47,2009,2,1,3,0,1,R,1,1445,5,0,1,1,1,999,1,8,0,995,0,7,3,95833,7,2,0,4,5,3,2,1,1,1,4,4,0,0,3,1,0,0,2,1,10,2,11,1,1,1,2,F,46,0,0,0,0,0,0,0,0,0,0,30,350,0,0,0,1,1,11,5,-10,7122,998,-152,7,0,3,1,2,0,6,0,995,571.998729971993,10,2
8355,16,75,1-16-2017-075-04,4,2,999999999999,99,82,999,2015,99,10,99,99,1,R,9,,,,,,1,105,1,0,0,995,0,0,0,43512,9,9,0,2,3,2,2,2,1,9,3,3,0,3,1,2,0,0,9,0,1,4,61,99,1,1,6,M,98,,,,,,,,,,,,,,,,,,,,,,,,,,,95,95,95,95,,,3233.52587013727,5,2
8356,26,63,1-26-2017-063-06,6,2,JN1AZ34D13T1,17,35,48,2003,2,1,3,99,1,F,2,1428,5,0,1,1,1,999,1,0,0,995,0,0,0,95833,1,1,0,4,5,1,2,1,1,1,1,3,0,0,3,1,0,0,1,0,1,4,60,8,1,1,2,F,45,0,0,0,0,0,0,0,0,0,0,350,340,0,0,0,2,3,37,-37,0,46930,998,0,28,0,1,1,1,0,6,0,995,571.998729971993,10,2
8359,17,80,1-17-2017-080-04,4,1,4S4BRCDC5E32,17,48,45,2014,4,1,3,0,1,R,1,1621,5,0,1,1,1,89,1,9,0,995,0,9,0,61254,1,2,2,4,3,2,2,1,1,1,1,2,0,0,5,1,0,0,3,0,11,2,15,1,1,2,4,J,68,0,0,0,0,0,0,0,0,0,0,210,80,0,0,0,1,1,14,-11,-9,10746,998,-28,13,0,1,1,1,0,0,0,995,804.761013587952,4,2
8359,17,80,1-17-2017-080-04,4,2,JTEBU5JR8E51,17,49,401,2014,14,3,14,0,1,F,1,2180,5,0,1,1,1,89,1,9,0,995,0,9,0,61254,1,2,2,4,2,1,2,1,1,1,1,2,0,0,5,1,0,0,1,0,1,4,62,4,1,1,4,J,69,0,0,0,0,0,0,0,0,0,0,80,210,0,0,0,1,1,11,-10,4,15367,998,81,12,0,1,1,1,0,0,0,995,804.761013587952,4,2
8358,17,79,1-17-2017-079-07,7,1,JHMFA36239S0,17,37,31,2009,4,1,3,0,1,F,1,1304,5,0,1,1,1,89,1,0,0,995,0,0,0,61244,1,2,0,4,2,1,2,1,1,1,1,4,0,0,2,1,0,0,1,0,1,6,87,2,1,1,1,C,13,0,0,0,0,0,0,0,0,0,0,998,998,0,0,0,1,10,999,999,999,9999999,999,999,11,2,0,0,0,0,0,0,998,905.497642864303,4,2
8374,22,108,1-22-2017-108-06,6,1,3LNHL2JC5AR6,17,13,13,2010,4,1,3,0,1,F,1,1633,5,0,1,1,1,56,1,0,0,995,0,0,0,99403,1,2,0,5,2,1,1,1,1,1,0,2,0,0,1,1,0,0,1,1,1,1,8,1,1,5,1,C,12,0,0,0,0,0,0,0,0,0,0,998,998,0,0,0,1,1,11,-11,0,9009,998,42,11,0,1,0,0,0,0,0,998,78.0357418430476,12,2
8371,25,43,1-25-2017-043-03,3,1,1GCVKREC8FZ1,17,20,481,2015,34,5,31,0,1,L,1,2394,5,0,1,4,1,80,1,0,0,995,0,0,0,04008,9,9,0,3,2,2,2,1,1,1,3,1,0,0,5,1,0,0,1,0,1,6,88,1,1,1,1,C,13,0,0,0,0,0,0,0,0,0,0,998,998,0,0,0,1,12,999,999,999,9999999,999,999,999,1,0,1,1,0,4,0,998,111.406007830281,2,2
8361,18,58,1-18-2017-058-09,9,1,1D4GP25E67B2,17,7,442,2007,20,4,20,0,1,F,1,1779,5,0,1,5,1,105,1,0,0,995,0,0,0,54701,1,2,0,1,3,3,1,1,1,1,3,2,1,3,4,1,0,0,1,0,1,6,90,1,1,1,1,C,15,0,0,0,0,0,0,0,0,0,0,998,998,0,0,0,1,10,999,999,999,9999999,999,999,20,2,0,1,1,0,6,0,998,1580.31941531867,6,2
8364,13,105,1-13-2017-105-04,4,1,1FTNW21F72EB,17,12,481,2002,34,5,31,0,1,F,9,2728,5,9999,9,0,1,72,1,0,0,995,0,0,0,75159,1,9,2,1,2,2,2,1,1,1,3,0,0,0,1,8,0,0,9,0,1,4,62,99,1,1,4,J,69,0,0,0,0,0,0,0,0,0,0,0,90,0,0,0,0,0,999,999,999,9999999,999,999,999,9,0,0,0,0,0,0,995,3707.61002789913,7,2
8364,13,105,1-13-2017-105-04,4,2,1N4AL21E89N4,17,35,47,2009,4,1,3,0,1,R,2,1386,5,0,1,1,1,72,1,0,0,995,0,0,0,75051,2,9,2,1,3,3,2,1,1,1,1,0,0,0,1,8,0,0,9,0,11,2,15,99,1,1,4,J,68,0,0,0,0,0,0,0,0,0,0,90,0,0,0,0,1,3,31,-11,-29,60729,998,33,32,0,4,1,1,0,4,0,995,3707.61002789913,7,2
8364,13,105,1-13-2017-105-04,4,3,1FTFW1ET7DFD,17,12,481,2013,34,5,31,0,1,L,1,2552,5,0,1,1,1,72,1,0,0,995,0,0,0,75052,1,1,3,4,2,1,2,1,1,1,0,0,0,0,1,8,0,0,1,0,5,4,67,1,1,1,6,M,98,0,0,0,0,0,0,0,0,0,0,270,190,0,0,0,2,1,5,-1,5,3063,998,151,4,0,1,0,0,0,0,0,995,3707.61002789913,7,2
8381,15,90,1-15-2017-090-03,3,1,1J4GW48S71C6,17,2,404,2001,14,3,14,0,1,R,1,1800,5,9999,9,0,1,72,1,0,1,0,2,0,0,11746,9,9,2,3,3,2,2,1,3,2,3,3,0,0,3,1,0,0,9,0,10,2,16,99,1,2,4,J,70,1,99,2,5,7,1,2,2,2,999,115,80,0,0,0,1,3,13,6,-11,18523,998,-37,16,0,4,1,1,0,4,1,995,208.777206837115,1,2
8375,22,109,1-22-2017-109-05,5,1,JT2BG22K6X03,17,49,40,1999,4,1,3,0,1,F,3,1415,5,0,1,1,1,72,1,8,1,0,2,1,2,83843,1,2,0,5,5,2,2,1,1,1,3,1,0,0,3,1,0,0,9,1,1,3,54,1,1,2,3,G,50,0,0,0,0,0,0,0,0,0,0,90,270,0,0,0,1,1,51,-51,0,330006,998,-20,72,0,1,4,20,2,3,0,995,87.190411196972,12,2
8381,15,90,1-15-2017-090-03,3,2,5NPDH4AE8GH7,17,55,35,2016,4,1,3,0,1,F,1,1305,5,0,1,1,1,72,1,0,0,995,0,0,0,08873,2,2,2,3,3,1,2,1,3,2,1,3,0,0,3,1,0,0,9,0,14,4,60,99,1,1,4,J,71,0,0,0,0,0,0,0,0,0,0,80,115,0,0,0,1,3,18,-15,9,11705,998,39,14,0,4,1,2,0,4,0,995,208.777206837115,1,2
8363,13,104,1-13-2017-104-09,9,1,1FAFP34N45W1,17,12,37,2005,4,1,2,0,1,F,1,1163,5,0,1,1,1,64,1,0,0,995,0,0,0,75051,2,9,2,4,2,1,1,1,1,1,0,0,0,0,1,1,2,2,9,0,1,2,17,99,1,1,5,L,86,0,0,0,0,0,0,0,0,0,0,260,350,0,0,0,1,3,13,0,13,11181,998,190,9,0,4,99,99,0,8,0,995,6105.03613816709,7,2
8378,30,86,1-30-2017-086-04,4,1,2HKRM3H5XFH5,17,37,402,2015,14,3,14,0,1,F,1,1586,5,0,2,0,1,105,1,0,0,995,0,0,0,85259,1,2,0,2,6,3,2,1,1,1,3,3,0,0,1,1,0,0,3,0,1,3,50,2,1,1,2,D,20,0,0,0,0,0,0,0,0,0,0,185,185,0,0,0,1,3,8,-8,1,3913,998,35,8,0,4,0,0,0,0,0,995,4013.78833145692,10,2
8363,13,104,1-13-2017-104-09,9,2,2T3WFREV3HW3,17,49,402,2017,14,3,14,0,1,R,1,1555,5,0,1,6,0,64,1,0,0,995,0,0,0,75050,9,9,2,1,3,1,1,1,1,1,0,3,0,0,1,1,0,0,9,0,1,4,66,99,1,1,5,L,87,0,0,0,0,0,0,0,0,0,0,350,260,0,0,0,1,3,10,-10,0,20210,998,93,15,0,4,95,95,95,95,0,995,6105.03613816709,7,2
8378,30,86,1-30-2017-086-04,4,2,4T4BF1FKXFR4,17,49,40,2015,4,1,4,0,1,B,1,1467,5,0,1,1,1,105,1,0,0,995,0,0,0,85021,1,1,0,2,6,3,2,1,1,1,3,3,0,0,1,1,0,0,1,0,5,3,53,1,1,1,2,D,21,0,0,0,0,0,0,0,0,0,0,185,185,0,0,0,1,3,8,8,-1,6089,998,103,8,0,4,0,0,0,0,0,995,4013.78833145692,10,2
8370,33,108,1-33-2017-108-04,4,1,JTMBK34V1750,17,49,402,2007,14,3,14,0,1,F,1,1658,5,0,1,1,1,40,1,0,0,995,0,0,0,95973,1,2,2,1,2,1,2,1,1,1,0,2,0,0,1,1,2,2,3,0,1,2,17,2,1,1,5,L,88,0,0,0,0,0,0,0,0,0,0,140,50,0,0,0,1,4,18,-14,-12,19932,998,-131,12,0,4,0,0,0,0,0,995,187.581849100632,12,2
8382,15,91,1-15-2017-091-03,3,1,2GKFLTEK4G62,17,23,402,2016,14,3,14,0,1,F,9,1823,5,0,2,0,1,48,1,0,0,995,0,0,0,11010,1,2,0,4,4,1,2,1,1,1,1,3,0,0,1,8,0,0,1,0,1,3,50,99,1,1,2,D,20,0,0,0,0,0,0,0,0,0,0,90,90,0,0,0,0,0,999,999,999,9999999,999,999,999,9,0,0,0,0,0,0,995,208.777206828258,1,2
8382,15,91,1-15-2017-091-03,3,2,1FTNE14W37DA,17,12,461,2007,21,4,21,99,1,F,9,2107,5,9999,9,0,0,48,1,0,0,995,0,0,0,11545,9,9,0,4,4,1,2,1,1,1,1,3,0,0,1,8,0,0,9,0,5,3,53,99,1,1,2,D,21,0,0,0,0,0,0,0,0,0,0,90,90,0,0,0,0,0,999,999,999,9999999,999,999,999,9,0,95,95,95,95,0,995,208.777206828258,1,2
8375,22,109,1-22-2017-109-05,5,2,3FADP4EJ4CM1,17,12,32,2012,5,1,1,0,1,F,3,1170,5,0,1,1,1,72,1,0,0,995,0,0,0,99207,7,1,2,5,5,1,2,1,1,1,1,3,0,0,3,1,0,0,1,0,1,3,54,1,1,2,3,G,51,0,0,0,0,0,0,0,0,0,0,270,90,0,1,0,1,1,67,-67,0,66364,998,-26,36,0,1,1,2,0,4,0,995,87.190411196972,12,2
8379,30,87,1-30-2017-087-07,7,1,2FAHP71V89X1,17,12,16,2009,4,1,4,0,1,9,9,1900,5,9999,9,0,1,64,1,0,0,995,0,0,0,85266,9,9,2,4,2,1,2,1,1,2,1,2,0,0,5,1,0,0,9,1,1,4,65,8,1,4,1,A,3,0,0,0,0,0,0,0,0,0,0,998,998,0,1,2,0,0,999,999,999,9999999,999,999,999,9,0,0,0,0,0,0,998,4698.13567351607,10,2
8382,15,91,1-15-2017-091-03,3,3,WVWVD63B43E1,17,30,46,2003,6,1,3,0,1,B,9,1507,5,9999,9,0,0,48,1,0,0,995,0,0,0,11530,9,9,0,4,4,1,2,1,1,1,1,3,0,0,1,8,0,0,9,0,5,3,53,99,1,1,6,M,98,0,0,0,0,0,0,0,0,0,0,90,90,0,0,0,0,0,999,999,999,9999999,999,999,999,9,0,95,95,95,95,0,995,208.777206828258,1,2
8365,19,116,1-19-2017-116-05,5,1,1HGEJ6679XL0,17,37,31,1999,4,1,2,0,1,F,3,1067,5,0,1,1,1,72,1,0,0,995,0,0,0,35961,7,1,0,3,3,3,2,1,1,1,3,2,0,0,3,1,0,0,9,0,1,3,52,99,1,1,2,D,28,0,0,0,0,0,0,0,0,0,0,260,260,0,0,0,1,1,43,-43,0,26266,998,-35,24,0,4,0,0,0,0,0,995,79.9848995102589,9,2
8370,33,108,1-33-2017-108-04,4,2,1GNLC2E09ER1,17,20,421,2014,15,3,15,5,1,L,1,2480,5,46,1,3,1,56,1,0,0,995,0,0,0,95928,1,2,2,3,2,2,2,1,1,1,3,0,0,0,1,1,0,0,1,0,1,4,66,2,1,1,5,L,89,0,0,0,0,0,0,0,0,0,0,50,140,0,0,0,1,4,13,-8,10,43361,998,33,20,0,4,0,0,0,0,0,995,187.581849100632,12,2
8365,19,116,1-19-2017-116-05,5,2,3GSCL53778S5,17,24,401,2008,14,3,14,0,1,B,2,1849,5,0,1,1,1,72,1,0,1,0,2,1,2,35904,2,2,0,3,3,1,2,1,1,1,3,2,0,0,3,1,0,0,1,0,2,2,18,1,1,1,2,D,29,0,0,0,0,0,0,0,0,0,0,260,260,0,0,0,1,1,25,25,0,99787,998,0,37,0,4,2,6,0,3,0,995,79.9848995102589,9,2
8386,26,65,1-26-2017-065-07,7,1,1FTZF18W6WKC,17,12,481,1998,34,5,31,0,1,F,1,1977,5,9999,9,4,1,40,1,9,0,995,0,9,0,99999,1,9,2,4,2,1,2,1,1,1,0,0,0,0,1,1,0,0,9,1,11,2,15,99,9,2,5,L,86,0,0,0,0,0,0,0,0,0,0,220,340,0,0,0,1,3,10,-9,3,10692,998,156,9,0,4,99,99,0,99,0,995,1489.58076062803,10,2
8366,19,117,1-19-2017-117-03,3,1,2G4GV5EK2F91,17,18,19,2015,4,1,3,0,1,F,2,1652,5,0,1,1,1,89,1,0,1,99,2,0,1,36268,2,2,0,4,2,1,2,1,3,4,1,2,0,0,1,1,0,0,1,1,14,2,13,3,2,4,1,A,1,0,0,0,0,0,0,0,0,0,0,998,998,0,1,0,2,1,30,-30,0,57826,998,0,30,0,4,2,5,0,3,0,998,414.746879584373,9,2
8380,33,109,1-33-2017-109-03,3,1,1FM5K8AR1EGB,17,12,401,2014,14,3,14,5,1,F,9,2067,5,9999,9,0,1,48,1,0,0,995,0,0,0,95965,1,2,2,4,4,1,2,1,1,1,0,3,0,0,3,1,0,0,3,1,1,2,13,1,1,4,1,A,1,0,0,0,0,0,0,0,0,0,0,998,998,0,0,0,0,0,999,999,999,9999999,999,999,999,9,0,0,0,0,4,0,998,65.8727133970128,12,2
8367,19,118,1-19-2017-118-08,8,1,2MELM75W5SX6,17,14,6,1995,4,1,5,0,1,R,1,1717,5,0,1,2,0,56,1,0,0,995,0,0,0,35987,9,9,3,4,2,1,2,1,1,1,1,2,0,0,1,8,0,0,9,0,11,2,15,1,1,1,4,J,68,0,0,0,0,0,0,0,0,0,0,140,30,0,1,0,1,1,14,-7,-12,8430,998,132,8,0,1,95,95,95,95,0,995,486.871529691002,9,2
8386,26,65,1-26-2017-065-07,7,2,1C3CC4FB4AN1,17,6,43,2010,4,1,3,99,1,R,1,1599,5,0,1,1,1,56,1,0,0,995,0,0,0,95838,1,1,2,4,2,1,2,1,1,1,0,0,0,0,1,1,0,0,1,0,1,4,67,7,1,1,5,L,87,0,0,0,0,0,0,0,0,0,0,340,220,0,0,0,1,3,11,-8,-7,16136,998,106,12,0,4,1,1,0,0,0,995,1489.58076062803,10,2
8367,19,118,1-19-2017-118-08,8,2,4A3AK24F46E0,17,52,37,2006,3,1,2,0,1,F,1,1485,5,0,1,1,1,72,1,0,0,995,0,0,0,35954,2,2,3,4,2,1,2,1,1,1,1,2,0,0,1,8,0,0,9,0,1,4,62,4,1,1,4,J,69,0,0,0,0,0,0,0,0,0,0,30,140,0,1,0,1,1,16,-15,3,34074,998,55,22,0,1,1,1,0,4,0,995,486.871529691002,9,2
8373,21,62,1-21-2017-062-03,3,1,1C4PJLAB8GW1,17,2,404,2016,14,3,14,0,1,F,3,1669,5,0,1,1,1,64,1,0,0,995,0,0,0,92570,2,2,0,4,2,1,2,1,2,1,1,2,0,0,1,1,6,2,3,1,14,1,8,1,1,2,3,I,64,0,0,0,0,0,0,0,0,0,0,350,185,0,1,0,1,8,999,999,999,9999999,999,999,999,8,0,1,1,0,3,0,995,201.697409885435,11,2
8373,21,62,1-21-2017-062-03,3,2,5J6RM3H77FL0,17,37,402,2015,14,3,14,0,1,L,2,1586,5,9999,9,1,1,64,1,0,0,995,0,0,0,92860,1,9,0,4,2,1,2,1,3,1,1,2,0,0,1,1,6,2,9,0,14,4,62,99,1,1,3,I,65,0,0,0,0,0,0,0,0,0,0,185,350,0,1,0,1,8,999,999,999,9999999,999,999,999,7,0,99,99,0,99,0,995,201.697409885435,11,2
8387,33,110,1-33-2017-110-03,3,1,5TFUW5F12EX3,17,49,482,2014,34,5,31,0,1,F,2,2480,5,0,1,1,1,56,1,0,0,995,0,1,9,95973,3,2,0,1,2,1,2,1,1,1,5,0,0,0,1,1,0,0,1,1,6,2,11,99,1,2,2,F,46,0,0,0,0,0,0,0,0,0,0,998,998,0,0,1,5,1,36,-36,0,132901,998,0,36,0,3,2,6,0,4,0,998,65.8727133970128,12,2
8384,20,134,1-20-2017-134-02,2,1,JM1BN1M38H11,17,41,51,2017,5,1,3,0,1,T,3,1384,5,0,1,1,1,89,1,1,1,245,2,0,0,93926,9,1,0,4,2,1,2,1,3,1,1,2,0,0,2,1,0,0,9,1,14,2,13,99,1,4,1,A,1,1,2,2,2,5,4,31,1,1,3,997,997,0,0,0,4,6,999,999,999,9999999,999,999,999,8,0,3,19,1,3,2,997,39.0673380453663,11,2
8383,20,133,1-20-2017-133-06,6,1,999999999999,99,99,499,9999,48,6,48,99,1,9,9,9999,9,9999,9,0,0,105,1,8,0,995,0,7,0,99999,9,9,0,2,2,1,2,1,1,9,1,3,0,0,2,1,0,0,9,1,15,2,10,99,1,9,2,F,47,0,0,0,0,0,0,0,0,0,0,145,150,0,0,0,0,0,999,999,999,9999999,999,999,999,9,0,95,95,95,95,0,995,660.661115910169,11,2
8383,20,133,1-20-2017-133-06,6,2,1HGCM56425A1,17,37,32,2005,4,1,3,0,1,F,2,1389,5,0,1,1,1,105,1,0,1,0,2,0,0,94601,3,2,0,2,2,2,2,1,1,9,3,2,0,0,2,1,0,0,1,0,1,4,61,1,1,1,2,F,45,0,0,0,0,0,0,0,0,0,0,345,160,0,0,0,3,1,27,-26,9,63931,998,22,34,0,1,1,1,0,4,0,995,660.661115910169,11,2
8339,11,51,1-11-2017-051-03,3,1,JTEHD20V3460,17,49,402,2004,14,3,14,0,1,F,2,1361,5,9999,9,4,1,72,1,0,0,995,0,0,0,23113,9,9,2,1,4,4,2,1,1,1,3,2,0,0,1,1,0,0,9,0,1,4,66,99,1,1,5,L,88,0,0,0,0,0,0,0,0,0,0,110,10,0,0,0,1,3,31,-27,-15,41282,998,-92,22,0,4,1,3,0,8,0,995,1540.97904907861,8,2
8339,11,51,1-11-2017-051-03,3,2,3FA6P0HR8DR1,17,12,23,2013,4,1,4,0,1,L,2,1554,5,0,1,1,1,72,1,0,0,995,0,0,0,23236,9,9,2,1,2,1,2,1,1,1,0,0,0,0,1,1,2,2,9,0,1,2,17,99,1,1,5,L,89,0,0,0,0,0,0,0,0,0,0,10,110,0,0,0,1,3,27,-17,21,104554,998,-112,33,0,4,99,99,0,4,0,995,1540.97904907861,8,2
8347,11,53,1-11-2017-053-05,5,1,1GCEC14X69Z2,17,20,481,2009,34,5,31,0,1,F,9,2155,5,9999,9,0,1,72,1,0,0,995,0,0,0,23836,9,9,0,4,4,2,2,1,1,1,1,2,0,0,1,1,0,0,9,0,1,3,50,99,9,1,2,D,20,0,0,0,0,0,0,0,0,0,0,355,350,0,0,0,0,0,999,999,999,9999999,999,999,999,9,0,9,97,0,8,0,995,215.76360545375,8,2
8347,11,53,1-11-2017-053-05,5,2,1N4BA41E68C8,17,35,39,2008,4,1,4,0,1,B,9,1641,5,9999,9,4,1,72,1,0,0,995,0,0,0,27801,9,9,0,4,4,2,2,1,1,1,1,2,0,0,1,1,0,0,9,0,5,3,53,99,1,1,2,D,21,0,0,0,0,0,0,0,0,0,0,350,355,0,0,0,1,12,999,999,999,9999999,999,999,999,9,0,9,97,0,8,0,995,215.76360545375,8,2
8390,24,118,1-24-2017-118-10,10,1,2P4GP44G2XR1,17,9,442,1999,20,4,20,0,1,F,1,1672,5,0,1,1,1,40,1,0,0,995,0,0,0,08330,1,2,2,4,2,1,2,1,1,1,0,0,0,0,1,1,0,0,1,0,1,4,66,2,1,1,5,L,88,0,0,0,0,0,0,0,0,0,0,215,120,0,0,0,1,3,12,-11,-6,11087,998,-72,11,0,4,0,0,0,0,0,995,3772.89538261715,1,2
8390,24,118,1-24-2017-118-10,10,2,WDBLJ70G4XF0,17,42,47,1999,2,1,3,0,1,L,1,1525,9,9999,9,0,0,40,1,0,0,995,0,0,0,08234,9,9,2,4,2,1,2,1,1,1,0,0,0,0,1,1,2,2,9,0,1,2,17,99,1,1,5,L,89,0,0,0,0,0,0,0,0,0,0,120,215,0,0,0,1,3,16,-10,12,23530,998,67,17,0,4,95,95,95,95,0,995,3772.89538261715,1,2
8391,21,63,1-21-2017-063-06,6,1,JNKBV61E08M2,17,58,37,2008,4,1,4,0,1,F,1,1680,5,0,1,1,1,56,1,0,1,0,2,7,3,92223,2,9,2,4,5,1,2,1,1,1,0,3,0,0,1,1,0,0,9,1,1,1,6,99,1,4,1,A,2,0,0,0,0,0,0,0,0,0,0,998,998,0,0,0,3,10,999,999,999,9999999,999,999,12,2,0,1,1,0,4,0,998,290.276030450764,11,2
8260,14,58,1-14-2017-058-04,4,1,KMHDH4AE1EU1,17,55,35,2014,4,1,3,0,1,F,1,1305,5,0,2,1,1,72,1,0,0,995,0,0,0,78130,1,2,2,4,6,2,2,1,1,9,3,1,0,0,1,1,1,2,2,0,11,2,15,1,1,1,4,J,68,0,0,0,0,0,0,0,0,0,0,110,350,0,0,0,1,3,16,-15,-5,21733,998,-105,14,0,4,0,0,0,0,0,995,11935.4976259535,8,2
8260,14,58,1-14-2017-058-04,4,2,1C4PJLCB2HW6,17,2,404,2017,14,3,14,0,1,L,1,1669,5,9999,9,3,0,72,1,0,0,995,0,0,0,78133,9,9,2,4,5,2,2,1,1,9,3,1,0,0,1,1,1,2,9,0,1,3,55,99,1,1,4,J,69,0,0,0,0,0,0,0,0,0,0,350,110,0,0,0,1,3,20,-19,3,35135,998,-93,21,0,4,95,95,95,95,0,995,11935.4976259535,8,2
8389,18,60,1-18-2017-060-03,3,1,KM8NU73C38U0,17,55,421,2008,15,3,15,0,1,B,1,2009,5,0,1,1,1,72,1,0,0,995,0,0,0,54701,1,2,2,1,4,3,1,1,1,1,3,3,0,0,3,1,1,2,1,0,5,3,53,1,1,1,2,D,21,0,0,0,0,0,0,0,0,0,0,90,80,0,0,0,1,1,21,21,-4,45672,998,26,23,0,4,0,0,0,0,0,995,219.843550605558,6,2