CASEID,PSU,CASENO,CASENUMBER,CATEGORY,VEHNO,VIN,VINLENGTH,MAKE,MODEL,MODELYR,BODYTYPE,BODYCAT,VEHCLASS,SPECUSE,TRANSTAT,DAMPLANE,DAMSEV,CURBWT,CURBSRC,CARGOWT,CARGOSRC,INSPTYPE,TOWSTAT,SPEEDLIMIT,DRPRESENT,PARALCOHOL,ALCTEST,ALCTESTRESULT,ALCTESTSRC,PARDRUG,DRUGTEST,ZIP,RACE,ETHNICITY,RELTOJUNCT,TRAFFLOW,RDLANES,INITLANE,SURFTYPE,SURFCOND,ALIGNMENT,PROFILE,LINERIGHT,LINELEFT,RUMBINIT,RUMBROAD,LIGHTCOND,WEATHER,TRAFDEV,TRAFFUNCT,DISTRACT,PREFHE,PREMOVE,CRITCAT,CRITEVENT,MANEUVER,PRESTAB,PRELOC,CRASHCAT,CRASHCONF,CRASHTYPE,ROLLTYPE,ROLLTURN,ROLLINTRPT,ROLLPREMAN,ROLLINITYP,ROLLINLOC,ROLLOBJ,ROLLTRIP,ROLLDIR,ROLLDIST,DVANGTHIS,DVANGOTH,TOWHITCH,TRAJDOC,TREEPOLE,DVEVENT,DVBASIS,DVTOTAL,DVLONG,DVLAT,DVENERGY,DVSPEED,DVMOMENT,DVBES,DVEST,DVCONF,VAIS,VISS,VINJURED,VTREAT,INITOBJCLASS,HEADANGLECAT,CASEWGT,PSUSTRAT,VERSION
8389,18,60,1-18-2017-060-03,3,2,ML32A3HJ6EH0,17,52,48,2014,5,1,1,0,1,F,3,930,5,0,1,1,1,72,1,1,8,997,8,0,0,54701,1,2,2,1,4,2,1,1,1,1,1,3,0,0,3,1,1,2,3,1,15,3,50,1,1,2,2,D,20,0,0,0,0,0,0,0,0,0,0,80,90,0,0,0,1,1,49,-49,0,81141,998,-4,47,0,4,2,5,0,6,0,995,219.843550605558,6,2
8385,20,135,1-20-2017-135-03,3,1,KMHDN46D25U0,17,55,35,2005,4,1,2,0,1,F,9,1217,5,9999,9,0,1,48,1,9,0,995,0,9,0,93955,1,9,2,1,4,3,2,1,1,4,3,1,0,0,3,1,1,2,9,0,1,3,55,99,1,1,4,J,69,0,0,0,0,0,0,0,0,0,0,190,340,0,0,0,0,0,999,999,999,9999999,999,999,999,9,0,99,99,0,99,0,995,340.633979291412,11,2
8385,20,135,1-20-2017-135-03,3,2,3GYFNBE30GS5,17,19,20,2016,6,1,4,0,1,F,1,1940,5,0,1,3,1,40,1,0,0,995,0,0,0,93955,1,9,2,1,4,4,2,1,1,2,1,0,0,0,3,1,1,2,9,0,11,4,63,99,1,1,4,J,68,0,0,0,0,0,0,0,0,0,0,330,190,0,0,0,1,12,999,999,999,9999999,999,999,999,2,0,9,97,0,99,0,995,340.633979291412,11,2
8354,28,59,1-28-2017-059-10,10,1,1G1ZT51F56F1,17,20,37,2006,4,1,3,0,1,T,2,1500,5,0,1,1,1,56,1,0,0,995,0,0,0,16858,1,2,0,4,2,1,2,1,3,4,0,2,0,0,4,1,0,0,1,1,14,1,8,2,2,4,1,A,2,1,4,2,2,1,4,61,1,2,9,997,997,0,1,0,2,6,999,999,999,9999999,999,999,999,7,0,1,1,0,0,3,997,10040.0218377119,3,2
8383,20,133,1-20-2017-133-06,6,3,2C3KA43R58H2,17,6,51,2008,4,1,5,0,1,F,1,1706,5,0,1,1,1,105,1,0,0,995,0,0,0,93901,9,1,0,2,2,2,2,1,1,9,3,2,0,0,2,1,0,0,9,0,1,4,64,99,1,1,6,M,98,0,0,0,0,0,0,0,0,0,0,160,345,0,0,0,3,1,22,-21,8,20084,998,77,15,0,1,1,2,0,4,0,995,660.661115910169,11,2
8204,10,45,1-10-2017-045-03,3,1,2T1BURHE8EC1,17,49,32,2014,4,1,3,0,1,F,1,1290,5,0,1,1,1,56,1,0,0,995,0,0,0,45414,9,9,2,4,2,1,2,1,1,1,0,0,0,0,2,1,2,2,9,0,11,2,15,99,1,1,4,K,80,0,0,0,0,0,0,0,0,0,0,80,230,0,0,0,1,1,22,-14,17,50644,998,134,22,0,4,99,99,0,0,0,995,152.964406820762,4,2
8204,10,45,1-10-2017-045-03,3,2,1GTEC19V71Z2,17,23,481,2001,34,5,31,0,1,F,9,9999,9,9999,9,0,1,56,1,0,0,995,0,0,0,45429,9,9,2,4,3,1,2,1,1,1,1,2,0,0,2,1,0,0,9,0,1,4,67,99,9,1,4,K,81,0,0,0,0,0,0,0,0,0,0,230,80,0,0,0,0,0,999,999,999,9999999,999,999,999,9,0,99,99,0,99,0,995,152.964406820762,4,2
8352,25,41,1-25-2017-041-10,10,1,5FPYK1F45AB0,17,37,471,2010,34,5,30,0,1,L,1,2043,5,9999,9,0,0,56,1,0,0,995,0,0,0,13126,9,9,2,4,2,1,2,1,3,2,0,0,0,0,5,5,2,2,9,0,11,2,15,99,1,1,4,K,82,0,0,0,0,0,0,0,0,0,0,240,20,0,0,0,1,3,18,-16,9,65509,998,-97,23,0,4,95,95,95,95,0,995,2532.22076355816,2,2
8352,25,41,1-25-2017-041-10,10,2,1B3EL46R16N2,17,7,43,2006,4,1,3,0,1,F,2,1472,8,0,1,1,1,56,1,0,0,995,0,0,0,04530,9,9,2,4,2,1,2,1,1,4,1,2,0,0,5,5,0,0,9,0,1,4,67,99,1,1,4,K,83,0,0,0,0,0,0,0,0,0,0,20,240,0,1,0,1,3,26,-26,-5,25481,998,-68,20,0,4,0,0,0,0,0,995,2532.22076355816,2,2
8401,24,121,1-24-2017-121-04,4,1,1C4PJMCS5EW1,17,2,422,2014,15,3,15,0,1,R,2,1712,5,0,1,1,1,56,1,1,1,150,1,0,0,08081,1,2,0,4,2,1,2,1,2,1,2,1,0,0,3,1,0,0,3,1,14,2,13,2,1,4,1,A,3,0,0,0,0,0,0,0,0,0,0,998,998,0,1,5,3,11,999,999,999,9999999,999,999,999,7,0,0,0,0,0,0,998,1472.88009741631,1,2
8403,23,108,1-23-2017-108-06,6,1,3FADP4EJ3CM1,17,12,32,2012,5,1,1,0,1,F,1,1170,5,0,1,1,1,89,1,0,0,995,0,0,0,43320,1,2,0,4,2,1,2,2,1,4,1,2,0,0,2,2,0,0,1,1,1,2,13,1,1,4,1,A,1,0,0,0,0,0,0,0,0,0,0,998,998,0,0,1,1,1,16,-16,0,13321,998,37,16,0,4,0,0,0,5,0,998,319.168872614433,5,2
8404,23,109,1-23-2017-109-03,3,1,1HGCR2F34HA1,17,37,32,2017,4,1,4,0,1,F,1,1496,5,0,1,1,1,72,1,0,0,995,0,0,0,43035,1,2,2,1,2,2,2,1,1,1,1,2,0,0,1,1,1,2,2,0,11,2,15,1,1,1,4,J,68,0,0,0,0,0,0,0,0,0,0,210,90,0,0,0,1,1,22,-22,-4,43718,998,-34,26,0,1,0,0,0,0,0,995,164.562073544814,5,2
8402,11,54,1-11-2017-054-09,9,1,JNKCV51F24M7,17,58,37,2004,4,1,4,0,1,F,2,1536,5,0,1,1,1,89,1,1,8,997,8,7,9,23805,1,2,0,1,4,1,2,1,2,2,1,2,0,0,3,1,0,0,9,1,14,1,9,2,9,4,1,B,7,0,0,0,0,0,0,0,0,0,0,998,998,0,0,0,1,1,31,-29,11,67017,998,62,31,0,4,1,1,0,8,0,998,11639.6206078446,8,2
8404,23,109,1-23-2017-109-03,3,2,1HGCP2F34CA0,17,37,32,2012,4,1,4,0,1,F,1,1523,5,0,1,1,1,72,1,0,0,995,0,0,0,43035,7,2,2,4,3,1,2,1,1,1,1,1,0,0,1,1,1,2,1,0,1,4,62,8,1,1,4,J,69,0,0,0,0,0,0,0,0,0,0,90,210,0,0,0,1,1,23,-15,18,20871,998,32,18,0,1,1,1,0,4,0,995,164.562073544814,5,2
8405,23,110,1-23-2017-110-06,6,1,2T1BU4EE3BC6,17,49,32,2011,4,1,2,0,1,F,1,1255,5,0,1,1,1,72,1,0,0,995,0,0,0,43015,1,2,0,5,5,2,2,1,1,1,3,2,0,0,1,1,0,0,3,0,1,3,52,4,1,1,2,D,28,0,0,0,0,0,0,0,0,0,0,180,180,0,0,0,2,4,15,-15,0,8553,998,64,12,0,4,0,0,0,0,0,995,319.168872614433,5,2
8405,23,110,1-23-2017-110-06,6,2,1G1ZH5SX2HF1,17,20,37,2017,4,1,4,0,1,B,1,1536,5,9999,9,0,0,72,1,0,0,995,0,0,0,43015,9,9,0,5,5,2,2,1,1,1,3,2,0,0,1,1,0,0,1,0,2,3,53,99,1,1,2,D,29,0,0,0,0,0,0,0,0,0,0,170,180,0,0,0,1,3,11,11,0,8441,998,0,12,0,4,95,95,95,95,0,995,319.168872614433,5,2
8405,23,110,1-23-2017-110-06,6,3,3TMCZ5AN3HM0,17,49,472,2017,34,5,30,0,1,L,1,1984,5,0,1,4,0,72,1,0,0,995,0,0,0,43015,9,9,0,5,5,1,2,1,1,1,1,3,0,0,1,1,0,0,1,0,2,4,60,99,1,1,6,M,98,0,0,0,0,0,0,0,0,0,0,180,180,0,0,0,2,4,10,10,0,15267,998,92,12,0,4,95,95,95,95,0,995,319.168872614433,5,2
8399,24,119,1-24-2017-119-03,3,1,JM1BL1SG2A13,17,41,51,2010,4,1,2,0,1,F,1,1354,5,0,1,1,1,0,1,0,0,995,0,0,0,08081,2,2,3,4,2,1,2,1,1,1,0,0,0,0,1,1,2,2,1,0,11,2,15,2,1,1,4,K,76,0,0,0,0,0,0,0,0,0,0,130,45,0,0,0,1,3,5,-4,-3,1601,998,-127,4,0,4,0,0,0,0,0,995,343.825499815931,1,2
8399,24,119,1-24-2017-119-03,3,2,1HGCT1B88EA0,17,37,32,2014,2,1,3,0,1,L,1,1509,5,0,1,1,1,64,1,0,0,995,0,0,0,08004,1,2,3,4,4,3,2,1,1,1,3,2,0,0,1,1,0,0,1,0,1,4,70,1,1,1,4,K,77,0,0,0,0,0,0,0,0,0,0,45,130,0,0,0,1,3,4,-2,4,3715,998,-135,6,0,4,0,0,0,4,0,995,343.825499815931,1,2
8415,32,126,1-32-2017-126-03,3,1,3C6JR7DT5EG2,17,7,482,2014,34,5,31,0,1,F,1,2318,5,0,1,1,1,72,1,0,0,995,0,0,0,75056,1,2,2,1,4,2,1,1,1,1,1,1,0,0,3,1,1,2,9,0,1,4,66,8,1,1,5,L,86,0,0,0,0,0,0,0,0,0,0,320,60,0,0,0,1,3,24,-19,16,58016,998,166,18,0,4,9,97,0,5,0,995,953.614861514524,7,2
8415,32,126,1-32-2017-126-03,3,2,2C3KA73WX6H2,17,6,51,2006,4,1,5,0,1,R,2,1888,5,9999,9,4,1,72,1,0,0,995,0,0,0,75043,1,1,2,2,4,3,1,1,1,1,3,1,0,0,3,1,1,2,9,0,1,4,66,99,1,1,5,L,87,0,0,0,0,0,0,0,0,0,0,60,320,0,0,0,1,3,30,-23,-19,119358,998,-23,38,0,4,0,0,0,0,0,995,953.614861514524,7,2
8400,24,120,1-24-2017-120-03,3,1,2FMDK3GC6EBA,17,12,24,2014,6,1,4,0,1,F,1,1852,5,0,1,1,1,64,1,0,0,995,0,0,0,08037,1,2,2,4,2,1,2,1,1,2,1,2,0,0,2,1,0,0,3,1,1,2,13,1,1,4,1,A,1,0,0,0,0,0,0,0,0,0,0,998,998,0,0,1,1,1,11,-11,0,10395,998,-18,11,0,4,99,99,0,0,0,998,343.825499815931,1,2
8421,32,127,1-32-2017-127-06,6,1,2GNALBEK0C11,17,20,404,2012,14,3,14,0,1,B,1,1706,5,0,1,1,1,105,1,0,0,995,0,0,0,75033,1,2,0,2,3,3,2,1,1,1,3,2,0,0,1,1,0,0,9,0,5,3,53,99,1,1,2,D,21,0,0,0,0,0,0,0,0,0,0,275,275,0,0,0,1,3,18,18,0,17531,998,0,16,0,4,99,99,0,0,0,995,1849.54025980399,7,2
8419,16,76,1-16-2017-076-04,4,1,2HKRM3H78EH5,17,37,402,2014,14,3,14,0,1,U,1,1583,5,0,1,4,1,56,1,0,0,995,0,0,0,45208,1,2,4,4,4,2,2,2,1,2,3,2,0,0,4,2,0,0,1,1,11,2,15,1,1,4,1,B,6,0,0,0,0,0,0,0,0,0,0,998,998,0,0,0,1,10,999,999,999,9999999,999,999,999,6,0,0,0,0,0,0,998,1988.35356427731,5,2
8420,16,77,1-16-2017-077-03,3,1,999999999999,99,99,399,9999,9,1,9,99,1,R,9,9999,9,9999,9,0,0,56,1,1,0,995,0,1,0,99999,9,9,2,4,2,1,2,1,1,4,0,2,0,0,3,1,1,2,9,0,11,2,15,1,1,1,4,K,76,0,0,0,0,0,0,0,0,0,0,130,90,0,0,0,0,0,999,999,999,9999999,999,999,999,9,0,95,95,95,95,0,995,591.83275996298,5,2
8420,16,77,1-16-2017-077-03,3,2,19UUB3F58FA0,17,54,44,2015,4,1,4,0,1,L,2,1700,5,0,1,1,1,56,1,0,0,995,0,0,0,45226,9,9,2,4,3,2,2,1,1,4,3,2,0,0,3,1,1,2,9,0,1,4,65,1,1,1,4,K,77,0,0,0,0,0,0,0,0,0,0,90,130,0,0,0,1,11,999,999,999,9999999,999,999,999,7,0,9,97,0,99,0,995,591.83275996298,5,2
8414,26,66,1-26-2017-066-06,6,1,WVWMP7AN4AE5,17,30,46,2010,4,1,3,0,1,F,1,1530,5,0,1,1,1,40,1,0,1,0,1,1,3,95655,1,2,0,4,2,1,2,1,1,1,0,0,0,0,1,1,0,0,9,1,1,2,13,99,1,4,1,C,11,0,0,0,0,0,0,0,0,0,0,200,200,0,0,0,1,1,16,-16,0,11125,998,12,13,0,1,1,1,0,4,0,995,2041.29421691573,10,2
8421,32,127,1-32-2017-127-06,6,2,1B4HR28Y5XF6,17,7,402,1999,14,3,14,0,1,F,1,1932,5,0,1,1,1,105,1,0,0,995,0,0,0,75159,2,2,0,2,3,3,2,1,1,1,2,3,0,0,1,1,0,0,1,0,1,3,50,2,1,1,2,D,20,0,0,0,0,0,0,0,0,0,0,275,275,0,0,0,1,3,16,-16,0,25550,998,0,18,0,4,1,1,0,5,0,995,1849.54025980399,7,2
8427,17,82,1-17-2017-082-04,4,1,1C4RDJEG7HC8,17,7,422,2017,15,3,15,0,1,F,1,2262,5,0,2,1,1,48,1,0,0,995,0,0,0,61254,1,2,2,4,2,1,2,1,1,1,0,0,0,0,1,1,2,2,1,0,11,2,15,2,1,1,4,K,84,0,0,0,0,0,0,0,0,0,0,310,140,0,0,0,1,4,19,-19,0,13980,998,1,12,0,4,0,0,0,0,0,995,634.612783310363,4,2
8427,17,82,1-17-2017-082-04,4,2,1G6DW6776501,17,19,21,2005,4,1,5,0,1,F,2,1750,5,0,1,5,0,48,1,0,0,995,0,0,0,61201,9,9,2,4,2,1,2,1,1,1,0,0,0,0,1,1,2,2,1,0,11,2,15,2,1,1,4,K,84,0,0,0,0,0,0,0,0,0,0,140,310,0,0,0,1,4,25,-24,4,65908,998,38,30,0,4,95,95,95,95,0,995,634.612783310363,4,2
8425,22,110,1-22-2017-110-05,5,1,JTMRF4DV3A50,17,49,402,2010,14,3,14,0,1,F,9,1579,5,0,1,1,1,97,1,0,1,0,2,7,3,99156,1,2,0,4,2,1,2,1,1,4,1,4,3,3,5,1,0,0,9,1,1,2,10,1,1,2,3,G,50,1,1,2,5,6,4,48,3,1,3,310,160,0,0,0,1,5,999,999,999,9999999,999,999,70,0,0,3,19,1,3,3,995,86.787006093204,12,2
8425,22,110,1-22-2017-110-05,5,2,4V4NC9EH0FN1,17,51,881,2015,66,8,68,0,1,F,9,,,,,,1,97,1,0,0,995,0,0,0,99003,9,9,0,4,2,1,2,1,1,2,1,4,3,3,5,1,0,0,1,0,1,4,62,4,1,2,3,G,51,,,,,,,,,,,,,,,,,,,,,,,,,,,95,95,95,95,,,86.787006093204,12,2
8426,17,81,1-17-2017-081-07,7,1,1FAHP2EW1CG1,17,12,17,2012,4,1,4,0,1,F,1,1822,5,0,1,1,1,113,1,9,0,995,0,9,0,60103,1,2,0,2,2,1,2,2,1,1,1,3,2,3,2,1,0,0,1,0,1,6,87,1,1,1,1,C,13,0,0,0,0,0,0,0,0,0,0,998,998,0,0,0,1,10,999,999,999,9999999,999,999,12,2,0,0,0,0,0,0,998,714.050966343161,4,2
8428,17,83,1-17-2017-083-06,6,1,1G1AL58F6871,17,20,22,2008,4,1,2,0,1,T,1,1261,5,0,1,1,1,89,1,9,1,0,2,9,1,61254,1,2,0,4,2,1,2,1,1,1,1,4,0,0,2,1,0,0,3,1,1,2,12,3,4,4,1,B,7,1,2,2,2,1,3,61,1,1,8,997,997,0,0,0,2,6,999,999,999,9999999,999,999,999,6,0,1,2,0,4,3,997,350.703264607316,4,2
8435,12,62,1-12-2017-062-03,3,1,KMHD74LF8HU4,17,55,35,2017,4,1,3,0,1,F,9,1275,5,0,1,1,1,113,1,0,0,995,0,0,0,75052,9,9,0,2,2,2,2,1,1,1,3,2,1,3,3,8,0,0,9,1,1,3,51,1,1,2,2,D,24,0,0,0,0,0,0,0,0,0,0,190,185,0,0,0,1,5,999,999,999,9999999,999,999,13,0,0,9,97,0,8,0,995,441.848965718857,9,2
8432,21,66,1-21-2017-066-04,4,1,999999999999,99,49,40,2014,4,1,3,0,1,F,9,1441,5,9999,9,0,1,56,1,0,0,995,0,0,0,92407,9,9,2,1,3,1,2,1,1,1,0,1,0,0,1,8,1,2,9,1,1,2,17,99,1,1,5,L,88,0,0,0,0,0,0,0,0,0,0,998,998,0,0,6,0,0,999,999,999,9999999,999,999,999,9,0,99,99,0,99,0,998,208.351781361168,11,2
8430,21,64,1-21-2017-064-03,3,1,1C3CDFBB8FD3,17,7,29,2015,4,1,3,0,1,F,1,1445,5,0,1,1,1,64,1,1,9,998,8,7,9,92376,9,1,3,5,5,1,2,1,1,1,0,3,0,0,1,8,0,0,9,1,1,2,12,99,1,4,1,B,6,0,0,0,0,0,0,0,0,0,0,998,998,0,1,9,2,1,12,-12,0,10211,998,-66,12,0,4,1,1,0,4,0,998,201.697409885435,11,2
8431,21,65,1-21-2017-065-09,9,1,KNAFB1210251,17,63,33,2002,4,1,1,0,1,F,1,1212,5,0,1,1,1,40,1,0,1,164,2,0,2,92376,9,1,0,4,2,1,2,1,1,1,0,2,0,0,3,1,0,0,3,1,1,2,11,99,1,4,1,A,1,1,2,2,1,7,1,2,2,2,10,270,270,0,1,0,1,8,999,999,999,9999999,999,999,999,6,0,1,3,0,4,1,995,309.073280791681,11,2
8434,30,88,1-30-2017-088-08,8,1,2GTEK19T2412,17,23,481,2004,34,5,31,0,1,T,2,2151,5,0,1,1,1,80,1,0,1,269,2,0,1,85396,1,1,0,4,2,1,2,1,1,1,1,4,0,0,2,1,0,0,9,1,1,2,13,3,1,4,1,A,1,1,8,2,2,1,4,61,1,2,65,997,997,0,1,0,2,6,999,999,999,9999999,999,999,999,7,0,3,27,1,3,3,997,1381.56410226577,10,2
8432,21,66,1-21-2017-066-04,4,2,1FT7W2BT4HEC,17,12,481,2017,34,5,31,0,1,L,1,2938,5,272,2,1,1,56,1,0,0,995,0,0,0,92342,9,1,2,4,5,2,2,1,1,1,3,2,0,0,1,8,1,2,1,0,1,4,66,9,1,1,5,L,89,0,0,0,0,0,0,0,0,0,0,10,110,0,0,0,1,8,999,999,999,9999999,999,999,999,6,0,0,0,0,0,0,995,208.351781361168,11,2
8442,27,27,1-27-2017-027-09,9,1,1J4FF68SXXL6,17,2,404,1999,14,3,14,0,1,L,1,1524,8,0,1,2,0,48,1,0,0,995,0,0,9,01247,9,9,3,4,2,1,2,2,1,1,0,0,0,0,3,2,0,0,3,0,11,2,15,99,1,1,4,K,82,0,0,0,0,0,0,0,0,0,0,40,170,0,0,0,1,1,13,-10,9,3633,998,6,8,0,1,95,95,95,95,0,995,967.84424913776,3,2
8436,20,136,1-20-2017-136-06,6,1,3GNBABFW0BS5,17,20,23,2011,6,1,2,0,1,L,1,1431,5,0,1,1,1,72,1,0,0,995,0,0,0,93955,1,9,0,4,2,1,2,1,1,4,0,2,0,0,1,1,0,0,9,1,1,2,12,99,2,4,1,B,7,0,0,0,0,0,0,0,0,0,0,998,998,0,0,2,3,10,999,999,999,9999999,999,999,20,2,0,2,5,0,3,0,998,251.653866514024,11,2
8442,27,27,1-27-2017-027-09,9,2,2G4WS52M7X16,17,18,7,1999,4,1,3,0,1,F,1,1516,5,0,1,1,1,48,1,0,9,998,8,0,9,01247,9,9,3,1,2,1,2,2,1,1,0,2,0,0,3,2,0,0,1,0,1,4,72,2,1,1,4,K,83,0,0,0,0,0,0,0,0,0,0,170,40,0,0,0,1,1,13,-13,-2,18309,998,2,17,0,1,99,99,0,0,0,995,967.84424913776,3,2
8440,33,112,1-33-2017-112-06,6,1,2HKYF18464H5,17,37,421,2004,15,3,15,0,1,R,9,2007,5,9999,9,0,0,999,1,0,0,995,0,0,0,95966,9,9,2,4,3,1,2,1,1,1,0,1,0,0,1,1,1,2,9,0,1,2,17,99,1,1,4,K,83,0,0,0,0,0,0,0,0,0,0,230,100,0,0,0,0,0,999,999,999,9999999,999,999,999,9,0,95,95,95,95,0,995,91.1122081019806,12,2
8440,33,112,1-33-2017-112-06,6,2,1GNLREED0AS1,17,20,24,2010,6,1,5,0,1,9,9,2141,5,0,1,3,1,999,1,0,0,995,0,0,0,96021,1,2,2,4,2,1,2,1,1,1,0,2,0,0,1,1,1,2,1,0,11,4,66,1,1,1,4,K,82,0,0,0,0,0,0,0,0,0,0,100,230,0,0,0,1,12,999,999,999,9999999,999,999,999,9,0,1,2,0,6,0,995,91.1122081019806,12,2
8441,33,113,1-33-2017-113-09,9,1,3GNGK26G93G2,17,20,431,2003,16,3,16,0,1,T,2,2687,5,0,1,1,1,89,1,0,0,995,0,0,0,95925,1,1,0,4,2,1,2,2,2,4,1,2,0,0,1,2,0,0,1,1,14,1,6,99,4,4,1,A,2,1,2,2,2,1,4,61,1,1,15,997,997,0,0,0,1,6,999,999,999,9999999,999,999,999,7,0,1,2,0,5,3,997,296.889945671954,12,2
8416,19,119,1-19-2017-119-03,3,1,1GNDS13S3224,17,20,401,2002,14,3,14,0,1,F,1,2015,5,9999,9,0,0,72,1,0,0,995,0,0,0,35954,9,9,2,1,4,4,2,1,1,1,1,2,0,0,5,1,1,2,9,1,11,2,15,99,1,1,4,J,68,0,0,0,0,0,0,0,0,0,0,320,180,0,0,0,1,3,8,-8,0,3534,998,0,7,0,4,95,95,95,95,0,995,207.991266425787,9,2
8416,19,119,1-19-2017-119-03,3,2,1N4AL3AP0DN4,17,35,47,2013,4,1,3,0,1,L,1,1420,5,0,1,1,1,72,1,0,0,995,0,0,0,35903,2,2,2,1,4,4,2,1,1,1,3,2,0,0,5,1,1,2,1,0,1,2,17,2,1,1,4,J,69,0,0,0,0,0,0,0,0,0,0,180,320,0,0,0,1,3,11,-8,7,9348,998,26,12,0,4,2,4,0,4,0,995,207.991266425787,9,2
8418,19,121,1-19-2017-121-07,7,1,1FTRF12W19KA,17,12,481,2009,34,5,31,0,1,F,1,2159,5,0,1,1,1,56,1,0,0,995,0,0,0,35905,1,2,2,4,2,1,2,1,1,1,1,2,0,0,3,5,0,0,3,0,1,2,17,2,1,4,1,C,14,0,0,0,0,0,0,0,0,0,0,998,998,0,0,0,2,1,14,-14,0,17081,998,10,14,0,4,0,0,0,0,0,998,1030.67200677125,9,2
8429,19,122,1-19-2017-122-04,4,1,1GTN1LEH8GZ3,17,23,481,2016,34,5,31,0,1,F,1,2127,5,0,1,1,1,40,1,0,0,995,0,0,0,35903,1,2,3,1,2,1,2,1,1,4,0,2,0,0,1,1,0,0,3,0,1,3,52,2,1,1,2,D,28,0,0,0,0,0,0,0,0,0,0,20,70,0,0,0,1,3,14,-14,-2,24424,998,-31,17,0,4,0,0,0,0,0,995,1002.02528561911,9,2
8429,19,122,1-19-2017-122-04,4,2,JHMEH6268RS0,17,37,31,1994,2,1,1,0,1,B,2,1087,5,9999,9,0,0,40,1,0,0,995,0,0,0,35903,9,9,3,4,2,1,2,1,1,4,0,2,0,0,1,1,0,0,9,0,10,3,52,99,1,1,2,D,31,0,0,0,0,0,0,0,0,0,0,70,20,0,0,0,1,3,27,21,-17,67687,998,145,26,0,4,95,95,95,95,0,995,1002.02528561911,9,2
8413,10,49,1-10-2017-049-03,3,1,1FAHP2KT2EG1,17,12,17,2014,4,1,4,0,1,R,2,1918,5,0,1,1,1,89,1,1,2,996,1,1,0,45417,9,9,0,2,2,1,2,1,3,1,1,3,0,0,3,8,0,0,9,1,14,1,6,99,9,4,1,A,2,0,0,0,0,0,0,0,0,0,0,998,998,0,0,6,3,10,999,999,999,9999999,999,999,999,7,0,0,0,0,0,0,998,157.203392850803,4,2
8435,12,62,1-12-2017-062-03,3,2,1GBKG31KX911,17,20,988,2009,58,7,58,3,1,B,9,,,,,,0,113,1,0,0,995,0,0,0,73401,9,9,0,2,2,1,2,1,1,1,1,3,2,3,3,8,0,0,9,0,1,3,53,1,1,1,2,D,25,,,,,,,,,,,,,,,,,,,,,,,,,,,95,95,95,95,,,441.848965718857,9,2
8433,18,61,1-18-2017-061-04,4,1,2GNAXSEV9J61,17,20,404,2018,14,3,14,0,1,F,1,1578,8,0,1,1,1,113,1,0,0,995,0,0,0,54738,1,2,0,1,2,1,2,1,3,1,3,2,1,3,2,1,0,0,1,0,14,6,87,2,1,1,1,C,13,0,0,0,0,0,0,0,0,0,0,998,998,0,0,0,1,10,999,999,999,9999999,999,999,20,2,0,1,1,0,0,0,998,3486.74804297256,6,2
8451,25,45,1-25-2017-045-05,5,1,3B7HF13Z81G2,17,7,482,2001,34,5,31,0,1,F,1,2285,5,100,1,1,1,56,1,0,0,995,0,0,0,04072,9,9,2,1,5,2,2,1,1,1,1,1,0,0,3,1,1,2,1,0,1,4,62,99,1,1,4,J,69,0,0,0,0,0,0,0,0,0,0,210,320,0,1,0,1,1,16,-16,3,42334,998,44,20,0,4,0,0,0,0,0,995,180.298059512851,2,2
8451,25,45,1-25-2017-045-05,5,2,1B3LC56R98N6,17,7,26,2008,4,1,3,0,1,R,1,1542,5,0,1,1,1,56,1,0,0,995,0,0,0,03038,9,9,2,1,5,3,2,1,1,1,1,2,0,0,3,1,1,2,1,0,11,2,15,1,1,1,4,J,68,0,0,0,0,0,0,0,0,0,0,320,210,0,1,0,1,1,21,-11,-19,20340,998,45,16,0,4,2,5,0,3,0,995,180.298059512851,2,2
8411,28,60,1-28-2017-060-06,6,1,1G4GD5EG5AF1,17,18,22,2010,4,1,4,0,1,B,3,1904,5,0,1,1,1,113,1,0,0,995,0,0,0,16901,1,2,0,3,2,1,2,1,1,4,1,3,2,3,2,1,0,0,3,0,2,3,53,2,1,1,2,D,29,0,0,0,0,0,0,0,0,0,0,350,350,0,0,0,1,5,999,999,999,9999999,999,999,999,8,0,3,10,1,3,0,995,183.164933711255,3,2
8411,28,60,1-28-2017-060-06,6,2,1FUBGDBG8ELF,17,82,881,2014,66,8,68,0,1,F,9,,,,,,1,113,1,0,0,995,0,0,0,14009,9,9,0,3,2,1,2,1,1,4,1,3,2,3,2,1,0,0,9,0,1,3,52,2,1,1,2,D,28,,,,,,,,,,,,,,,,,,,,,,,,,,,95,95,95,95,,,183.164933711255,3,2
8412,28,61,1-28-2017-061-03,3,1,JN8AS5MV1DW6,17,35,51,2013,6,1,3,0,1,F,2,1574,5,0,1,1,1,89,1,0,1,0,2,0,1,16929,1,2,2,4,2,1,2,1,1,1,1,2,3,3,1,1,0,0,2,0,1,3,52,4,1,1,2,D,28,0,0,0,0,0,0,0,0,0,0,285,280,0,0,0,1,1,36,-36,0,51096,998,0,28,0,1,3,18,1,3,0,995,120.201438006526,3,2