CASEID,PSU,CASENO,CASENUMBER,CATEGORY,VEHNO,VIN,VINLENGTH,MAKE,MODEL,MODELYR,BODYTYPE,BODYCAT,VEHCLASS,SPECUSE,TRANSTAT,DAMPLANE,DAMSEV,CURBWT,CURBSRC,CARGOWT,CARGOSRC,INSPTYPE,TOWSTAT,SPEEDLIMIT,DRPRESENT,PARALCOHOL,ALCTEST,ALCTESTRESULT,ALCTESTSRC,PARDRUG,DRUGTEST,ZIP,RACE,ETHNICITY,RELTOJUNCT,TRAFFLOW,RDLANES,INITLANE,SURFTYPE,SURFCOND,ALIGNMENT,PROFILE,LINERIGHT,LINELEFT,RUMBINIT,RUMBROAD,LIGHTCOND,WEATHER,TRAFDEV,TRAFFUNCT,DISTRACT,PREFHE,PREMOVE,CRITCAT,CRITEVENT,MANEUVER,PRESTAB,PRELOC,CRASHCAT,CRASHCONF,CRASHTYPE,ROLLTYPE,ROLLTURN,ROLLINTRPT,ROLLPREMAN,ROLLINITYP,ROLLINLOC,ROLLOBJ,ROLLTRIP,ROLLDIR,ROLLDIST,DVANGTHIS,DVANGOTH,TOWHITCH,TRAJDOC,TREEPOLE,DVEVENT,DVBASIS,DVTOTAL,DVLONG,DVLAT,DVENERGY,DVSPEED,DVMOMENT,DVBES,DVEST,DVCONF,VAIS,VISS,VINJURED,VTREAT,INITOBJCLASS,HEADANGLECAT,CASEWGT,PSUSTRAT,VERSION
8412,28,61,1-28-2017-061-03,3,2,1FAHP3F27CL2,17,12,37,2012,4,1,3,0,1,B,3,1340,5,0,1,1,1,89,1,0,0,995,0,0,0,16946,1,2,2,4,2,1,2,1,1,1,1,4,3,3,1,1,0,0,1,0,2,3,52,1,1,1,2,D,30,0,0,0,0,0,0,0,0,0,0,280,285,0,0,0,1,1,40,40,0,127714,998,-22,47,0,1,1,1,0,6,0,995,120.201438006526,3,2
8444,15,92,1-15-2017-092-03,3,1,1HGCR2F31DA0,17,37,32,2013,4,1,4,0,1,F,1,1521,5,0,1,1,1,56,1,0,0,995,0,0,0,11758,9,9,2,2,3,2,2,1,2,9,3,3,0,0,1,1,3,2,9,0,14,3,50,2,1,1,2,D,20,0,0,0,0,0,0,0,0,0,0,215,215,0,0,0,1,3,16,-16,-3,8759,998,-35,11,0,4,99,99,0,8,0,995,430.800731159928,1,2
8444,15,92,1-15-2017-092-03,3,2,1G4HP54K7Y41,17,18,2,2000,4,1,4,0,1,B,1,1618,5,9999,9,0,1,56,1,0,0,995,0,0,0,02822,9,9,2,2,3,2,2,1,2,9,3,3,0,0,1,1,3,2,9,0,5,3,52,99,1,1,2,D,21,0,0,0,0,0,0,0,0,0,0,215,215,0,0,0,1,3,17,17,3,30696,998,-51,21,0,4,0,0,0,0,0,995,430.800731159928,1,2
8448,15,95,1-15-2017-095-09,9,1,WBAAM3347YFP,17,34,34,2000,4,1,3,0,1,L,9,1430,5,9999,9,0,1,89,1,0,0,995,0,0,0,11554,9,9,0,2,3,3,2,1,1,1,3,2,0,0,3,8,0,0,9,1,1,1,8,99,9,4,1,B,7,0,0,0,0,0,0,0,0,0,0,998,998,0,0,0,0,0,999,999,999,9999999,999,999,999,9,0,1,1,0,0,0,998,2485.44786628367,1,2
8449,15,96,1-15-2017-096-02,2,1,1N4BA41E94C8,17,35,39,2004,4,1,4,0,1,F,1,1571,5,9999,9,0,1,89,1,0,0,995,0,0,0,11704,9,9,0,2,3,2,2,1,1,1,3,3,0,0,3,8,0,0,9,1,15,2,11,99,1,2,2,F,46,0,0,0,0,0,0,0,0,0,0,10,75,0,0,0,1,3,20,-20,-3,20291,998,-36,17,0,4,0,0,0,0,0,995,33.5752938530052,1,2
8449,15,96,1-15-2017-096-02,2,2,2C3JA43R45H5,17,6,51,2005,4,1,5,0,1,L,9,1836,5,9999,9,0,0,89,1,0,0,995,0,0,0,11772,9,9,0,2,3,1,2,1,1,1,1,3,0,0,3,8,0,0,9,1,15,2,10,99,1,2,2,F,47,0,0,0,0,0,0,0,0,0,0,55,80,0,0,0,0,0,999,999,999,9999999,999,999,999,9,0,95,95,95,95,0,995,33.5752938530052,1,2
8449,15,96,1-15-2017-096-02,2,3,JN8AS5MTXFW6,17,35,51,2015,6,1,3,0,1,R,1,1550,5,0,1,1,1,89,1,0,0,995,0,0,0,11782,9,9,0,2,3,3,2,1,1,1,3,1,0,0,3,8,0,0,9,0,1,4,61,99,1,1,6,M,98,0,0,0,0,0,0,0,0,0,0,70,10,0,0,0,2,3,20,10,-18,32941,998,-12,23,0,4,0,0,0,4,0,995,33.5752938530052,1,2
8452,20,140,1-20-2017-140-03,3,1,1G1ZE5ST4HF1,17,20,37,2017,4,1,4,0,1,F,9,1400,5,68,2,0,1,89,1,0,0,995,0,0,0,43402,1,2,2,5,3,2,2,1,1,1,1,2,0,0,1,1,0,0,2,0,11,2,15,1,1,1,4,J,68,0,0,0,0,0,0,0,0,0,0,220,80,0,0,0,0,0,999,999,999,9999999,999,999,999,9,0,1,1,0,5,0,995,129.751631949227,11,2
8452,20,140,1-20-2017-140-03,3,2,JTDKN3DUXC03,17,49,46,2012,5,1,4,0,1,F,1,1485,5,0,1,1,1,89,1,0,0,995,0,0,0,93923,1,2,2,5,3,1,2,1,1,4,3,1,0,0,1,1,0,0,1,0,1,4,62,2,1,1,4,J,69,0,0,0,0,0,0,0,0,0,0,80,220,0,0,0,1,3,16,-10,-12,13043,998,-120,11,0,1,2,5,0,6,0,995,129.751631949227,11,2
8454,32,128,1-32-2017-128-03,3,1,2GCEC19V2213,17,20,481,2002,34,5,31,0,1,F,9,1980,5,9999,9,0,0,56,1,0,0,995,0,0,0,75233,9,9,2,4,4,1,1,1,1,1,1,0,0,0,1,1,0,0,9,0,1,3,50,1,1,1,2,D,20,0,0,0,0,0,0,0,0,0,0,270,270,0,0,0,0,0,999,999,999,9999999,999,999,999,9,0,95,95,95,95,0,995,953.614861514524,7,2
8454,32,128,1-32-2017-128-03,3,2,5XXGT4L32GG0,17,63,34,2016,4,1,4,0,1,B,1,1630,5,0,1,1,1,56,1,0,0,995,0,0,0,00001,1,1,2,4,4,1,1,1,1,1,1,0,0,0,1,1,0,0,9,0,5,3,53,1,1,1,2,D,21,0,0,0,0,0,0,0,0,0,0,270,270,0,0,0,1,3,18,18,0,18007,998,0,17,0,4,1,1,0,4,0,995,953.614861514524,7,2
8454,32,128,1-32-2017-128-03,3,3,1GNFC13047R1,17,20,421,2007,15,3,15,0,1,B,9,2469,5,9999,9,0,0,56,1,0,0,995,0,0,0,75062,9,9,2,4,4,1,1,1,1,1,1,0,0,0,1,1,0,0,9,0,5,8,98,1,1,1,6,M,98,0,0,0,0,0,0,0,0,0,0,270,270,0,0,0,0,0,999,999,999,9999999,999,999,999,9,0,95,95,95,95,0,995,953.614861514524,7,2
8423,13,107,1-13-2017-107-03,3,1,1FTEX1C8XHKD,17,12,481,2017,34,5,31,0,1,F,1,1983,5,250,1,1,1,64,1,0,0,995,0,0,0,75243,1,9,2,1,3,3,2,1,1,1,1,0,0,0,1,1,0,0,9,0,11,2,15,99,1,2,4,J,68,0,0,0,0,0,0,0,0,0,0,30,270,0,0,0,1,3,22,-14,-17,56170,998,-155,20,0,4,9,97,0,0,0,995,588.496849696097,7,2
8423,13,107,1-13-2017-107-03,3,2,JHLRE38778C0,17,37,402,2008,14,3,14,0,1,F,2,1604,5,9999,9,0,1,64,1,0,0,995,0,0,0,76114,1,9,2,1,2,1,2,1,1,1,0,3,0,0,1,1,0,0,9,0,1,4,62,99,1,1,4,J,69,0,0,0,0,0,0,0,0,0,0,270,30,0,0,0,1,3,29,-29,5,72149,998,35,33,0,4,0,0,0,0,0,995,588.496849696097,7,2
8457,33,114,1-33-2017-114-04,4,1,3FADP4EJ9FM1,17,12,32,2015,5,1,1,0,1,F,2,1151,5,0,1,1,1,89,1,0,0,995,0,0,0,95965,1,2,2,1,2,1,2,1,1,1,1,2,0,0,1,1,0,0,1,0,1,4,62,2,1,1,4,J,69,0,0,0,0,0,0,0,0,0,0,265,40,0,0,0,1,3,34,-29,17,42357,998,115,22,0,4,1,1,0,6,0,995,178.813804034087,12,2
8457,33,114,1-33-2017-114-04,4,2,1FAFP4445YF2,17,12,3,2000,1,1,2,0,1,R,2,1445,5,9999,9,0,0,89,1,0,0,995,0,0,0,95969,9,9,0,4,2,1,2,1,1,1,1,2,0,0,1,1,0,0,9,0,11,2,15,1,1,1,4,J,68,0,0,0,0,0,0,0,0,0,0,40,265,0,0,0,1,3,26,-25,-9,113761,998,87,37,0,4,95,95,95,95,0,995,178.813804034087,12,2
8459,13,110,1-13-2017-110-10,10,1,1HGCM66533A0,17,37,32,2003,4,1,3,0,1,F,1,1504,5,0,1,4,1,48,1,0,0,995,0,0,0,76034,1,9,2,4,2,1,2,1,1,4,1,2,0,0,1,1,0,0,9,0,1,3,50,99,1,1,2,D,20,0,0,0,0,0,0,0,0,0,0,90,90,0,0,0,1,12,999,999,999,9999999,999,999,999,2,0,0,0,0,0,0,995,9616.66539600584,7,2
8459,13,110,1-13-2017-110-10,10,2,5FNYF5H86GB0,17,37,421,2016,15,3,15,0,1,B,9,1861,5,9999,9,0,0,48,1,0,0,995,0,0,0,76021,9,9,2,4,2,1,2,1,1,4,1,2,0,0,1,1,0,0,9,0,5,3,53,1,1,1,2,D,21,0,0,0,0,0,0,0,0,0,0,90,90,0,0,0,0,0,999,999,999,9999999,999,999,999,9,0,95,95,95,95,0,995,9616.66539600584,7,2
8458,13,109,1-13-2017-109-03,3,1,1G1AK55F8677,17,20,22,2006,4,1,2,0,1,R,1,1265,5,0,1,5,1,105,1,0,0,995,0,0,0,75052,2,9,0,2,4,3,2,1,1,1,3,3,0,0,1,1,0,0,9,1,1,2,10,99,1,2,2,F,48,0,0,0,0,0,0,0,0,0,0,0,270,0,0,0,1,1,10,-2,-10,3811,998,-138,6,0,1,99,99,0,0,0,995,588.496849700361,7,2
8458,13,109,1-13-2017-109-03,3,2,KNAFK4A64G55,17,63,38,2016,4,1,3,0,1,F,1,1272,5,0,1,5,1,105,1,0,0,995,0,0,0,76040,2,2,0,2,4,1,2,1,1,1,1,3,0,0,1,1,0,0,1,0,1,4,60,2,1,1,2,F,48,0,0,0,0,0,0,0,0,0,0,270,0,0,0,0,1,1,10,-10,2,11455,998,-13,15,0,1,0,0,0,0,0,995,588.496849700361,7,2
8350,14,59,1-14-2017-059-04,4,1,5YFBURHE6GP5,17,49,32,2016,4,1,3,0,1,F,1,1265,5,0,1,1,1,113,1,0,0,995,0,0,0,78245,3,9,0,3,3,3,2,1,1,9,3,1,1,3,1,1,0,0,9,0,1,3,51,99,1,1,2,D,24,0,0,0,0,0,0,0,0,0,0,60,60,0,0,0,1,12,999,999,999,9999999,999,999,999,1,0,99,99,0,99,0,995,2823.31395353237,8,2
8350,14,59,1-14-2017-059-04,4,2,JN8AZ18W39W1,17,35,49,2009,6,1,4,0,1,B,9,1833,5,9999,9,4,0,113,1,0,0,995,0,0,0,75104,9,9,0,3,3,3,2,1,1,9,3,2,1,3,1,1,0,0,9,0,99,3,53,99,1,1,2,D,25,0,0,0,0,0,0,0,0,0,0,60,60,0,0,0,1,12,999,999,999,9999999,999,999,999,9,0,95,95,95,95,0,995,2823.31395353237,8,2
8351,14,60,1-14-2017-060-04,4,1,4S4BSANC6H32,17,48,45,2017,5,1,3,0,1,R,1,1614,5,9999,9,1,1,72,1,0,0,995,0,0,0,78132,1,9,2,2,3,3,2,1,1,1,1,2,0,0,1,1,1,2,9,0,11,2,15,99,1,1,4,J,68,0,0,0,0,0,0,0,0,0,0,60,300,0,0,0,1,12,999,999,999,9999999,999,999,999,1,0,0,0,0,0,0,995,2823.31395353237,8,2
8351,14,60,1-14-2017-060-04,4,2,4S4BSENC8G33,17,48,45,2016,5,1,3,0,1,F,1,1744,5,0,2,3,1,72,1,0,0,995,0,0,0,78132,1,2,2,2,4,3,2,1,1,1,3,1,0,0,1,1,1,2,1,0,1,2,17,2,1,1,4,J,69,0,0,0,0,0,0,0,0,0,0,300,60,0,0,0,1,12,999,999,999,9999999,999,999,999,1,0,1,1,0,0,0,995,2823.31395353237,8,2
8473,23,111,1-23-2017-111-07,7,1,WVGBV7AX4CW0,17,30,402,2012,14,3,14,0,1,F,1,1629,5,0,1,1,1,113,1,0,0,995,0,0,0,10901,7,2,0,2,3,3,2,2,1,1,1,3,2,3,2,2,0,0,1,1,1,2,13,3,4,4,1,A,1,0,0,0,0,0,0,0,0,0,0,998,998,0,0,1,2,1,13,-13,0,12830,998,-68,13,0,4,0,0,0,0,0,998,655.667096608619,5,2
8474,23,112,1-23-2017-112-05,5,1,1HGCM66376A0,17,37,32,2006,4,1,3,0,1,R,3,1504,5,0,1,1,1,89,1,0,0,995,0,0,0,43015,1,2,2,2,3,1,2,1,1,1,1,2,0,0,1,8,1,2,9,0,11,2,15,99,1,1,4,J,68,0,0,0,0,0,0,0,0,0,0,80,340,0,0,0,1,1,53,-27,-46,393816,998,48,76,0,1,2,5,0,3,0,995,68.4773923035499,5,2
8474,23,112,1-23-2017-112-05,5,2,1FMCU03Z18KB,17,12,402,2008,14,3,14,0,1,F,3,1540,5,0,1,1,1,89,1,0,0,995,0,0,0,43050,9,9,2,2,2,1,2,1,1,1,1,3,0,0,1,8,1,2,9,0,1,4,62,99,1,1,4,J,69,0,0,0,0,0,0,0,0,0,0,340,80,0,0,0,1,1,52,-49,18,40772,998,86,22,0,2,9,97,0,8,0,995,68.4773923035499,5,2
8475,23,113,1-23-2017-113-07,7,1,1FTFW1CT1EKD,17,12,481,2014,34,5,31,0,1,B,1,2402,5,9999,9,0,0,56,1,0,0,995,0,0,0,29307,9,9,2,1,4,1,2,1,1,1,1,1,0,0,1,1,1,2,9,0,1,3,53,99,1,1,2,D,25,0,0,0,0,0,0,0,0,0,0,100,100,0,0,0,1,3,11,11,2,19686,998,0,15,0,4,95,95,95,95,0,995,655.667096608619,5,2
8475,23,113,1-23-2017-113-07,7,2,1N4AL21E09C1,17,35,47,2009,4,1,4,0,1,F,1,1429,5,0,1,1,1,56,1,8,0,995,0,0,0,43015,9,9,1,1,4,1,2,1,1,1,1,1,0,0,1,1,1,2,9,0,1,3,51,99,1,1,2,D,24,0,0,0,0,0,0,0,0,0,0,100,100,0,0,0,1,3,19,-19,0,10770,998,0,14,0,4,0,0,0,0,0,995,655.667096608619,5,2
8468,24,124,1-24-2017-124-04,4,1,JF2SJAMC7EH5,17,48,401,2014,14,3,14,0,1,F,1,1550,5,0,1,1,1,40,1,0,0,995,0,0,0,07701,1,2,2,3,4,2,2,1,1,1,1,1,0,0,1,1,1,2,1,0,1,4,66,7,1,1,5,L,88,0,0,0,0,0,0,0,0,0,0,70,350,0,0,0,1,1,15,-15,-3,14158,998,-4,15,0,4,0,0,0,0,0,995,856.234407725329,1,2
8468,24,124,1-24-2017-124-04,4,2,2CNALBEC3B62,17,20,404,2011,14,3,14,0,1,L,1,1706,5,0,1,1,1,40,1,0,0,995,0,0,0,08330,9,9,2,3,4,2,2,1,1,1,1,1,0,0,1,1,1,2,1,0,1,2,17,99,1,1,5,L,89,0,0,0,0,0,0,0,0,0,0,350,70,0,0,0,1,1,14,0,14,12787,998,-23,13,0,4,0,0,0,99,0,995,856.234407725329,1,2
8477,10,50,1-10-2017-050-09,9,1,2G1WF52E9Y92,17,20,2,2000,4,1,4,0,1,R,2,1540,5,9999,9,1,1,64,1,0,0,995,0,0,0,45415,2,9,0,1,2,2,2,1,3,1,3,3,0,0,1,1,0,0,1,1,6,1,6,99,4,4,1,B,7,0,0,0,0,0,0,0,0,0,0,998,998,0,0,2,1,10,999,999,999,9999999,999,999,32,3,0,9,97,0,8,0,998,203.905456779166,4,2
8469,12,63,1-12-2017-063-03,3,1,5J6RM4H98FL1,17,37,402,2015,14,3,14,0,1,F,2,1586,5,0,2,4,1,89,1,0,0,995,0,0,0,73032,1,2,2,4,3,1,2,2,2,1,1,2,0,0,1,8,0,0,3,0,14,3,50,1,1,1,2,D,20,0,0,0,0,0,0,0,0,0,0,105,110,0,0,0,1,3,31,-30,-5,46774,998,-35,26,0,4,0,0,0,0,0,995,597.196140553709,9,2
8469,12,63,1-12-2017-063-03,3,2,3GTP1MEC0GG1,17,23,481,2016,34,5,31,0,1,B,1,2301,5,46,2,1,1,89,1,0,0,995,0,0,0,73401,1,2,2,4,3,1,2,2,2,1,1,2,0,0,1,8,0,0,1,0,5,3,53,1,1,1,2,D,22,0,0,0,0,0,0,0,0,0,0,110,105,0,0,0,1,3,20,20,0,58377,998,24,24,0,4,1,2,0,4,0,995,597.196140553709,9,2
8479,16,78,1-16-2017-078-10,10,1,JN1CA21DXWM9,17,35,39,1998,4,1,3,0,1,F,1,1372,5,0,1,1,1,40,1,0,0,995,0,0,0,45216,9,9,2,4,5,1,2,1,1,1,0,3,0,0,3,1,1,2,9,0,1,3,50,1,1,1,2,D,20,0,0,0,0,0,0,0,0,0,0,0,0,0,0,0,1,3,16,-16,0,10480,998,13,14,0,4,0,0,0,0,0,995,5620.97976379285,5,2
8479,16,78,1-16-2017-078-10,10,2,1FTDX1760VNC,17,12,481,1997,34,5,31,0,1,B,1,1925,5,0,1,2,0,40,1,0,0,995,0,0,0,45224,9,9,2,4,5,1,2,1,1,1,0,3,0,0,3,1,1,2,9,0,5,3,53,1,1,1,2,D,21,0,0,0,0,0,0,0,0,0,0,0,0,0,0,0,1,3,12,12,0,14949,998,10,14,0,4,95,95,95,95,0,995,5620.97976379285,5,2
8482,32,130,1-32-2017-130-02,2,1,2GCEC19VX112,17,20,481,2001,34,5,31,0,1,F,3,1980,5,68,1,1,1,64,1,0,1,0,2,1,2,75050,1,1,2,4,6,3,2,1,1,1,1,2,0,0,1,8,1,2,9,1,15,3,50,1,1,2,2,D,20,0,0,0,0,0,0,0,0,0,0,75,85,0,0,0,1,1,62,-62,0,69493,998,-46,29,0,1,2,5,0,3,0,995,122.372938852714,7,2
8480,16,79,1-16-2017-079-04,4,1,WVGAV3AX8DW6,17,30,402,2013,14,3,14,0,1,F,2,1539,5,0,1,1,1,89,1,0,0,995,0,0,0,40205,1,2,1,2,4,2,2,2,1,1,3,3,0,3,3,2,0,0,1,0,1,3,50,1,1,1,2,D,20,0,0,0,0,0,0,0,0,0,0,50,50,0,0,0,1,1,36,-36,0,140985,998,23,47,0,4,0,0,0,0,0,995,1202.19615133779,5,2
8467,24,123,1-24-2017-123-09,9,1,5NPET46C37H2,17,55,33,2007,4,1,3,0,1,F,2,1476,5,0,1,1,1,56,1,0,0,995,0,0,0,08037,1,2,3,4,2,1,2,1,1,1,0,2,1,1,1,1,0,0,3,0,1,3,50,1,1,1,2,D,20,0,0,0,0,0,0,0,0,0,0,65,65,0,1,0,1,3,25,-25,0,21676,998,0,19,0,4,3,9,1,4,0,995,1151.2119389058,1,2
8470,12,64,1-12-2017-064-07,7,1,1FMFU15558LA,17,12,422,2008,15,3,15,0,1,F,1,2633,5,0,1,1,1,56,1,0,0,995,0,0,0,73401,5,2,3,4,2,1,2,1,1,2,0,0,0,0,1,1,0,0,1,0,11,2,15,1,1,1,4,K,82,0,0,0,0,0,0,0,0,0,0,350,90,0,0,0,1,8,999,999,999,9999999,999,999,999,6,0,0,0,0,0,0,995,3078.45527080477,9,2
8467,24,123,1-24-2017-123-09,9,2,JTJHY7AX1D41,17,59,421,2013,15,3,15,0,1,B,1,2680,5,0,1,3,0,56,1,0,0,995,0,0,0,08037,9,9,3,4,2,1,2,1,1,1,0,2,1,1,1,1,0,0,1,0,5,3,53,1,1,1,2,D,21,0,0,0,0,0,0,0,0,0,0,65,65,0,1,0,1,3,15,15,0,40290,998,0,19,0,4,95,95,95,95,0,995,1151.2119389058,1,2
8482,32,130,1-32-2017-130-02,2,2,2GNALCEK9G11,17,20,404,2016,14,3,14,0,1,B,3,1778,5,0,1,1,1,64,1,0,1,0,2,0,1,75051,2,2,2,4,6,4,2,1,1,1,4,4,0,0,1,8,1,2,1,0,5,3,53,1,1,1,2,D,22,0,0,0,0,0,0,0,0,0,0,85,75,0,0,0,1,1,69,68,-12,594791,998,-4,91,0,1,1,1,0,4,0,995,122.372938852714,7,2
8480,16,79,1-16-2017-079-04,4,2,1J4GL48K43W6,17,2,405,2003,14,3,14,0,1,B,2,1735,5,0,1,1,1,89,1,0,0,995,0,0,0,44708,2,2,1,2,4,2,2,2,1,1,3,3,0,3,3,2,0,0,1,0,5,3,53,1,1,1,2,D,21,0,0,0,0,0,0,0,0,0,0,50,50,0,0,0,1,1,31,31,0,10816,998,0,12,0,4,1,1,0,0,0,995,1202.19615133779,5,2
8482,32,130,1-32-2017-130-02,2,3,1FMZU67E71UC,17,12,401,2001,14,3,14,0,1,B,1,1943,8,0,1,2,0,64,1,0,0,995,0,0,0,75051,9,9,2,4,6,4,2,1,1,1,2,2,0,0,1,8,1,2,9,0,5,8,98,1,1,1,6,M,98,0,0,0,0,0,0,0,0,0,0,85,75,0,0,0,2,3,11,11,-2,14757,998,66,12,0,4,95,95,95,95,0,995,122.372938852714,7,2
8482,32,130,1-32-2017-130-02,2,4,1NXBR12E5WZ0,17,49,32,1998,4,1,1,0,1,F,3,1095,5,0,1,1,1,64,1,0,0,995,0,0,0,75051,1,1,2,4,6,2,2,1,1,1,1,2,0,0,1,8,1,2,1,0,1,4,62,1,1,1,6,M,98,0,0,0,0,0,0,0,0,0,0,265,75,0,0,0,3,1,58,-54,20,181519,998,56,58,0,1,1,2,0,3,0,995,122.372938852714,7,2
8485,32,132,1-32-2017-132-09,9,1,1HGEJ6622TL0,17,37,31,1996,4,1,2,0,1,F,9,1051,5,9999,9,0,1,64,1,0,0,995,0,0,0,75217,2,2,2,3,2,2,2,1,1,1,3,2,0,0,3,8,3,2,9,0,1,3,51,99,1,1,4,J,71,0,0,0,0,0,0,0,0,0,0,998,998,0,0,0,0,0,999,999,999,9999999,999,999,999,9,0,1,1,0,4,0,998,9058.79070169675,7,2
8485,32,132,1-32-2017-132-09,9,2,1FMDU34X7TUC,17,12,401,1996,14,3,14,0,1,R,1,1631,5,91,1,2,0,64,1,0,0,995,0,0,0,75224,9,9,2,3,1,1,2,1,2,4,1,2,0,0,3,8,3,2,1,0,16,3,53,1,1,7,4,J,70,0,0,0,0,0,0,0,0,0,0,130,120,0,0,0,1,8,999,999,999,9999999,999,999,999,6,0,95,95,95,95,0,995,9058.79070169675,7,2
8486,27,29,1-27-2017-029-04,4,1,WVGBV3AX4DW6,17,30,402,2013,14,3,14,0,1,F,1,1629,5,0,1,2,0,48,1,0,0,995,0,0,0,01201,9,9,2,4,2,1,2,1,1,1,1,2,0,0,1,1,1,2,9,0,10,2,16,99,1,1,4,K,78,0,0,0,0,0,0,0,0,0,0,130,180,0,0,0,1,1,8,-4,7,14526,998,154,10,0,1,95,95,95,95,0,995,436.229309897219,3,2
8486,27,29,1-27-2017-029-04,4,2,1G1PA5SG5D71,17,20,25,2013,4,1,3,0,1,R,1,1407,5,0,1,1,1,48,1,0,0,995,0,0,0,01201,2,2,2,4,2,1,2,1,1,1,0,0,0,0,1,1,1,2,1,0,1,4,65,3,1,1,4,K,79,0,0,0,0,0,0,0,0,0,0,180,130,0,0,0,1,1,9,-3,-9,4145,998,131,6,0,1,0,0,0,0,0,995,436.229309897219,3,2
8487,25,46,1-25-2017-046-01,1,1,JF1SF6558YH7,17,48,401,2000,14,3,14,0,1,F,3,1369,5,0,1,4,1,56,1,1,1,276,3,1,0,04055,1,2,2,4,2,1,2,1,2,1,1,2,0,0,2,1,0,0,9,1,14,2,15,1,1,4,1,A,1,0,0,0,0,0,0,0,0,0,0,998,998,0,0,2,1,10,999,999,999,9999999,999,999,999,8,0,4,25,1,1,0,998,316.675646904821,2,2
8470,12,64,1-12-2017-064-07,7,2,1FTNF20F22ED,17,12,481,2002,34,5,31,0,1,F,1,2657,5,0,1,1,1,56,1,0,0,995,0,0,0,73401,1,2,3,4,4,2,2,1,1,1,3,2,0,0,1,1,0,0,1,0,1,4,72,7,1,1,4,K,83,0,0,0,0,0,0,0,0,0,0,90,350,0,0,0,1,8,999,999,999,9999999,999,999,999,6,0,0,0,0,0,0,995,3078.45527080477,9,2
8489,26,68,1-26-2017-068-04,4,1,2T3DFREV4HW5,17,49,402,2017,14,3,14,0,1,F,3,1610,5,0,1,1,1,56,1,0,0,995,0,0,0,95831,3,2,0,4,4,1,2,1,1,1,0,3,0,0,1,1,0,0,3,1,1,2,12,1,1,4,1,B,6,0,0,0,0,0,0,0,0,0,0,998,998,0,1,1,1,1,49,-49,0,154883,998,-7,49,0,1,3,14,1,8,0,998,1328.99402074676,10,2
8502,32,133,1-32-2017-133-02,2,1,1FAPP36X4JK1,17,12,15,1988,4,1,2,0,1,F,1,1140,5,0,1,1,1,113,1,0,0,995,0,0,0,75041,2,9,0,2,5,1,2,1,1,9,1,1,0,0,1,1,0,0,9,1,15,2,10,99,1,2,2,F,47,0,0,0,0,0,0,0,0,0,0,998,998,0,0,0,3,1,17,-16,6,18248,998,68,17,0,1,0,0,0,0,0,998,122.372938852714,7,2
8502,32,133,1-32-2017-133-02,2,2,5FNRL5H20GB0,17,37,441,2016,20,4,20,0,1,F,1,1996,5,0,2,0,1,113,1,0,0,995,0,0,0,75007,3,2,0,2,5,2,2,1,1,9,1,3,0,0,1,1,0,0,1,0,1,4,61,1,1,1,2,F,45,0,0,0,0,0,0,0,0,0,0,270,260,0,0,0,1,3,8,-4,-7,3962,998,-196,4,0,4,1,1,0,4,0,995,122.372938852714,7,2
8488,26,67,1-26-2017-067-03,3,1,1N4AB7APXDN9,17,35,43,2013,4,1,3,0,1,F,3,1283,5,0,1,1,1,72,1,0,0,995,0,0,0,95841,2,9,2,1,3,3,2,1,1,1,1,0,0,0,3,1,1,2,9,0,11,2,15,99,1,1,4,J,68,0,0,0,0,0,0,0,0,0,0,290,160,0,0,0,1,3,43,-33,-28,103984,998,-119,34,0,4,99,99,0,8,0,995,419.728336512999,10,2
8501,31,43,1-31-2017-043-08,8,1,1B3ES56CX4D5,17,7,20,2004,4,1,3,0,1,F,1,1315,5,0,1,1,1,89,1,0,1,0,2,0,0,62626,1,2,0,4,2,1,4,1,3,1,0,0,0,0,2,1,0,0,1,1,14,1,1,2,2,4,1,A,2,0,0,0,0,0,0,0,0,0,0,998,998,0,0,4,4,10,999,999,999,9999999,999,999,12,2,0,2,5,0,4,0,998,595.993058233415,6,2
8488,26,67,1-26-2017-067-03,3,2,JTJGW31U2720,17,59,403,2007,14,3,14,0,1,F,2,1981,5,9999,9,0,1,72,1,0,0,995,0,0,0,95758,3,9,2,1,3,2,2,1,1,1,3,1,0,0,3,1,1,2,9,0,1,4,62,99,1,1,4,J,69,0,0,0,0,0,0,0,0,0,0,160,290,0,0,0,1,3,28,-28,5,124648,998,-11,39,0,4,99,99,0,8,0,995,419.728336512999,10,2
8502,32,133,1-32-2017-133-02,2,3,1FUYDXYB9TP5,17,82,881,1996,66,8,68,0,1,R,9,,,,,,0,113,1,0,0,995,0,0,0,76244,9,9,0,2,5,3,1,1,1,9,3,3,0,0,1,1,0,0,9,0,1,4,61,99,1,1,6,M,98,,,,,,,,,,,,,,,,,,,,,,,,,,,95,95,95,95,,,122.372938852714,7,2
8490,26,69,1-26-2017-069-04,4,1,19XFB2F51EE2,17,37,31,2014,4,1,3,0,1,F,3,1284,5,0,1,1,1,64,1,1,2,996,1,1,0,95765,1,2,0,4,5,1,2,1,1,1,1,3,0,0,3,1,0,0,9,0,1,3,51,99,1,2,2,D,24,0,0,0,0,0,0,0,0,0,0,998,998,0,0,0,3,1,55,-55,0,150963,998,0,55,0,1,99,99,0,99,0,998,1328.99402070527,10,2