CASEID,PSU,CASENO,CASENUMBER,CATEGORY,VEHNO,VIN,VINLENGTH,MAKE,MODEL,MODELYR,BODYTYPE,BODYCAT,VEHCLASS,SPECUSE,TRANSTAT,DAMPLANE,DAMSEV,CURBWT,CURBSRC,CARGOWT,CARGOSRC,INSPTYPE,TOWSTAT,SPEEDLIMIT,DRPRESENT,PARALCOHOL,ALCTEST,ALCTESTRESULT,ALCTESTSRC,PARDRUG,DRUGTEST,ZIP,RACE,ETHNICITY,RELTOJUNCT,TRAFFLOW,RDLANES,INITLANE,SURFTYPE,SURFCOND,ALIGNMENT,PROFILE,LINERIGHT,LINELEFT,RUMBINIT,RUMBROAD,LIGHTCOND,WEATHER,TRAFDEV,TRAFFUNCT,DISTRACT,PREFHE,PREMOVE,CRITCAT,CRITEVENT,MANEUVER,PRESTAB,PRELOC,CRASHCAT,CRASHCONF,CRASHTYPE,ROLLTYPE,ROLLTURN,ROLLINTRPT,ROLLPREMAN,ROLLINITYP,ROLLINLOC,ROLLOBJ,ROLLTRIP,ROLLDIR,ROLLDIST,DVANGTHIS,DVANGOTH,TOWHITCH,TRAJDOC,TREEPOLE,DVEVENT,DVBASIS,DVTOTAL,DVLONG,DVLAT,DVENERGY,DVSPEED,DVMOMENT,DVBES,DVEST,DVCONF,VAIS,VISS,VINJURED,VTREAT,INITOBJCLASS,HEADANGLECAT,CASEWGT,PSUSTRAT,VERSION
8499,29,27,1-29-2017-027-03,3,1,KMHDN45D01U1,17,55,35,2001,4,1,2,0,1,F,1,1217,5,0,1,2,0,56,1,8,0,995,0,7,0,99999,9,9,2,4,2,1,2,1,1,1,0,2,0,0,1,8,0,0,9,0,1,3,50,99,1,1,2,D,20,0,0,0,0,0,0,0,0,0,0,180,170,0,0,0,1,1,18,-18,0,21414,998,-2,21,0,1,95,95,95,95,0,995,318.293217331335,2,2
8499,29,27,1-29-2017-027-03,3,2,1FADP3F29EL1,17,12,37,2014,4,1,3,0,1,B,1,1340,5,0,1,1,1,56,1,8,0,995,0,7,0,02745,1,2,2,4,2,1,2,1,1,1,0,2,0,0,1,8,0,0,1,0,5,3,53,1,1,1,2,D,21,0,0,0,0,0,0,0,0,0,0,170,180,0,0,0,1,1,15,15,0,11342,998,-69,13,0,1,0,0,0,6,0,995,318.293217331335,2,2
8490,26,69,1-26-2017-069-04,4,2,1GCHK29U22E2,17,20,481,2002,34,5,31,0,1,B,2,2575,5,9999,9,4,0,64,1,0,0,995,0,0,0,95610,9,9,0,4,5,1,2,1,1,1,1,3,0,0,3,1,0,0,1,0,3,3,53,1,1,1,2,D,25,0,0,0,0,0,0,0,0,0,0,160,160,0,0,0,1,8,999,999,999,9999999,999,999,999,7,0,95,95,95,95,0,995,1328.99402070527,10,2
8506,22,111,1-22-2017-111-08,8,1,1GTEK19T62E2,17,23,481,2002,34,5,31,0,1,F,1,1836,5,0,1,2,0,40,1,0,0,995,0,0,0,83501,9,9,2,4,2,1,2,1,1,1,0,0,0,0,1,1,2,2,1,0,1,2,17,1,1,1,5,L,88,0,0,0,0,0,0,0,0,0,0,170,90,0,0,0,1,1,14,-13,-5,17265,998,-57,14,0,1,95,95,95,95,0,995,139.308457919335,12,2
8492,30,89,1-30-2017-089-02,2,1,2G4WC5322512,17,18,22,2005,4,1,4,0,1,F,1,1585,4,0,1,1,1,72,1,0,0,995,0,0,0,85338,1,1,2,1,5,2,2,1,1,1,1,3,0,0,1,1,1,2,3,0,1,2,17,2,1,1,5,L,86,0,0,0,0,0,0,0,0,0,0,180,270,0,0,0,1,1,23,-23,4,39627,998,42,24,0,4,2,6,0,6,0,995,52.5287731603145,10,2
8500,29,28,1-29-2017-028-06,6,1,5NPDH4AE4CH1,17,55,35,2012,4,1,3,0,1,F,2,1265,5,0,1,1,1,32,1,0,0,995,0,9,9,02720,1,2,0,1,4,2,2,1,1,1,3,3,0,3,1,1,4,2,1,1,1,2,13,1,1,4,1,A,1,0,0,0,0,0,0,0,0,0,0,998,998,0,0,8,4,10,999,999,999,9999999,999,999,35,3,0,1,1,0,4,0,998,617.331108739978,2,2
8492,30,89,1-30-2017-089-02,2,2,1GYS4KKJ8HR3,17,19,421,2017,15,3,15,0,1,R,1,2740,5,0,1,1,1,40,1,0,0,995,0,0,0,85396,9,9,2,4,4,1,2,1,1,1,0,1,0,0,1,1,1,2,9,0,1,4,66,1,1,1,5,L,87,0,0,0,0,0,0,0,0,0,0,270,180,0,0,0,1,1,13,-2,-13,23560,998,89,13,0,4,1,3,0,4,0,995,52.5287731603145,10,2
8506,22,111,1-22-2017-111-08,8,2,1J4FJ88S5NL1,17,2,404,1992,14,3,14,0,1,L,1,1378,5,0,1,1,1,40,1,0,0,995,0,0,0,83524,1,2,2,4,2,1,2,1,1,1,0,4,0,0,1,1,0,0,1,0,1,3,55,1,1,1,5,L,89,0,0,0,0,0,0,0,0,0,0,90,170,0,0,0,1,1,18,-3,18,17626,998,-30,17,0,1,1,1,0,4,0,995,139.308457919335,12,2
8505,17,85,1-17-2017-085-05,5,1,5NPET46C89H4,17,55,33,2009,4,1,3,0,1,F,2,1476,5,0,1,5,1,89,1,9,0,995,0,9,0,61238,1,9,0,4,2,1,2,1,1,1,1,4,0,0,2,1,0,0,3,0,1,3,51,99,1,1,2,D,24,0,0,0,0,0,0,0,0,0,0,0,0,0,0,0,1,5,999,999,999,9999999,999,999,999,3,0,9,97,0,8,0,995,79.3160795605285,4,2
8504,17,84,1-17-2017-084-04,4,1,1GNET16S5362,17,20,403,2003,14,3,14,0,1,R,2,2194,5,0,1,2,0,89,1,0,0,995,0,0,0,61462,9,9,2,1,3,3,2,1,1,2,1,2,0,0,3,1,1,2,9,0,11,2,15,99,1,1,4,J,68,0,0,0,0,0,0,0,0,0,0,210,60,0,0,0,1,8,999,999,999,9999999,999,999,999,7,0,95,95,95,95,0,995,1633.46366478719,4,2
8504,17,84,1-17-2017-084-04,4,2,1C6RR7GT2ES4,17,7,482,2014,34,5,31,0,1,F,2,2407,5,0,2,1,1,89,1,0,0,995,0,0,0,50170,1,2,2,1,4,2,2,1,1,1,1,3,0,0,3,1,1,2,1,0,1,4,62,7,1,1,4,J,69,0,0,0,0,0,0,0,0,0,0,60,210,0,0,0,1,8,999,999,999,9999999,999,999,999,7,0,0,0,0,0,0,995,1633.46366478719,4,2
8514,13,113,1-13-2017-113-04,4,1,WBAJB9C55JB0,17,34,35,2018,4,1,5,0,1,F,2,1885,5,0,1,1,1,64,1,0,0,995,0,0,0,76006,1,2,2,4,3,2,1,1,1,1,1,2,0,0,3,1,1,2,1,0,11,2,15,1,1,1,4,K,82,0,0,0,0,0,0,0,0,0,0,210,20,0,0,0,1,8,999,999,999,9999999,999,999,999,7,0,0,0,0,0,0,995,3750.6737445228,7,2
8514,13,113,1-13-2017-113-04,4,2,JH4CU26699C0,17,54,39,2009,4,1,3,0,1,F,2,1545,5,9999,9,4,1,64,1,0,0,995,0,0,0,76011,1,9,2,1,4,1,1,1,1,1,1,3,0,0,3,1,1,2,9,0,1,4,67,99,1,1,4,K,83,0,0,0,0,0,0,0,0,0,0,20,210,0,0,0,1,8,999,999,999,9999999,999,999,999,7,0,0,0,0,0,0,995,3750.6737445228,7,2
8507,22,112,1-22-2017-112-03,3,1,1G1JG6SB7F41,17,20,28,2015,5,1,1,0,1,F,1,1230,5,0,1,1,1,40,1,0,0,995,0,0,0,83843,1,2,2,4,2,1,2,1,1,1,0,0,0,0,1,8,2,2,2,0,11,2,15,2,1,1,4,K,82,0,0,0,0,0,0,0,0,0,0,310,90,0,0,0,1,1,19,-16,9,9223,998,47,13,0,1,1,2,0,4,0,995,118.671445581412,12,2
8514,13,113,1-13-2017-113-04,4,3,JN8AS58TX9W3,17,35,51,2009,6,1,3,0,1,F,1,1485,5,9999,9,4,1,64,1,0,0,995,0,0,0,75043,1,9,2,1,4,3,1,1,1,1,3,1,0,0,3,1,1,2,9,0,4,4,66,99,1,1,6,M,98,0,0,0,0,0,0,0,0,0,0,20,140,0,0,0,2,3,12,-12,0,6738,998,0,11,0,4,0,0,0,0,0,995,3750.6737445228,7,2
8511,21,68,1-21-2017-068-07,7,1,1D7RB1GT9AS1,17,7,482,2010,34,5,31,0,1,F,1,2202,5,9999,9,1,1,56,1,0,0,995,0,0,0,92324,1,9,0,4,2,1,2,1,1,1,0,2,0,0,1,8,0,0,3,1,1,2,13,7,1,4,1,A,1,0,0,0,0,0,0,0,0,0,0,998,998,0,0,7,1,10,999,999,999,9999999,999,999,22,2,0,99,99,0,99,0,998,287.236615925856,11,2
8507,22,112,1-22-2017-112-03,3,2,1G1AK55F2773,17,20,22,2007,4,1,2,0,1,F,1,1265,5,0,1,1,1,40,1,8,0,995,0,7,0,83843,1,2,2,4,2,1,2,1,1,4,0,0,0,0,1,8,0,0,1,0,1,4,67,2,1,1,4,K,83,0,0,0,0,0,0,0,0,0,0,90,310,0,0,0,1,1,19,-19,-3,30152,998,-22,24,0,1,1,1,0,4,0,995,118.671445581412,12,2
8510,21,67,1-21-2017-067-03,3,1,KM8J33A20HU5,17,55,402,2017,14,3,14,0,1,F,1,1560,5,0,1,1,1,72,1,0,0,995,0,0,0,92407,9,1,2,4,5,1,2,1,1,1,0,3,0,0,3,1,0,0,1,0,1,4,72,1,1,1,4,K,83,0,0,0,0,0,0,0,0,0,0,180,60,0,0,0,1,4,18,-16,-9,48872,998,-105,22,0,1,1,1,0,6,0,995,80.3187204902749,11,2
8510,21,67,1-21-2017-067-03,3,2,JF1VA1A61F98,17,48,47,2015,4,1,3,0,1,L,1,1483,5,0,2,4,1,72,1,0,0,995,0,0,0,92404,9,1,2,3,1,1,8,1,1,1,0,0,0,0,3,1,0,0,2,0,11,2,15,9,1,1,4,K,82,0,0,0,0,0,0,0,0,0,0,60,180,0,0,0,1,4,18,-16,9,28609,998,-150,14,0,1,1,1,0,4,0,995,80.3187204902749,11,2
8513,13,112,1-13-2017-112-02,2,1,5NPDH4AE3DH4,17,55,35,2013,4,1,3,0,1,F,1,1235,5,0,1,5,1,105,1,1,1,256,2,0,1,76053,1,9,1,2,4,3,1,1,1,1,1,3,0,0,3,1,0,0,9,1,15,3,52,99,1,2,2,D,28,0,0,0,0,0,0,0,0,0,0,0,0,0,0,0,1,12,999,999,999,9999999,999,999,999,1,0,1,1,0,4,0,995,83.4293084279653,7,2
8512,13,111,1-13-2017-111-05,5,1,1C4NJCBAXCD5,17,2,1,2012,6,1,2,0,1,F,1,1398,5,9999,9,0,0,72,1,0,0,995,0,0,0,76012,9,9,2,1,6,4,2,1,1,1,3,1,0,0,1,1,1,2,9,0,1,3,50,99,1,1,2,D,20,0,0,0,0,0,0,0,0,0,0,190,180,0,0,0,1,3,8,-8,0,3146,998,0,7,0,4,95,95,95,95,0,995,182.884610221933,7,2
8513,13,112,1-13-2017-112-02,2,2,1FADP3F20GL3,17,12,37,2016,4,1,3,0,1,B,1,1340,5,0,1,5,1,105,1,0,0,995,0,0,0,75052,1,1,1,2,4,2,1,1,1,1,1,3,0,0,3,1,0,0,1,0,2,4,60,1,1,1,2,D,29,0,0,0,0,0,0,0,0,0,0,0,0,0,0,0,1,12,999,999,999,9999999,999,999,999,1,0,0,0,0,5,0,995,83.4293084279653,7,2
8512,13,111,1-13-2017-111-05,5,2,JTLZE4FE8B11,17,49,49,2011,6,1,2,0,1,F,1,1373,5,0,1,1,1,72,1,0,0,995,0,0,0,95258,1,9,2,1,6,4,2,1,1,1,3,1,0,0,1,1,1,2,9,0,5,3,53,99,1,1,2,D,21,0,0,0,0,0,0,0,0,0,0,170,180,0,0,0,2,3,14,-14,0,12719,998,26,15,0,4,0,0,0,4,0,995,182.884610221933,7,2
8512,13,111,1-13-2017-111-05,5,3,JN8AF5MR4CT1,17,35,403,2012,14,3,14,0,1,B,1,1313,5,9999,9,0,1,72,1,0,0,995,0,0,0,75234,1,1,2,1,6,4,2,1,1,1,3,1,0,0,1,1,1,2,1,0,5,3,53,1,1,1,6,M,98,0,0,0,0,0,0,0,0,0,0,180,170,0,0,0,2,3,14,14,-2,9613,998,40,13,0,4,0,0,0,4,0,995,182.884610221933,7,2
8515,33,115,1-33-2017-115-03,3,1,JN8AZ2ND5B97,17,58,421,2011,15,3,15,0,1,F,1,2654,5,0,1,1,1,72,1,0,0,995,0,0,0,95966,1,2,2,5,4,2,2,1,1,4,2,2,0,0,1,1,0,0,9,0,4,3,50,99,1,1,2,D,20,0,0,0,0,0,0,0,0,0,0,205,195,0,0,0,1,3,10,-10,0,13360,998,-65,11,0,4,0,0,0,0,0,995,120.008024381835,12,2
8515,33,115,1-33-2017-115-03,3,2,1GNSKBE05ER1,17,20,421,2014,15,3,15,0,1,B,9,2480,5,0,2,0,1,72,1,0,0,995,0,0,0,95966,1,1,2,5,4,2,2,1,1,4,2,2,0,0,1,1,0,0,1,0,5,3,53,1,1,1,2,D,21,0,0,0,0,0,0,0,0,0,0,195,205,0,0,0,0,0,999,999,999,9999999,999,999,999,9,0,1,1,0,6,0,995,120.008024381835,12,2
8516,33,116,1-33-2017-116-10,10,1,1G4CW54K1441,17,18,3,2004,4,1,4,0,1,F,9,1724,5,9999,9,0,0,56,1,0,0,995,0,0,0,95965,9,9,3,5,3,1,2,1,1,1,0,2,0,0,3,1,0,0,9,0,1,4,62,99,1,1,4,J,69,0,0,0,0,0,0,0,0,0,0,310,70,0,0,0,0,0,999,999,999,9999999,999,999,999,9,0,95,95,95,95,0,995,1675.6554078909,12,2
8516,33,116,1-33-2017-116-10,10,2,KM8SB12B94U8,17,55,401,2004,14,3,14,0,1,R,1,1585,5,0,1,1,1,56,1,0,0,995,0,0,0,95965,1,2,3,5,3,2,2,1,1,1,2,2,0,0,3,1,0,0,9,1,11,2,15,2,1,1,4,J,68,0,0,0,0,0,0,0,0,0,0,70,310,0,0,0,1,3,14,-11,-9,15854,998,-29,15,0,4,0,0,0,0,0,995,1675.6554078909,12,2
8517,33,117,1-33-2017-117-04,4,1,3D4PH5FV5AT1,17,7,27,2010,6,1,4,0,1,L,1,1772,5,0,1,1,1,40,1,0,0,995,0,0,0,95965,1,2,2,4,2,1,2,1,1,1,0,2,0,0,1,1,2,2,2,0,11,2,15,1,1,1,4,K,82,0,0,0,0,0,0,0,0,0,0,270,70,0,0,0,1,1,14,-13,2,11008,998,-82,11,0,4,1,1,0,4,0,995,341.739788139335,12,2
8517,33,117,1-33-2017-117-04,4,2,2T1BURHE9GC5,17,49,32,2016,4,1,3,0,1,F,1,1265,5,0,1,1,1,56,1,0,0,995,0,0,0,95965,1,2,2,4,2,1,2,1,1,1,0,2,0,0,1,1,0,0,9,0,1,4,67,4,1,1,4,K,83,0,0,0,0,0,0,0,0,0,0,70,270,0,0,0,1,1,19,-18,-3,26981,998,-53,21,0,4,0,0,0,0,0,995,341.739788139335,12,2
8508,18,62,1-18-2017-062-03,3,1,2C4RDGCG0GR3,17,7,442,2016,20,4,20,0,1,F,1,2050,5,0,1,1,1,40,1,0,0,995,0,0,0,54703,1,2,2,4,2,1,2,1,1,1,0,0,0,0,1,8,0,0,1,0,1,2,17,2,1,1,5,L,88,0,0,0,0,0,0,0,0,0,0,180,90,0,0,0,1,1,9,-9,-3,14311,998,-60,12,0,3,0,0,0,0,0,995,400.871375698317,6,2
8508,18,62,1-18-2017-062-03,3,2,1C3CDFAA4GD7,17,7,29,2016,4,1,3,0,1,L,1,1445,5,0,1,1,1,40,1,0,0,995,0,0,0,54703,2,9,2,4,2,1,2,1,1,1,0,0,0,0,1,8,0,0,9,0,1,2,17,99,1,1,5,L,89,0,0,0,0,0,0,0,0,0,0,90,180,0,0,0,1,1,12,-4,12,5081,998,-56,8,0,3,99,99,0,0,0,995,400.871375698317,6,2
8509,18,63,1-18-2017-063-06,6,1,1GNDX13E64D1,17,20,443,2004,20,4,20,0,1,F,1,1741,5,250,2,1,1,105,1,0,0,995,0,0,0,54656,1,9,1,1,2,2,1,1,3,2,2,3,0,0,3,8,0,0,1,0,14,6,90,99,1,1,1,C,12,0,0,0,0,0,0,0,0,0,0,150,135,0,0,0,2,1,10,-10,0,12233,998,67,12,0,4,0,0,0,0,0,995,610.854413842666,6,2
8509,18,63,1-18-2017-063-06,6,2,2G1WT55N1891,17,20,2,2008,4,1,4,0,1,L,1,1630,5,0,1,1,1,105,1,0,0,995,0,0,0,54739,1,2,1,1,2,1,1,1,3,2,1,3,0,0,3,8,0,0,1,0,14,4,60,9,1,1,6,M,98,0,0,0,0,0,0,0,0,0,0,135,150,0,0,0,2,1,10,10,4,4394,998,19,8,0,4,0,0,0,0,0,995,610.854413842666,6,2
8524,24,125,1-24-2017-125-03,3,1,5XYKT3A64FG6,17,63,402,2015,14,3,14,0,1,F,1,1722,5,181,1,1,1,80,1,0,0,995,0,0,0,08205,1,2,1,1,3,2,2,1,1,4,3,2,0,0,2,1,0,0,1,0,1,4,61,2,1,1,6,M,98,0,0,0,0,0,0,0,0,0,0,210,140,0,0,0,2,3,9,-9,2,6320,998,37,9,0,4,1,2,0,6,0,995,199.877249856568,1,2
8524,24,125,1-24-2017-125-03,3,2,19XFB2F53DE2,17,37,31,2013,4,1,3,0,1,L,1,1187,5,0,1,1,1,80,1,0,0,995,0,0,0,08205,7,2,1,1,3,1,2,1,1,4,1,3,0,0,2,1,2,2,2,1,12,2,10,1,1,2,6,M,98,0,0,0,0,0,0,0,0,0,0,140,210,0,0,0,2,3,14,7,12,16716,998,127,14,0,4,1,3,0,4,0,995,199.877249856568,1,2
8494,30,91,1-30-2017-091-05,5,1,JTDBU4EE4A91,17,49,32,2010,4,1,2,0,1,L,1,1279,5,0,1,1,1,64,1,0,9,998,8,0,9,85032,9,9,3,4,2,1,2,1,1,4,0,0,0,0,1,1,0,0,9,0,11,2,15,1,1,1,4,K,82,0,0,0,0,0,0,0,0,0,0,170,260,0,0,0,1,3,21,0,21,45282,998,-139,21,0,4,1,1,0,4,0,995,101.939042109894,10,2
8495,14,61,1-14-2017-061-05,5,1,KMHHU6KH7BU0,17,55,41,2011,2,1,4,0,1,F,3,1547,5,46,1,1,1,72,1,0,1,144,2,0,2,78130,1,1,2,3,2,1,2,1,2,1,0,3,0,0,3,1,0,0,3,1,14,2,16,99,9,4,1,B,7,0,0,0,0,0,0,0,0,0,0,998,998,0,0,0,1,1,59,-55,20,234038,998,31,59,0,1,5,33,1,3,0,998,425.667528533408,8,2
8494,30,91,1-30-2017-091-05,5,2,1B3EL46J65N5,17,7,43,2005,4,1,3,0,1,F,1,1443,8,0,2,0,1,64,1,0,0,995,0,0,0,85260,1,2,3,1,4,2,2,1,3,1,1,3,0,0,1,1,0,0,1,0,14,4,67,2,1,1,4,K,83,0,0,0,0,0,0,0,0,0,0,260,170,0,0,0,1,3,18,-18,0,19518,998,0,18,0,4,0,0,0,0,0,995,101.939042109894,10,2
8496,14,62,1-14-2017-062-01,1,1,19UUA66218A0,17,54,35,2008,4,1,3,0,1,L,2,1642,5,9999,9,1,1,64,1,0,9,998,8,0,9,78130,9,1,0,4,2,1,2,1,1,1,0,2,0,0,2,1,0,0,9,0,1,1,6,99,9,1,1,C,12,1,10,2,2,6,4,42,3,1,50,997,997,0,0,0,3,6,999,999,999,9999999,999,999,999,7,0,1,2,0,1,3,997,473.930148358357,8,2
8519,20,142,1-20-2017-142-06,6,1,4T1BK46K57U5,17,49,40,2007,4,1,3,0,1,F,1,1570,5,9999,9,5,1,105,1,0,0,995,0,0,0,93930,9,1,0,2,2,2,2,1,1,9,3,2,1,3,1,1,0,0,3,0,1,3,52,99,1,1,2,D,28,0,0,0,0,0,0,0,0,0,0,305,310,0,0,0,1,3,19,-19,-3,29714,998,-36,20,0,1,1,2,0,4,0,995,299.849328810031,11,2
8519,20,142,1-20-2017-142-06,6,2,1GKLRKED1AJ2,17,23,8,2010,6,1,5,0,1,B,1,2142,5,0,1,1,1,105,1,0,0,995,0,0,0,93930,1,1,0,2,2,2,2,1,1,9,3,2,1,3,1,1,0,0,1,0,2,3,53,1,1,1,2,D,29,0,0,0,0,0,0,0,0,0,0,310,305,0,0,0,1,3,15,15,0,21402,998,16,15,0,1,0,0,0,0,0,995,299.849328810031,11,2
8522,15,98,1-15-2017-098-02,2,1,JF1GJAS60FH0,17,48,38,2015,4,1,3,0,1,F,2,1370,5,0,1,1,1,64,1,0,0,995,0,0,0,11793,3,9,2,4,4,1,2,2,1,1,1,3,0,0,3,2,1,2,9,1,1,2,11,99,1,4,1,C,11,0,0,0,0,0,0,0,0,0,0,185,180,0,0,0,1,4,28,-28,-5,32152,998,-34,24,0,4,2,5,0,3,0,995,17.3459073921034,1,2
8525,15,99,1-15-2017-099-03,3,1,3VWD17AJ1EM4,17,30,40,2014,4,1,3,0,1,R,9,1393,5,9999,9,4,1,56,1,0,0,995,0,0,0,11758,9,9,3,4,4,2,2,1,1,1,1,2,0,0,3,1,0,0,9,0,11,2,15,99,1,2,4,J,68,0,0,0,0,0,0,0,0,0,0,40,280,0,0,0,1,12,999,999,999,9999999,999,999,999,9,0,99,99,0,99,0,995,222.563341362437,1,2
8525,15,99,1-15-2017-099-03,3,2,JN8AT2MV4GW1,17,35,51,2016,6,1,3,0,1,F,9,1610,5,0,2,4,1,56,1,0,0,995,0,0,0,11762,1,2,3,4,4,2,2,1,1,1,3,2,0,0,3,1,5,2,1,0,1,4,62,2,1,1,4,J,69,0,0,0,0,0,0,0,0,0,0,280,40,0,0,0,1,12,999,999,999,9999999,999,999,999,9,0,1,1,0,0,0,995,222.563341362437,1,2
8527,20,144,1-20-2017-144-03,3,1,1C4RJFBG4FC2,17,2,422,2015,15,3,15,0,1,R,1,2211,5,0,1,1,1,40,1,0,0,995,0,0,0,93908,1,9,2,4,3,2,2,1,1,1,3,1,0,0,5,1,1,2,9,0,1,2,17,99,1,1,5,L,87,1,4,2,5,1,1,61,1,2,37,215,105,0,0,0,1,3,12,-11,-2,36629,998,95,18,0,1,1,1,0,4,3,995,154.601001331381,11,2
8527,20,144,1-20-2017-144-03,3,2,1G1PH5SB9D71,17,20,25,2013,4,1,3,0,1,F,1,1407,5,9999,9,5,1,40,1,0,0,995,0,0,0,93901,1,9,2,4,2,1,2,1,1,1,0,2,0,0,5,1,1,2,9,0,1,4,66,99,1,1,5,L,86,0,0,0,0,0,0,0,0,0,0,105,215,0,0,0,1,3,18,-9,16,24513,998,175,13,0,1,99,99,0,99,0,995,154.601001331381,11,2
8476,28,62,1-28-2017-062-03,3,1,1N4AL3AP9GN3,17,35,47,2016,4,1,4,0,1,L,1,1453,5,0,1,1,1,72,1,0,0,995,0,0,0,16802,3,2,0,4,2,1,2,1,3,4,1,2,0,0,2,1,0,0,1,1,14,1,6,1,2,4,1,A,2,0,0,0,0,0,0,0,0,0,0,998,998,0,0,1,3,1,22,-11,19,31910,998,-12,22,0,1,2,4,0,4,0,998,383.98680625225,3,2
8478,10,51,1-10-2017-051-04,4,1,2C3CDXDT1EH1,17,7,24,2014,4,1,5,0,1,F,1,1934,5,0,1,5,1,89,1,0,0,995,0,0,0,45424,9,9,0,2,5,3,2,1,1,2,3,3,0,0,3,1,0,0,9,0,1,3,52,99,9,1,2,D,28,0,0,0,0,0,0,0,0,0,0,10,10,0,0,0,1,3,10,-10,0,6369,998,-30,9,0,4,0,0,0,0,0,995,116.739173178861,4,2
8478,10,51,1-10-2017-051-04,4,2,3FA6P0H75HR4,17,12,23,2017,4,1,4,0,1,F,1,1558,5,0,1,1,1,89,1,0,0,995,0,0,0,45324,1,2,0,2,5,3,2,1,1,2,3,3,0,0,3,1,0,0,1,0,2,3,53,99,9,1,2,D,29,0,0,0,0,0,0,0,0,0,0,10,10,0,0,0,2,3,14,-14,0,15182,998,-50,14,0,4,1,1,0,6,0,995,116.739173178861,4,2
8478,10,51,1-10-2017-051-04,4,3,JM3ER2938902,17,41,53,2009,5,1,3,0,1,B,1,1683,5,9999,9,0,0,89,1,0,0,995,0,0,0,45011,9,9,0,2,5,3,2,1,1,2,3,3,0,0,3,1,0,0,9,0,5,3,52,99,1,1,6,M,98,0,0,0,0,0,0,0,0,0,0,10,10,0,0,0,2,3,13,13,0,10227,998,0,12,0,4,95,95,95,95,0,995,116.739173178861,4,2
8505,17,85,1-17-2017-085-05,5,2,999999999999,99,98,998,1995,92,10,90,0,1,B,9,,,,,,0,89,1,9,0,995,0,9,0,61238,9,9,0,4,2,1,2,1,1,1,1,4,0,0,2,1,0,0,9,0,1,3,53,99,1,1,2,D,25,,,,,,,,,,,,,,,,,,,,,,,,,,,95,95,95,95,,,79.3160795605285,4,2
8518,20,141,1-20-2017-141-05,5,1,4T1BF1FK0CU0,17,49,40,2012,4,1,3,0,1,F,3,1441,5,0,1,1,1,89,1,1,1,168,2,0,0,93905,9,1,0,4,2,1,2,1,1,1,1,2,0,0,2,8,0,0,9,1,1,2,12,99,9,4,1,B,6,0,0,0,0,0,0,0,0,0,0,998,998,0,0,0,2,1,70,-66,-24,335963,998,-60,70,0,1,3,14,1,3,0,998,36.1461893918856,11,2
8531,30,92,1-30-2017-092-09,9,1,1NXBR12E7YZ3,17,49,32,2000,4,1,1,0,1,F,1,1095,5,0,1,1,1,105,1,0,0,995,0,0,0,85249,1,2,0,2,5,3,2,1,1,1,3,3,0,0,4,1,0,0,3,0,1,3,52,2,1,1,2,D,28,0,0,0,0,0,0,0,0,0,0,5,0,0,0,0,1,3,18,-18,3,14179,998,16,17,0,4,0,0,0,0,0,995,3888.49991142154,10,2
8531,30,92,1-30-2017-092-09,9,2,JTEZU14R7300,17,49,401,2003,14,3,14,0,1,B,1,1940,5,0,1,6,0,105,1,0,0,995,0,0,0,85210,9,9,0,1,5,3,2,1,1,1,3,3,0,0,4,1,0,0,9,0,2,3,53,99,1,1,2,D,29,0,0,0,0,0,0,0,0,0,0,0,5,0,0,0,1,3,11,11,0,10438,998,0,12,0,4,95,95,95,95,0,995,3888.49991142154,10,2
8472,11,56,1-11-2017-056-02,2,1,JTEBU5JR9G53,17,49,401,2016,14,3,14,0,1,R,1,2180,5,0,1,1,1,80,1,0,0,995,0,0,0,23838,9,9,2,4,3,2,2,1,1,1,1,2,0,0,2,5,2,2,2,0,11,2,15,99,1,1,4,K,76,0,0,0,0,0,0,0,0,0,0,95,45,0,0,0,1,1,15,7,-13,3068,998,126,5,0,1,9,97,0,8,0,995,182.458599609466,8,2
8472,11,56,1-11-2017-056-02,2,2,1FTYR10C1YTA,17,12,471,2000,34,5,30,0,1,F,1,1374,5,0,1,1,1,89,1,0,0,995,0,0,0,23838,1,2,2,4,3,1,2,1,1,1,1,3,0,0,2,5,0,0,1,0,1,4,65,99,1,1,4,K,77,0,0,0,0,0,0,0,0,0,0,45,95,0,1,0,1,1,24,-23,4,66220,998,66,32,0,1,1,2,0,8,0,995,182.458599609466,8,2
8471,11,55,1-11-2017-055-09,9,1,1GCCT14Z3K21,17,20,471,1989,34,5,30,0,1,F,9,1410,5,9999,9,0,1,40,1,0,0,995,0,0,0,23860,1,2,0,4,3,1,2,1,1,1,0,1,0,0,1,1,0,0,1,1,1,1,9,99,9,4,1,A,2,0,0,0,0,0,0,0,0,0,0,998,998,0,0,1,0,0,999,999,999,9999999,999,999,999,9,0,1,1,0,0,0,998,12809.282784923,8,2