CASEID,PSU,CASENO,CASENUMBER,CATEGORY,VEHNO,VIN,VINLENGTH,MAKE,MODEL,MODELYR,BODYTYPE,BODYCAT,VEHCLASS,SPECUSE,TRANSTAT,DAMPLANE,DAMSEV,CURBWT,CURBSRC,CARGOWT,CARGOSRC,INSPTYPE,TOWSTAT,SPEEDLIMIT,DRPRESENT,PARALCOHOL,ALCTEST,ALCTESTRESULT,ALCTESTSRC,PARDRUG,DRUGTEST,ZIP,RACE,ETHNICITY,RELTOJUNCT,TRAFFLOW,RDLANES,INITLANE,SURFTYPE,SURFCOND,ALIGNMENT,PROFILE,LINERIGHT,LINELEFT,RUMBINIT,RUMBROAD,LIGHTCOND,WEATHER,TRAFDEV,TRAFFUNCT,DISTRACT,PREFHE,PREMOVE,CRITCAT,CRITEVENT,MANEUVER,PRESTAB,PRELOC,CRASHCAT,CRASHCONF,CRASHTYPE,ROLLTYPE,ROLLTURN,ROLLINTRPT,ROLLPREMAN,ROLLINITYP,ROLLINLOC,ROLLOBJ,ROLLTRIP,ROLLDIR,ROLLDIST,DVANGTHIS,DVANGOTH,TOWHITCH,TRAJDOC,TREEPOLE,DVEVENT,DVBASIS,DVTOTAL,DVLONG,DVLAT,DVENERGY,DVSPEED,DVMOMENT,DVBES,DVEST,DVCONF,VAIS,VISS,VINJURED,VTREAT,INITOBJCLASS,HEADANGLECAT,CASEWGT,PSUSTRAT,VERSION
8789,16,88,1-16-2017-088-06,6,2,JN1CA31A9YT0,17,35,39,2000,4,1,3,0,1,F,1,1451,5,9999,9,0,0,64,1,0,0,995,0,0,0,45069,9,9,0,4,6,1,2,1,1,1,1,3,0,0,1,1,0,0,9,1,12,2,21,1,1,2,6,M,98,0,0,0,0,0,0,0,0,0,0,330,0,0,0,0,1,3,13,10,8,9842,998,130,10,0,4,95,95,95,95,0,995,2287.90777727149,5,2
8785,23,126,1-23-2017-126-07,7,1,2T2BK1BA2AC0,17,59,403,2010,14,3,14,0,1,F,9,1970,5,9999,9,0,1,80,1,0,0,995,0,0,0,43015,9,9,2,1,4,4,2,1,1,1,1,2,0,0,2,1,1,2,9,1,1,2,15,99,9,4,1,B,6,0,0,0,0,0,0,0,0,0,0,998,998,0,0,1,0,0,999,999,999,9999999,999,999,999,9,0,0,0,0,0,0,998,2571.4882895208,5,2
8779,11,60,1-11-2017-060-03,3,2,2FMDK39C47BB,17,12,24,2007,6,1,4,0,1,F,1,1853,5,9999,9,4,1,56,1,0,0,995,0,0,0,23860,9,9,2,4,2,1,2,1,3,1,0,2,0,0,3,1,0,0,9,0,14,4,66,99,1,1,5,L,86,0,0,0,0,0,0,0,0,0,0,10,100,0,0,0,1,12,999,999,999,9999999,999,999,999,2,0,9,97,0,8,0,995,6747.68905404697,8,2
8786,10,63,1-10-2017-063-02,2,1,JHMCG5644XC0,17,37,32,1999,4,1,3,0,1,L,1,1370,5,0,1,1,1,56,1,0,0,995,0,0,0,45401,9,9,2,4,2,1,2,1,1,1,0,0,0,0,1,1,0,0,9,0,11,2,15,99,1,1,4,K,82,0,0,0,0,0,0,0,0,0,0,150,250,0,0,0,1,3,6,-3,6,4606,998,95,7,0,4,9,97,0,8,0,995,22.4619736210346,4,2
8786,10,63,1-10-2017-063-02,2,2,5XYKTCA6XEG4,17,63,402,2014,14,3,14,0,1,F,1,1730,5,0,1,5,1,56,1,0,0,995,0,0,0,45042,9,9,2,4,4,2,2,1,1,1,3,2,0,0,1,1,0,0,9,0,1,4,72,99,1,9,4,K,83,0,0,0,0,0,0,0,0,0,0,250,150,0,0,0,1,3,6,-5,-2,1741,998,-73,4,0,4,9,97,0,8,0,995,22.4619736210346,4,2
8792,12,71,1-12-2017-071-02,2,1,3FA6P0HD2GR3,17,12,23,2016,4,1,4,0,1,T,1,1558,5,0,1,1,1,105,1,0,0,995,0,0,0,74421,9,9,2,1,2,2,2,1,1,1,3,2,0,0,1,1,0,0,9,1,1,2,12,1,2,4,1,B,6,1,6,2,2,1,4,61,1,1,33,997,997,0,0,0,8,6,999,999,999,9999999,999,999,999,6,0,9,97,0,8,3,997,595.882247889333,9,2
8794,32,146,1-32-2017-146-01,1,1,JH4KA7664PC0,17,54,32,1993,4,1,5,0,1,T,2,1567,5,0,1,1,1,64,1,1,1,0,3,1,2,76015,2,2,0,1,3,3,1,1,1,1,3,0,0,0,3,1,0,0,9,1,1,1,6,1,3,4,1,A,2,1,4,1,1,1,4,61,1,2,100,997,997,0,0,0,3,6,999,999,999,9999999,999,999,999,7,0,6,75,1,1,3,997,249.08747836634,7,2
8795,32,147,1-32-2017-147-03,3,1,1GBL7H1J7MJ1,17,20,881,1991,63,8,60,99,1,F,9,,,,,,1,64,1,0,0,995,0,0,0,75041,9,9,2,1,4,4,2,1,1,1,2,1,0,0,1,1,1,2,9,0,11,2,15,99,1,1,4,J,68,,,,,,,,,,,,,,,,,,,,,,,,,,,95,95,95,95,,,1059.8196509868,7,2
8795,32,147,1-32-2017-147-03,3,2,1N4AL3AP2FN3,17,35,47,2015,4,1,4,0,1,L,9,1416,5,0,1,1,1,64,1,0,0,995,0,0,0,75227,2,2,2,1,4,2,2,1,1,1,3,3,0,0,1,1,1,2,1,0,1,4,62,1,1,1,4,J,69,0,0,0,0,0,0,0,0,0,0,270,65,0,0,0,1,5,999,999,999,9999999,999,999,16,0,0,1,1,0,4,0,995,1059.8196509868,7,2
8780,24,133,1-24-2017-133-10,10,1,1FTFX1ET9EFB,17,12,481,2014,34,5,31,0,1,B,1,2549,5,9999,9,0,0,40,1,0,0,995,0,0,0,08203,9,9,2,4,2,1,2,1,1,1,0,0,0,0,1,1,2,2,9,0,13,2,20,1,1,1,6,M,92,0,0,0,0,0,0,0,0,0,0,315,315,0,0,0,1,3,12,12,0,27195,998,0,16,0,4,95,95,95,95,0,995,5319.38022132995,1,2
8780,24,133,1-24-2017-133-10,10,2,KMHDN46D86U3,17,55,35,2006,4,1,2,0,1,F,2,1195,5,0,1,1,1,40,1,0,0,995,0,0,0,08203,1,2,2,4,2,1,2,1,1,1,0,0,0,0,1,1,2,2,1,0,1,3,54,2,1,1,6,M,93,0,0,0,0,0,0,0,0,0,0,315,315,0,0,0,1,3,26,-26,0,23894,998,-45,21,0,4,0,0,0,0,0,995,5319.38022132995,1,2
8782,24,135,1-24-2017-135-10,10,1,1G6DC67A8501,17,19,21,2005,4,1,5,0,1,F,1,1750,5,0,1,1,1,64,1,0,0,995,0,0,0,08757,2,2,0,2,2,1,1,2,1,1,1,3,0,0,1,1,0,0,3,1,1,2,13,1,1,4,1,C,11,0,0,0,0,0,0,0,0,0,0,350,350,0,0,0,1,11,999,999,999,9999999,999,999,999,6,0,0,0,0,0,0,995,5319.38022132995,1,2
8803,19,134,1-19-2017-134-02,2,1,1ZVBP8AM4D52,17,12,3,2013,2,1,3,0,1,F,1,1701,5,0,1,1,1,89,1,0,0,995,0,0,0,35905,1,9,0,4,2,1,2,1,1,1,1,2,0,0,2,1,0,0,9,1,1,2,12,11,1,4,1,B,6,0,0,0,0,0,0,0,0,0,0,998,998,0,1,0,2,7,999,999,999,9999999,999,999,999,6,0,4,24,2,3,0,998,102.089013427492,9,2
8806,31,48,1-31-2017-048-09,9,1,1D7HW48N56S5,17,7,472,2006,34,5,30,0,1,F,1,2041,5,0,2,1,1,56,1,8,0,995,0,7,0,62205,2,2,0,4,2,1,2,1,3,1,1,4,0,0,2,1,0,0,1,1,14,2,13,3,2,4,1,A,1,0,0,0,0,0,0,0,0,0,0,998,998,0,1,2,1,10,999,999,999,9999999,999,999,14,2,0,0,0,0,3,0,998,5792.34519201867,6,2
8804,19,135,1-19-2017-135-06,6,1,999999999999,99,85,884,2007,66,8,67,0,1,R,9,,,,,,0,97,1,0,0,995,0,0,0,35961,9,9,0,3,2,1,2,1,1,1,3,2,0,0,1,1,0,0,9,0,1,3,52,99,1,1,2,F,44,,,,,,,,,,,,,,,,,,,,,,,,,,,95,95,95,95,,,528.510318481419,9,2
8804,19,135,1-19-2017-135-06,6,2,1N4AA5AP6CC8,17,35,39,2012,4,1,4,0,1,L,2,1630,5,0,1,1,1,97,1,0,0,995,0,0,0,35901,1,2,0,3,2,2,2,1,1,1,3,2,0,0,1,1,0,0,1,0,1,3,52,1,1,2,2,F,45,0,0,0,0,0,0,0,0,0,0,280,280,0,0,0,1,5,999,999,999,9999999,999,999,999,7,0,1,1,0,4,0,995,528.510318481419,9,2
8802,26,77,1-26-2017-077-03,3,1,1C4AJWAG3EL1,17,2,403,2014,14,3,14,0,1,F,2,1759,5,0,1,1,1,56,1,0,0,995,0,0,0,95661,1,2,0,5,3,1,2,1,1,1,1,2,0,0,3,1,0,0,1,0,1,3,50,4,1,1,2,D,20,0,0,0,0,0,0,0,0,0,0,350,340,0,0,0,1,1,26,-26,0,21598,998,0,17,0,3,2,5,0,4,0,995,544.569920310641,10,2
8802,26,77,1-26-2017-077-03,3,2,5TDZA23C04S2,17,49,442,2004,20,4,20,0,1,F,2,1870,5,0,1,1,1,56,1,0,0,995,0,0,0,95621,1,2,0,5,3,1,2,1,1,1,1,2,0,0,3,1,0,0,1,0,5,3,53,1,1,1,2,D,21,0,0,0,0,0,0,0,0,0,0,340,340,0,0,0,2,3,33,-33,0,81043,998,0,32,0,4,1,1,0,4,0,995,544.569920310641,10,2
8805,19,136,1-19-2017-136-04,4,1,5XYKT3A64EG4,17,63,402,2014,14,3,14,0,1,F,1,1722,5,0,1,1,1,72,1,0,0,995,0,0,0,35954,1,2,1,1,4,1,2,1,1,1,1,1,0,0,5,1,0,0,1,0,1,3,50,4,1,1,2,D,20,0,0,0,0,0,0,0,0,0,0,355,350,0,0,0,1,1,10,-10,0,39309,998,27,13,0,4,0,0,0,0,0,995,1670.91509537102,9,2
8802,26,77,1-26-2017-077-03,3,3,JTEEP21A6702,17,49,403,2007,14,3,14,0,1,F,9,1760,5,9999,9,0,0,56,1,0,0,995,0,0,0,95628,9,9,0,5,3,2,2,1,1,1,1,2,0,0,3,1,0,0,9,0,5,3,53,99,1,1,6,M,98,0,0,0,0,0,0,0,0,0,0,340,340,0,0,0,0,0,999,999,999,9999999,999,999,999,9,0,95,95,95,95,0,995,544.569920310641,10,2
8802,26,77,1-26-2017-077-03,3,4,2FAFP74W74X1,17,12,16,2004,4,1,4,0,1,B,9,1900,5,9999,9,0,0,56,1,0,0,995,0,0,0,95843,9,9,0,5,3,1,2,1,1,1,1,2,0,0,3,1,0,0,9,0,5,3,53,99,1,1,6,M,98,0,0,0,0,0,0,0,0,0,0,340,340,0,0,0,0,0,999,999,999,9999999,999,999,999,9,0,95,95,95,95,0,995,544.569920310641,10,2
8805,19,136,1-19-2017-136-04,4,2,1G2ZA5E04A41,17,22,22,2010,4,1,4,0,1,B,1,1507,5,0,1,1,1,72,1,0,0,995,0,0,0,35904,1,2,1,1,4,1,2,1,1,1,1,1,0,0,5,1,0,0,1,0,5,3,51,1,1,1,2,D,22,0,0,0,0,0,0,0,0,0,0,350,355,0,0,0,1,1,11,11,2,6343,998,-105,8,0,4,0,0,0,6,0,995,1670.91509537102,9,2
8809,17,91,1-17-2017-091-04,4,1,1GNFK16T11J1,17,20,431,2001,16,3,16,0,1,L,1,2424,5,0,1,2,0,48,1,0,0,995,0,0,0,61265,9,9,2,4,4,2,1,1,1,4,3,1,0,0,1,1,1,2,9,0,1,4,66,99,1,1,5,L,89,0,0,0,0,0,0,0,0,0,0,170,270,0,0,0,1,1,10,-4,10,12608,998,14,12,0,1,95,95,95,95,0,995,1129.31246423995,4,2
8809,17,91,1-17-2017-091-04,4,2,JN1AZ4EH2FM4,17,35,48,2015,2,1,2,0,1,F,1,1540,5,0,1,1,1,48,1,0,0,995,0,0,0,61265,1,1,2,4,2,1,1,1,1,1,1,2,0,0,1,1,1,2,1,0,1,4,66,2,1,1,5,L,88,0,0,0,0,0,0,0,0,0,0,270,170,0,0,0,1,1,15,-15,-3,13470,998,-35,14,0,1,0,0,0,0,0,995,1129.31246423995,4,2
8810,17,92,1-17-2017-092-08,8,1,1NXBR32E75Z5,17,49,32,2005,4,1,2,0,1,F,3,1135,5,68,1,1,1,113,1,9,0,995,0,9,0,56304,1,2,0,1,2,2,2,1,1,9,3,2,1,3,2,1,0,0,9,1,1,2,12,99,9,6,3,G,50,0,0,0,0,0,0,0,0,0,0,150,350,0,0,0,1,1,40,-40,-7,94911,998,-31,43,0,1,1,1,0,0,0,995,265.668325446656,4,2
8810,17,92,1-17-2017-092-08,8,2,1GNEK13RXXJ3,17,20,421,1999,15,3,15,0,1,F,1,2419,5,100,1,1,1,113,1,9,1,0,2,1,2,98597,1,2,0,1,2,1,2,1,1,9,2,3,2,3,2,1,0,0,1,0,1,4,62,2,9,1,3,G,51,0,0,0,0,0,0,0,0,0,0,350,150,0,0,0,1,1,20,-19,3,30451,998,-37,17,0,4,3,11,1,3,0,995,265.668325446656,4,2
8808,17,90,1-17-2017-090-02,2,1,2G1WB5E32E11,17,20,2,2014,4,1,4,0,1,F,3,1754,5,0,1,1,1,89,1,9,1,211,2,9,1,61465,1,2,2,4,2,1,2,1,2,2,1,2,0,0,1,1,0,0,9,1,14,2,10,99,1,2,3,G,50,0,0,0,0,0,0,0,0,0,0,350,200,0,0,0,1,4,77,-76,-13,557052,998,-30,85,0,4,4,34,2,3,0,995,70.2577413226443,4,2
8808,17,90,1-17-2017-090-02,2,2,1C4PJMCSXFW7,17,2,404,2015,14,3,14,0,1,F,3,1788,5,0,1,5,1,89,1,9,1,0,2,9,0,61254,1,2,2,4,2,1,2,1,3,4,1,2,0,0,1,1,0,0,1,0,14,4,62,4,1,1,3,G,51,0,0,0,0,0,0,0,0,0,0,200,350,0,0,0,1,4,80,-75,27,453050,998,62,72,0,4,1,3,0,4,0,995,70.2577413226443,4,2
8814,22,118,1-22-2017-118-05,5,1,1FMCU59H48KD,17,12,402,2008,14,3,14,0,1,T,3,1650,5,0,1,1,1,97,1,0,0,995,0,0,0,83858,1,2,0,4,2,1,2,3,2,4,1,2,0,0,1,4,0,0,1,1,6,1,6,7,4,4,1,B,7,1,99,2,2,5,4,31,1,1,20,997,997,0,0,0,2,6,999,999,999,9999999,999,999,999,8,0,1,1,0,4,2,997,106.503082895467,12,2
8569,30,94,1-30-2017-094-01,1,1,JTEDP21A4600,17,49,403,2006,14,3,14,0,1,R,1,1760,5,0,1,1,1,105,1,9,1,0,3,1,2,85041,9,9,0,1,2,2,2,1,1,1,3,2,1,3,1,1,0,0,9,1,1,2,12,4,9,4,1,B,6,1,3,2,6,1,3,61,1,2,999,997,997,0,0,0,1,6,999,999,999,9999999,999,999,999,6,0,3,10,1,1,3,997,296.473531547872,10,2
8821,15,109,1-15-2017-109-02,2,1,JA32U2FU4DU0,17,52,46,2013,4,1,2,0,1,F,1,1300,5,9999,9,4,1,64,1,0,0,995,0,0,0,11783,1,2,1,3,1,1,2,2,1,1,1,2,0,0,3,2,1,2,9,0,1,3,50,99,9,1,2,D,20,0,0,0,0,0,0,0,0,0,0,200,200,0,0,0,1,12,999,999,999,9999999,999,999,999,2,0,1,1,0,6,0,995,67.7435996451289,1,2
8817,13,123,1-13-2017-123-04,4,1,1C6RR7NT9HS7,17,7,482,2017,34,5,31,0,1,F,2,2336,5,0,1,1,1,999,1,0,0,995,0,0,0,76082,1,9,0,4,6,1,2,1,1,1,1,3,0,0,2,1,0,0,9,1,1,1,9,99,9,4,1,A,2,0,0,0,0,0,0,0,0,0,0,998,998,0,0,5,1,10,999,999,999,9999999,999,999,999,7,0,0,0,0,0,0,998,5139.79718527359,7,2
8821,15,109,1-15-2017-109-02,2,2,2HKYF18415H5,17,37,421,2005,15,3,15,0,1,B,9,2007,5,9999,9,0,0,64,1,9,0,995,0,9,0,99999,9,9,1,3,1,1,2,2,1,1,1,2,0,0,3,2,1,2,9,0,5,3,52,99,1,1,2,D,21,0,0,0,0,0,0,0,0,0,0,200,200,0,0,0,0,0,999,999,999,9999999,999,999,999,9,0,95,95,95,95,0,995,67.7435996451289,1,2
8820,15,108,1-15-2017-108-06,6,1,4T1BK46K69U5,17,49,40,2009,4,1,4,0,1,F,9,1580,5,9999,9,0,0,89,1,0,0,995,0,0,0,11691,9,9,0,3,3,2,2,2,3,9,3,3,0,0,4,8,0,0,9,0,14,3,52,99,9,1,2,D,28,0,0,0,0,0,0,0,0,0,0,110,110,0,0,0,0,0,999,999,999,9999999,999,999,999,9,0,95,95,95,95,0,995,1685.83729673499,1,2
8820,15,108,1-15-2017-108-06,6,2,JTMRF4DV3C50,17,49,402,2012,14,3,14,0,1,B,9,1613,5,0,2,0,1,89,1,0,0,995,0,0,0,11703,2,2,0,3,3,2,2,2,3,9,3,3,0,0,4,8,0,0,1,0,14,3,53,1,1,1,2,D,29,0,0,0,0,0,0,0,0,0,0,110,110,0,0,0,0,0,999,999,999,9999999,999,999,999,9,0,99,99,0,4,0,995,1685.83729673499,1,2
8828,21,74,1-21-2017-074-01,1,1,1GKDM19W3VB5,17,23,441,1997,20,4,20,0,1,F,2,1956,5,9999,9,5,1,40,1,9,1,0,3,9,2,92404,9,1,0,4,2,1,2,1,2,4,0,2,0,0,2,1,6,2,9,1,14,2,12,99,9,4,1,B,6,0,0,0,0,0,0,0,0,0,0,998,998,0,1,0,1,7,999,999,999,9999999,999,999,999,7,0,6,75,1,1,0,998,121.777836364402,11,2
8822,33,125,1-33-2017-125-10,10,1,4N2ZN15T41D8,17,35,443,2001,20,4,20,0,1,F,1,1785,5,0,1,1,1,72,1,0,0,995,0,0,0,95966,1,2,0,4,2,1,2,1,1,1,1,4,0,0,1,1,0,0,1,1,1,1,8,4,1,4,1,A,2,0,0,0,0,0,0,0,0,0,0,998,998,1,0,0,1,5,999,999,999,9999999,999,999,999,1,0,0,0,0,0,0,998,947.239908575176,12,2
8819,30,101,1-30-2017-101-02,2,1,3GTEC14V57G1,17,23,481,2007,34,5,31,0,1,F,2,1876,5,68,1,1,1,72,1,0,0,995,0,0,0,85301,9,9,2,1,4,4,2,1,1,1,1,0,0,0,1,8,1,2,9,0,11,2,15,1,1,1,4,J,68,0,0,0,0,0,0,0,0,0,0,70,290,0,0,0,1,1,34,-30,-17,167932,998,-92,41,0,1,9,97,0,5,0,995,61.3244750211792,10,2
8819,30,101,1-30-2017-101-02,2,2,JTDKDTB37D10,17,49,46,2013,5,1,2,0,1,F,3,1135,5,0,1,1,1,72,1,0,0,995,0,0,0,85345,1,2,2,1,5,4,2,1,1,1,3,1,0,0,1,8,1,2,1,0,1,4,62,4,1,1,4,J,69,0,0,0,0,0,0,0,0,0,0,290,70,0,0,0,1,1,52,-51,9,95970,998,29,42,0,1,2,6,0,3,0,995,61.3244750211792,10,2
8815,13,121,1-13-2017-121-04,4,1,2GKALREK2F62,17,23,402,2015,14,3,14,0,1,F,1,1748,5,0,1,1,1,97,1,0,0,995,0,0,0,76450,1,2,1,2,4,4,1,1,1,2,3,2,0,0,2,1,0,0,9,0,1,6,90,99,1,1,1,C,15,0,0,0,0,0,0,0,0,0,0,998,998,0,0,0,1,1,12,-12,0,11798,998,-58,12,0,4,0,0,0,0,0,998,5139.79718527359,7,2
8823,33,126,1-33-2017-126-06,6,1,WVWJK73C19P0,17,30,46,2009,4,1,3,0,1,F,1,1499,5,0,1,1,1,56,1,0,0,995,0,0,0,95965,1,2,2,4,2,1,2,1,1,1,0,2,0,0,1,1,0,0,9,1,1,2,10,1,1,2,3,G,50,0,0,0,0,0,0,0,0,0,0,190,340,0,0,0,1,1,23,-22,4,54257,998,35,29,0,1,1,1,0,99,0,995,98.4342757274466,12,2
8816,13,122,1-13-2017-122-02,2,1,KL4CJCSB7JB5,17,18,404,2018,14,3,14,0,1,F,1,1468,5,0,1,1,1,97,1,0,0,995,0,0,0,60126,1,9,2,4,2,1,2,1,1,2,1,2,0,0,2,1,2,2,9,0,1,2,17,99,1,1,5,L,86,0,0,0,0,0,0,0,0,0,0,135,225,0,0,0,1,3,10,-5,8,5634,998,170,6,0,3,3,22,1,3,0,995,114.328719007773,7,2
8823,33,126,1-33-2017-126-06,6,2,1HGCR2F35DA1,17,37,32,2013,4,1,4,0,1,F,1,1521,5,0,1,2,0,56,1,0,0,995,0,0,0,95965,9,9,2,4,2,1,2,1,1,4,0,2,0,0,1,1,2,2,9,0,1,4,67,1,1,1,3,G,51,0,0,0,0,0,0,0,0,0,0,340,190,0,0,0,1,1,23,-22,-8,18301,998,-68,16,0,1,95,95,95,95,0,995,98.4342757274466,12,2
8824,33,127,1-33-2017-127-06,6,1,JTEDC3EH1B20,17,49,403,2011,14,3,14,0,1,F,1,2105,5,0,1,1,1,56,1,0,0,995,0,0,0,95914,9,9,3,4,2,1,2,1,1,2,1,5,0,0,1,1,0,0,9,1,10,1,1,8,9,4,1,A,2,0,0,0,0,0,0,0,0,0,0,998,998,0,1,1,1,1,12,-12,0,13741,998,70,11,0,4,99,99,0,99,0,998,98.4342757274466,12,2
8811,18,71,1-18-2017-071-09,9,1,JTLKT3245502,17,49,49,2005,6,1,1,0,1,T,2,1111,8,0,1,1,1,89,1,0,0,995,0,0,0,54730,1,2,0,4,2,1,2,3,3,4,0,0,0,0,1,8,0,0,1,1,14,1,5,1,2,4,1,A,2,1,10,1,2,1,4,61,1,1,37,997,997,0,0,0,1,6,999,999,999,9999999,999,999,999,7,0,1,2,0,4,3,997,9984.70215625247,6,2
8825,20,154,1-20-2017-154-05,5,1,WDDNG7BB3AA3,17,42,43,2010,4,1,5,0,1,F,3,2100,5,0,1,1,1,40,1,0,1,108,2,0,1,93953,1,2,0,5,2,1,2,1,2,1,1,4,0,0,2,1,0,0,3,1,14,2,12,8,1,4,1,B,6,0,0,0,0,0,0,0,0,0,0,998,998,0,0,1,1,8,999,999,999,9999999,999,999,999,8,0,2,12,0,3,0,998,37.3161505322178,11,2
8816,13,122,1-13-2017-122-02,2,2,5FNRL5H60BB0,17,37,441,2011,20,4,20,0,1,R,1,2041,5,0,1,1,1,97,1,0,0,995,0,0,0,76244,1,9,2,3,3,3,1,1,1,2,3,2,0,0,2,1,0,0,9,0,1,4,66,99,1,1,5,L,87,0,0,0,0,0,0,0,0,0,0,225,135,0,0,0,1,3,7,-6,-3,14227,998,20,12,0,3,1,1,0,3,0,995,114.328719007773,7,2
8829,20,157,1-20-2017-157-03,3,1,5N1AT2MT5FC9,17,35,51,2015,6,1,3,0,1,F,1,1550,5,0,1,1,1,64,1,0,0,995,0,0,0,93906,1,9,2,5,3,2,2,1,1,1,1,1,0,0,1,8,1,2,9,0,11,2,15,99,1,1,4,J,68,0,0,0,0,0,0,0,0,0,0,90,300,0,0,0,1,1,19,-17,-10,18587,998,-58,16,0,1,0,0,0,4,0,995,218.970338164102,11,2
8829,20,157,1-20-2017-157-03,3,2,3C4PDCAB8FT6,17,7,27,2015,6,1,4,0,1,F,1,1735,5,0,1,1,1,64,1,0,0,995,0,0,0,93907,1,1,2,5,4,2,2,1,1,1,1,1,0,0,1,8,1,2,9,0,1,4,62,99,1,1,4,J,69,0,0,0,0,0,0,0,0,0,0,300,90,0,0,0,1,1,17,-17,0,30333,998,-51,19,0,1,1,1,0,4,0,995,218.970338164102,11,2
8827,20,156,1-20-2017-156-03,3,1,2G61V5S31D91,17,19,23,2013,4,1,4,0,1,F,1,1898,5,0,1,1,1,40,1,0,0,995,0,0,0,93940,1,2,2,4,2,1,2,1,1,4,0,4,0,0,1,1,2,2,3,0,4,4,66,1,1,1,5,L,86,0,0,0,0,0,0,0,0,0,0,90,180,0,0,0,1,1,14,-14,2,28530,998,38,19,0,1,1,3,0,6,0,995,218.970338164102,11,2
8827,20,156,1-20-2017-156-03,3,2,1G1JC5246X72,17,20,16,1999,4,1,2,0,1,R,1,1193,5,0,1,5,1,40,1,0,0,995,0,0,0,93940,1,2,2,4,2,1,2,1,1,2,0,2,0,0,1,1,2,2,1,0,1,4,66,7,1,1,5,L,87,0,0,0,0,0,0,0,0,0,0,180,90,0,0,0,1,1,22,-4,-22,19525,998,78,17,0,1,0,0,0,0,0,995,218.970338164102,11,2
8830,24,136,1-24-2017-136-04,4,1,3KPFK4A79HE1,17,63,38,2017,4,1,3,0,1,R,1,1272,5,0,1,1,1,40,1,0,0,995,0,0,0,08401,2,2,2,1,4,2,2,1,1,1,1,2,0,0,1,1,1,2,1,0,11,2,15,1,1,1,5,L,87,0,0,0,0,0,0,0,0,0,0,200,120,0,0,0,1,1,17,0,-17,4956,998,34,10,0,1,0,0,0,0,0,995,1137.69106047737,1,2
8830,24,136,1-24-2017-136-04,4,2,1GTEC14X04Z2,17,23,481,2004,34,5,31,0,1,F,1,1836,5,0,1,2,0,40,1,0,0,995,0,0,0,08401,9,9,2,4,5,2,2,1,1,1,3,3,0,0,1,1,1,2,1,0,1,4,62,99,1,1,5,L,86,0,0,0,0,0,0,0,0,0,0,120,200,0,0,0,1,1,11,-11,2,22867,998,89,15,0,1,95,95,95,95,0,995,1137.69106047737,1,2
8796,14,68,1-14-2017-068-03,3,1,1VWAP7A33DC0,17,30,46,2013,4,1,4,0,1,F,1,1436,5,0,1,1,1,113,1,0,0,995,0,0,0,78028,1,9,0,3,3,3,2,1,1,9,3,1,1,3,1,1,0,0,9,0,1,3,52,99,1,1,2,D,28,0,0,0,0,0,0,0,0,0,0,60,60,0,0,0,1,3,21,-21,0,26506,998,20,21,0,4,99,99,0,99,0,995,3945.06329022054,8,2
8796,14,68,1-14-2017-068-03,3,2,999999999999,99,7,482,2013,34,5,31,0,1,B,9,9999,9,9999,9,0,0,113,1,0,0,995,0,0,0,78130,9,9,0,3,3,3,2,1,1,9,3,1,1,3,1,1,0,0,9,0,2,3,53,99,1,1,2,D,29,0,0,0,0,0,0,0,0,0,0,60,60,0,0,0,0,0,999,999,999,9999999,999,999,999,9,0,95,95,95,95,0,995,3945.06329022054,8,2
8777,10,62,1-10-2017-062-07,7,1,4T1BF1FK9CU1,17,49,40,2012,4,1,3,0,1,R,9,1441,5,9999,9,0,1,89,1,0,0,995,0,0,0,46142,9,9,0,4,2,1,2,1,1,1,1,2,0,0,5,1,0,0,9,1,11,2,15,1,1,2,4,J,68,0,0,0,0,0,0,0,0,0,0,210,90,0,0,0,0,0,999,999,999,9999999,999,999,999,9,0,0,0,0,0,0,995,39.7072252191354,4,2
8799,28,65,1-28-2017-065-10,10,1,WD5PD6440456,17,7,462,2004,21,4,21,3,1,F,1,2351,5,0,1,3,1,89,1,0,0,995,0,0,0,17745,1,2,0,4,2,1,2,1,1,1,1,2,1,0,2,1,0,0,1,0,1,6,87,2,1,1,1,C,13,0,0,0,0,0,0,0,0,0,0,998,998,0,0,0,1,12,999,999,999,9999999,999,999,999,1,0,0,0,0,0,0,998,6202.57955857487,3,2
8800,28,66,1-28-2017-066-07,7,1,4S3BMBC65B32,17,48,45,2011,4,1,3,0,1,F,1,1485,5,0,1,1,1,89,1,0,0,995,0,0,0,16901,1,2,0,4,2,1,2,1,1,1,1,2,1,0,2,1,0,0,9,0,1,6,87,1,1,1,1,C,13,0,0,0,0,0,0,0,0,0,0,998,998,0,0,0,1,10,999,999,999,9999999,999,999,14,2,0,0,0,0,0,0,998,791.668073602525,3,2