CASEID,PSU,CASENO,CASENUMBER,CATEGORY,VEHNO,VIN,VINLENGTH,MAKE,MODEL,MODELYR,BODYTYPE,BODYCAT,VEHCLASS,SPECUSE,TRANSTAT,DAMPLANE,DAMSEV,CURBWT,CURBSRC,CARGOWT,CARGOSRC,INSPTYPE,TOWSTAT,SPEEDLIMIT,DRPRESENT,PARALCOHOL,ALCTEST,ALCTESTRESULT,ALCTESTSRC,PARDRUG,DRUGTEST,ZIP,RACE,ETHNICITY,RELTOJUNCT,TRAFFLOW,RDLANES,INITLANE,SURFTYPE,SURFCOND,ALIGNMENT,PROFILE,LINERIGHT,LINELEFT,RUMBINIT,RUMBROAD,LIGHTCOND,WEATHER,TRAFDEV,TRAFFUNCT,DISTRACT,PREFHE,PREMOVE,CRITCAT,CRITEVENT,MANEUVER,PRESTAB,PRELOC,CRASHCAT,CRASHCONF,CRASHTYPE,ROLLTYPE,ROLLTURN,ROLLINTRPT,ROLLPREMAN,ROLLINITYP,ROLLINLOC,ROLLOBJ,ROLLTRIP,ROLLDIR,ROLLDIST,DVANGTHIS,DVANGOTH,TOWHITCH,TRAJDOC,TREEPOLE,DVEVENT,DVBASIS,DVTOTAL,DVLONG,DVLAT,DVENERGY,DVSPEED,DVMOMENT,DVBES,DVEST,DVCONF,VAIS,VISS,VINJURED,VTREAT,INITOBJCLASS,HEADANGLECAT,CASEWGT,PSUSTRAT,VERSION
8890,32,152,1-32-2017-152-01,1,1,2HGFG21516H7,17,37,31,2006,2,1,3,0,1,R,3,1307,5,0,1,1,1,113,1,1,1,283,2,0,2,75050,1,1,1,2,5,3,1,1,1,1,3,3,0,0,3,8,0,0,3,1,1,2,12,99,1,4,1,B,6,0,0,0,0,0,0,0,0,0,0,998,998,0,0,1,4,1,46,-8,-46,190262,998,106,46,0,1,5,59,3,1,0,998,174.50197157516,7,2
8892,31,50,1-31-2017-050-10,10,1,1G2WP52K21F2,17,22,20,2001,4,1,4,0,1,T,1,1582,5,0,2,1,1,999,1,0,0,995,0,0,0,62452,1,2,0,4,2,1,2,1,1,1,0,0,0,0,2,1,0,0,1,1,1,6,87,8,1,4,1,A,3,1,4,2,5,1,1,61,1,2,999,997,997,0,0,0,3,6,999,999,999,9999999,999,999,999,6,0,1,1,0,0,3,997,1073.84216837139,6,2
8891,32,153,1-32-2017-153-02,2,1,1ZVBP8AM3D52,17,12,3,2013,2,1,3,0,1,F,1,1701,5,0,1,1,1,113,1,0,8,997,8,0,0,75088,2,2,0,2,4,3,1,1,1,9,3,3,0,0,3,1,0,0,9,1,1,1,6,99,1,2,2,F,44,0,0,0,0,0,0,0,0,0,0,998,998,0,0,0,2,1,20,-19,-3,33436,998,-74,20,0,4,2,5,0,4,0,998,57.7373547747206,7,2
8891,32,153,1-32-2017-153-02,2,2,KNAGT4L33J52,17,63,34,2018,4,1,4,0,1,L,9,1463,5,9999,9,0,1,113,1,0,0,995,0,0,0,75048,1,1,0,2,4,2,1,1,1,9,3,3,0,0,3,1,0,0,9,0,1,4,60,99,1,1,2,F,45,0,0,0,0,0,0,0,0,0,0,0,10,0,0,0,0,0,999,999,999,9999999,999,999,999,9,0,99,99,0,6,0,995,57.7373547747206,7,2
8884,22,121,1-22-2017-121-10,10,1,JHMCG5647XC0,17,37,32,1999,4,1,3,0,1,F,1,1310,5,0,1,6,0,56,1,0,0,995,0,0,0,83501,9,9,3,4,3,2,2,1,1,4,1,1,0,0,3,1,0,0,1,0,11,3,55,99,1,1,4,K,82,0,0,0,0,0,0,0,0,0,0,260,350,0,0,0,1,3,8,-8,1,3819,998,135,8,0,4,95,95,95,95,0,995,2496.7765989064,12,2
8853,26,79,1-26-2017-079-06,6,1,1ZVFT82HX552,17,12,3,2005,2,1,3,0,1,B,1,1565,5,0,1,4,1,64,1,0,0,995,0,0,0,95608,1,2,0,1,4,2,2,1,1,1,3,3,0,0,1,1,0,0,1,1,15,3,53,1,1,2,2,D,25,0,0,0,0,0,0,0,0,0,0,70,60,0,0,0,1,3,17,17,-3,37837,998,-44,23,0,4,0,0,0,0,0,995,1175.98657313624,10,2
8853,26,79,1-26-2017-079-06,6,2,KMHDU46D98U4,17,55,35,2008,4,1,3,0,1,F,1,1313,5,0,1,1,1,64,1,0,0,995,0,0,0,95821,1,2,0,1,4,2,2,1,1,1,3,3,0,0,1,1,0,0,9,0,1,3,51,99,1,1,2,D,24,0,0,0,0,0,0,0,0,0,0,60,70,0,0,0,1,3,22,-22,0,12739,998,-46,15,0,4,99,99,0,6,0,995,1175.98657313624,10,2
8884,22,121,1-22-2017-121-10,10,2,KNAFE1218653,17,63,33,2006,4,1,2,0,1,R,1,1312,5,0,1,1,1,56,1,0,0,995,0,0,0,83501,1,2,3,5,5,1,2,1,1,4,3,2,0,0,3,1,0,0,1,0,1,2,17,10,1,1,4,K,83,0,0,0,0,0,0,0,0,0,0,350,260,0,0,0,1,3,8,-1,-7,6848,998,135,8,0,4,0,0,0,6,0,995,2496.7765989064,12,2
8886,30,103,1-30-2017-103-04,4,1,2G1FB3D33C91,17,20,9,2012,1,1,4,0,1,R,1,1701,5,0,1,1,1,72,1,0,0,995,0,0,0,85379,2,2,2,4,3,2,2,1,1,1,1,2,0,0,1,1,1,2,3,0,11,2,15,7,1,1,4,J,68,0,0,0,0,0,0,0,0,0,0,100,20,0,1,0,1,1,22,-8,-21,15090,998,-71,13,0,4,0,0,0,0,0,995,1473.08117807378,10,2
8886,30,103,1-30-2017-103-04,4,2,2C3CCAAG3EH3,17,6,51,2014,4,1,5,0,1,F,1,1797,5,0,1,1,1,72,1,0,0,995,0,0,0,89410,9,9,2,4,3,1,2,1,1,1,0,1,0,0,1,1,1,2,9,0,1,4,62,4,1,1,4,J,69,0,0,0,0,0,0,0,0,0,0,20,100,0,1,0,1,1,22,-19,11,80898,998,113,27,0,4,1,1,0,0,0,995,1473.08117807378,10,2
8895,12,72,1-12-2017-072-03,3,1,ML32A3HJ5EH0,17,52,48,2014,5,1,1,0,1,F,1,930,5,0,1,1,1,40,1,0,0,995,0,0,0,73401,1,2,2,4,2,1,2,2,1,1,0,0,0,0,1,2,2,2,9,0,1,2,17,1,1,1,5,L,88,0,0,0,0,0,0,0,0,0,0,240,135,0,0,0,1,3,17,-8,-15,44515,998,-139,19,0,1,1,1,0,6,0,995,1416.44009618599,9,2
8886,30,103,1-30-2017-103-04,4,3,999999999999,99,63,402,2011,14,3,14,0,1,L,9,9999,9,9999,9,0,0,72,1,0,0,995,0,0,0,85379,9,9,2,4,3,1,2,1,1,1,1,1,0,0,1,1,1,2,9,0,5,4,62,99,1,1,6,M,98,0,0,0,0,0,0,0,0,0,0,310,95,0,1,0,0,0,999,999,999,9999999,999,999,999,9,0,95,95,95,95,0,995,1473.08117807378,10,2
8895,12,72,1-12-2017-072-03,3,2,3C6UR5DL0GG1,17,7,482,2016,34,5,31,0,1,L,1,3005,5,0,1,3,0,56,1,0,0,995,0,0,0,73401,9,9,2,4,2,1,2,2,1,4,4,0,0,0,1,2,0,0,1,0,1,4,66,1,1,1,5,L,89,0,0,0,0,0,0,0,0,0,0,135,240,0,0,0,1,3,7,-7,2,3244,998,-198,4,0,1,95,95,95,95,0,995,1416.44009618599,9,2
8896,12,73,1-12-2017-073-03,3,1,19XFC2F78HE0,17,37,31,2017,4,1,3,0,1,F,2,1244,5,0,1,1,1,72,1,0,0,995,0,0,0,73401,7,1,2,1,2,2,2,1,1,1,1,2,0,0,1,1,1,2,3,0,1,4,62,3,1,1,4,J,69,0,0,0,0,0,0,0,0,0,0,205,40,0,0,0,2,1,31,-31,0,38052,998,-48,27,0,1,0,0,0,0,0,995,1416.44009618599,9,2
8896,12,73,1-12-2017-073-03,3,2,1C4RDHDG2FC7,17,7,422,2015,15,3,15,0,1,R,1,2262,5,0,1,1,1,72,1,0,0,995,0,0,0,73443,9,9,2,1,2,2,2,1,1,1,1,2,0,0,1,1,1,2,9,0,11,4,63,1,1,1,4,J,68,0,0,0,0,0,0,0,0,0,0,340,225,0,0,0,1,1,9,-3,-9,7652,998,253,5,0,1,0,0,0,0,0,995,1416.44009618599,9,2
8896,12,73,1-12-2017-073-03,3,3,2FMDK3JC9DBB,17,12,24,2013,6,1,4,0,1,F,1,1993,5,0,1,1,1,72,1,0,0,995,0,0,0,73030,1,2,2,1,2,2,2,1,1,1,1,2,0,0,1,1,1,2,1,0,11,2,15,2,1,1,6,M,98,0,0,0,0,0,0,0,0,0,0,40,205,0,0,0,2,1,20,-20,3,40388,998,18,23,0,1,1,1,0,4,0,995,1416.44009618599,9,2
8898,30,105,1-30-2017-105-02,2,1,1G4HR54K52U2,17,18,2,2002,4,1,4,0,1,F,2,1618,5,0,1,1,1,72,1,0,0,995,0,0,0,85225,1,2,2,5,5,2,2,1,1,1,3,2,0,0,1,1,0,0,2,0,11,2,15,1,1,1,4,J,68,0,0,0,0,0,0,0,0,0,0,125,5,0,0,0,1,1,25,-16,-19,76327,998,-126,34,0,4,1,1,0,0,0,995,36.9847426137107,10,2
8898,30,105,1-30-2017-105-02,2,2,JTDKN3DU1D17,17,49,46,2013,5,1,4,0,1,F,2,1485,5,0,1,1,1,72,1,0,0,995,0,0,0,85203,1,2,2,5,5,2,2,1,1,1,3,2,0,0,1,1,0,0,1,0,1,4,62,2,1,1,4,J,69,0,0,0,0,0,0,0,0,0,0,5,125,0,0,0,1,1,26,-26,5,9834,998,-21,12,0,4,1,1,0,3,0,995,36.9847426137107,10,2
8900,15,111,1-15-2017-111-04,4,1,1N4AL3AP8EN3,17,35,47,2014,4,1,4,0,1,F,9,1451,5,9999,9,0,1,64,1,0,0,995,0,0,0,11520,9,9,2,1,2,1,2,1,1,1,1,3,0,0,3,8,1,2,9,0,1,3,52,99,9,1,2,D,28,0,0,0,0,0,0,0,0,0,0,190,190,0,0,0,0,0,999,999,999,9999999,999,999,999,9,0,0,0,0,0,0,995,1259.18360163318,1,2
8900,15,111,1-15-2017-111-04,4,2,1FM5K8GT1HGA,17,12,401,2017,14,3,14,0,1,B,9,2146,5,9999,9,0,0,64,1,0,0,995,0,0,0,11793,9,9,2,1,2,1,2,1,1,1,1,3,0,0,3,8,1,2,9,0,10,3,53,99,1,1,2,D,31,0,0,0,0,0,0,0,0,0,0,190,190,0,0,0,0,0,999,999,999,9999999,999,999,999,9,0,95,95,95,95,0,995,1259.18360163318,1,2
8854,26,80,1-26-2017-080-03,3,1,5XXGM4A74EG3,17,63,34,2014,4,1,4,0,1,L,1,1484,5,0,1,5,1,72,1,0,0,995,0,0,0,95827,1,2,0,1,2,1,2,1,2,1,1,3,0,0,1,1,5,2,2,1,12,2,10,1,1,2,6,M,98,0,0,0,0,0,0,0,0,0,0,150,200,0,1,0,1,1,12,6,11,17308,998,139,12,0,4,1,1,0,0,0,995,810.478641073217,10,2
8854,26,80,1-26-2017-080-03,3,2,WVWEK73C66P1,17,30,46,2006,4,1,3,0,1,F,1,1499,5,0,1,1,1,72,1,0,0,995,0,0,0,95827,2,2,0,1,2,2,2,1,2,1,3,0,0,0,1,1,5,2,9,0,14,4,61,99,1,1,6,M,98,0,0,0,0,0,0,0,0,0,0,200,150,0,0,0,1,1,12,-12,-2,9788,998,26,12,0,4,99,99,0,99,0,995,810.478641073217,10,2
8899,32,154,1-32-2017-154-07,7,1,JTDBL40E6990,17,49,32,2009,4,1,2,0,1,F,9,1279,5,9999,9,0,1,72,1,0,0,995,0,0,0,76002,1,1,0,1,1,1,2,2,3,1,0,0,0,0,1,2,0,0,9,1,14,2,12,8,4,4,1,B,7,0,0,0,0,0,0,0,0,0,0,998,998,0,0,1,0,0,999,999,999,9999999,999,999,999,9,0,0,0,0,0,0,998,2691.73344465878,7,2
8887,30,104,1-30-2017-104-03,3,1,1FA6P8AM3G52,17,12,3,2016,2,1,3,0,1,F,9,1598,5,0,2,0,1,999,1,0,0,995,0,0,0,85031,1,1,2,4,2,1,2,1,1,1,0,0,0,0,3,1,0,0,1,1,11,2,13,2,1,4,1,A,1,0,0,0,0,0,0,0,0,0,0,998,998,0,0,0,0,0,999,999,999,9999999,999,999,999,9,0,0,0,0,0,0,998,421.167008455504,10,2
8852,10,67,1-10-2017-067-07,7,1,1FAFP53U05A2,17,12,17,2005,4,1,3,0,1,F,9,1500,5,9999,9,0,0,56,1,0,0,995,0,0,0,45410,9,9,2,4,2,1,2,1,1,1,0,0,0,0,3,1,2,2,9,0,11,2,15,99,9,1,4,K,82,0,0,0,0,0,0,0,0,0,0,30,140,0,0,0,1,0,999,999,999,9999999,999,999,999,9,0,95,95,95,95,0,995,187.578661672484,4,2
8852,10,67,1-10-2017-067-07,7,2,1FAHP3FN3AW1,17,12,37,2010,4,1,2,0,1,R,1,1225,5,0,1,1,1,56,1,0,0,995,0,0,0,45420,9,9,2,1,2,1,2,1,1,1,1,2,0,0,3,1,0,0,1,0,1,4,67,1,1,1,4,K,83,0,0,0,0,0,0,0,0,0,0,140,30,0,0,0,1,8,999,999,999,9999999,999,999,999,6,0,0,0,0,99,0,995,187.578661672484,4,2
8905,25,51,1-25-2017-051-09,9,1,1B3HB28B77D1,17,7,25,2007,5,1,2,0,1,T,1,1345,5,9999,9,4,1,80,1,0,0,995,0,0,0,04106,9,9,0,4,2,1,2,2,1,1,1,2,0,0,1,8,0,0,1,1,1,1,9,7,4,4,1,B,7,1,4,9,2,1,3,61,1,1,999,997,997,0,0,0,1,6,999,999,999,9999999,999,999,999,6,0,99,99,0,8,3,997,2248.17585176391,2,2
8870,14,70,1-14-2017-070-02,2,1,5XXGT4L39JG2,17,63,34,2018,4,1,4,0,1,U,1,1463,5,0,2,1,1,113,1,0,0,995,0,0,0,75501,2,2,0,3,3,1,2,1,1,1,1,3,2,3,2,8,0,0,1,1,1,2,13,8,9,4,1,A,1,0,0,0,0,0,0,0,0,0,0,996,996,0,0,0,1,7,999,999,999,9999999,999,999,999,6,0,1,2,0,3,0,996,216.318125742932,8,2
8876,29,38,1-29-2017-038-08,8,1,JTEHD20VX500,17,49,402,2005,14,3,14,0,1,R,1,1361,5,9999,9,1,1,64,1,0,0,995,0,0,0,02771,9,9,2,4,4,2,2,3,2,9,1,2,0,0,3,4,1,2,9,0,11,4,63,99,1,1,4,J,68,0,0,0,0,0,0,0,0,0,0,80,340,0,0,0,1,12,999,999,999,9999999,999,999,999,2,0,9,97,0,8,0,995,411.508625257646,2,2
8862,20,158,1-20-2017-158-03,3,1,5N1ED28T91C5,17,35,402,2001,14,3,14,0,1,F,1,1874,5,0,1,1,1,89,1,0,0,995,0,0,0,93906,7,1,3,4,2,1,2,1,1,1,0,2,0,0,1,1,0,0,1,0,1,3,50,2,1,1,2,D,20,0,0,0,0,0,0,0,0,0,0,230,210,0,0,0,1,1,21,-20,-7,139358,998,-100,35,0,1,1,1,0,0,0,995,243.961867646916,11,2
8862,20,158,1-20-2017-158-03,3,2,2FMDK3GC0DBB,17,12,24,2013,6,1,4,0,1,F,2,1852,5,0,1,1,1,89,1,0,1,0,2,0,0,93906,3,2,3,4,2,1,2,1,1,1,0,2,0,0,1,1,0,0,1,0,5,3,53,1,1,2,2,D,22,0,0,0,0,0,0,0,0,0,0,195,40,0,0,0,2,1,33,-29,-16,161972,998,-134,34,0,1,1,1,0,4,0,995,243.961867646916,11,2
8862,20,158,1-20-2017-158-03,3,3,1FT7W2A61DEA,17,12,481,2013,34,5,31,0,1,F,1,2912,5,0,1,1,1,89,1,0,0,995,0,0,0,95020,1,9,3,4,2,1,2,1,1,1,0,2,0,0,1,1,0,0,9,0,1,4,60,8,1,4,6,M,98,0,0,0,0,0,0,0,0,0,0,40,195,0,0,0,2,1,21,-21,0,50843,998,-66,19,0,4,99,99,0,0,0,995,243.961867646916,11,2
8863,20,159,1-20-2017-159-04,4,1,2T1BURHE5GC5,17,49,32,2016,4,1,3,0,1,F,1,1265,5,0,1,1,1,89,1,0,0,995,0,0,0,93923,7,9,2,4,3,1,2,1,1,4,1,1,0,0,1,1,1,2,1,1,1,2,13,8,1,4,1,A,3,1,99,9,1,2,4,68,4,2,999,998,998,0,0,0,1,1,17,-17,0,16267,998,26,17,0,4,1,2,0,6,3,998,772.060382186646,11,2
8864,20,160,1-20-2017-160-07,7,1,1NXBR32E78Z9,17,49,32,2008,4,1,2,0,1,F,9,1279,5,0,2,0,1,40,1,0,0,995,0,0,0,93933,3,2,2,4,2,1,2,1,1,1,0,2,0,0,1,1,2,2,2,0,11,4,66,1,1,1,4,K,82,0,0,0,0,0,0,0,0,0,0,270,15,0,0,0,0,0,999,999,999,9999999,999,999,999,9,0,0,0,0,0,0,995,1033.66503269002,11,2
8864,20,160,1-20-2017-160-07,7,2,1FTHX26G9VEB,17,12,481,1997,34,5,31,0,1,R,9,2163,5,9999,9,0,1,40,1,0,0,995,0,0,0,93933,1,9,2,2,2,2,2,1,1,1,3,0,0,0,1,1,0,0,9,0,1,4,67,99,1,1,4,K,83,0,0,0,0,0,0,0,0,0,0,15,270,0,0,0,0,0,999,999,999,9999999,999,999,999,9,0,99,99,0,99,0,995,1033.66503269002,11,2
8929,23,130,1-23-2017-130-05,5,1,1FAHP35N28W2,17,12,37,2008,4,1,2,0,1,R,9,1189,5,9999,9,0,1,89,1,0,0,995,0,0,2,43315,9,9,0,4,2,1,2,1,1,1,0,4,0,0,4,1,0,0,9,1,1,2,12,99,4,4,1,B,6,0,0,0,0,0,0,0,0,0,0,998,998,0,0,7,0,0,999,999,999,9999999,999,999,999,9,0,5,50,2,1,0,998,68.4773923035499,5,2
8930,23,131,1-23-2017-131-09,9,1,1FTZR15X1XPB,17,12,471,1999,34,5,30,0,1,L,1,1664,5,0,1,1,1,89,1,0,0,995,0,0,0,43335,9,9,0,4,2,1,2,3,1,1,0,0,0,0,1,1,0,0,9,1,1,2,13,99,3,4,1,A,1,0,0,0,0,0,0,0,0,0,0,998,998,0,0,9,1,1,15,3,14,18719,998,-92,15,0,1,1,2,0,4,0,998,1438.95135124352,5,2
8931,23,132,1-23-2017-132-04,4,1,3GNAXJEV8JL1,17,20,404,2018,14,3,14,0,1,B,9,1578,8,9999,9,0,0,89,1,0,0,995,0,0,0,43016,9,9,2,4,2,1,2,1,1,1,1,2,0,0,2,1,1,2,9,0,5,3,53,1,1,1,2,D,21,0,0,0,0,0,0,0,0,0,0,225,225,0,0,0,0,0,999,999,999,9999999,999,999,999,9,0,95,95,95,95,0,995,851.326942252902,5,2
8931,23,132,1-23-2017-132-04,4,2,1FMCU9G96GUB,17,12,402,2016,14,3,14,0,1,F,9,1713,5,9999,9,0,1,89,1,0,0,995,0,0,0,43228,9,9,2,4,2,1,2,1,1,1,1,2,0,0,2,1,1,2,9,0,1,3,50,99,1,1,2,D,20,0,0,0,0,0,0,0,0,0,0,225,225,0,0,0,0,0,999,999,999,9999999,999,999,999,9,0,0,0,0,0,0,995,851.326942252902,5,2
8939,12,74,1-12-2017-074-06,6,1,1FMZU34X5XZB,17,12,401,1999,14,3,14,0,1,L,1,1631,5,0,1,1,1,72,1,0,1,0,2,0,0,73446,1,2,2,4,2,1,2,1,1,4,0,0,0,0,1,1,2,2,1,0,1,2,17,1,1,1,5,L,89,0,0,0,0,0,0,0,0,0,0,155,260,0,0,0,1,1,22,-4,21,42092,998,-170,16,0,1,1,2,0,4,0,995,419.209238229466,9,2
8939,12,74,1-12-2017-074-06,6,2,1FTLR4FE3BPA,17,12,471,2011,34,5,30,0,1,F,1,1633,5,0,1,1,1,113,1,0,0,995,0,0,0,76264,1,2,2,1,3,1,2,1,1,4,2,3,2,3,1,1,0,0,1,1,1,4,66,3,1,2,5,L,88,0,0,0,0,0,0,0,0,0,0,260,155,0,0,0,1,1,23,-23,4,66533,998,35,32,0,1,1,1,0,4,0,995,419.209238229466,9,2
8937,24,141,1-24-2017-141-03,3,1,2C3KA43R06H1,17,6,51,2006,4,1,5,0,1,F,9,1844,5,9999,9,0,0,64,1,0,0,995,0,0,0,08401,9,9,2,2,6,3,2,1,1,1,1,2,0,0,1,1,1,2,9,0,11,2,15,99,1,1,4,J,68,0,0,0,0,0,0,0,0,0,0,130,0,0,0,0,0,0,999,999,999,9999999,999,999,999,9,0,95,95,95,95,0,995,384.089310606367,1,2
8937,24,141,1-24-2017-141-03,3,2,1HGCR2F39EA1,17,37,32,2014,4,1,4,0,1,F,2,1496,5,0,1,1,1,64,1,0,0,995,0,0,0,08330,9,9,2,1,7,3,2,1,1,1,1,1,0,0,1,1,1,2,9,0,1,4,62,99,1,1,4,J,69,0,0,0,0,0,0,0,0,0,0,0,130,0,0,0,1,3,28,-27,10,58070,998,66,28,0,4,1,2,0,4,0,995,384.089310606367,1,2
8935,27,33,1-27-2017-033-04,4,1,JN8AS5MV7DW1,17,35,51,2013,6,1,3,0,1,F,1,1574,5,0,1,1,1,72,1,8,9,998,8,7,9,01201,2,2,0,4,4,2,2,1,1,1,3,2,0,0,1,1,0,0,1,0,1,3,50,4,1,1,2,D,20,0,0,0,0,0,0,0,0,0,0,200,200,0,0,0,1,1,17,-17,0,30750,998,-10,21,0,1,0,0,0,0,0,995,285.848022533899,3,2
8935,27,33,1-27-2017-033-04,4,2,5J6RE48799L0,17,37,402,2009,14,3,14,0,1,B,1,1604,5,0,1,2,0,72,1,8,9,998,8,7,9,01201,9,9,0,4,4,2,2,1,1,1,3,2,0,0,1,1,0,0,1,0,5,3,52,1,1,1,2,D,21,0,0,0,0,0,0,0,0,0,0,200,200,0,0,0,1,1,16,16,0,6560,998,4,10,0,1,95,95,95,95,0,995,285.848022533899,3,2
8936,24,140,1-24-2017-140-06,6,1,2HGFB2F53CH5,17,37,31,2012,4,1,3,0,1,R,2,1267,5,0,1,4,1,72,1,0,0,995,0,0,0,08205,1,2,2,4,2,1,2,1,1,1,0,0,0,0,1,1,2,2,1,0,4,2,17,1,1,1,5,L,87,0,0,0,0,0,0,0,0,0,0,80,330,0,0,0,1,4,25,-16,-19,12498,998,77,14,0,4,1,1,0,4,0,995,744.94292354333,1,2
8936,24,140,1-24-2017-140-06,6,2,5NPET4AC4AH6,17,55,33,2010,4,1,3,0,1,F,1,1493,5,0,1,1,1,72,1,0,0,995,0,0,0,08205,1,2,2,4,2,1,2,1,1,1,1,2,0,0,1,1,0,0,1,0,1,4,66,2,1,1,5,L,86,0,0,0,0,0,0,0,0,0,0,330,80,0,0,0,1,4,20,-18,7,55133,998,67,27,0,4,1,1,0,4,0,995,744.94292354333,1,2
8869,14,69,1-14-2017-069-07,7,1,1FAHP3FN4AW2,17,12,37,2010,4,1,2,0,1,F,2,1225,5,0,1,1,1,64,1,0,0,995,0,0,0,78133,1,9,2,4,2,1,2,1,1,4,1,2,0,0,3,1,1,2,9,0,1,3,55,99,1,1,4,J,69,0,0,0,0,0,0,0,0,0,0,100,260,0,0,0,1,1,28,-27,5,44339,998,52,28,0,1,0,0,0,0,0,995,7011.71703689729,8,2
8869,14,69,1-14-2017-069-07,7,2,2T1BR32E47C7,17,49,32,2007,4,1,2,0,1,F,2,1135,5,0,1,1,1,64,1,0,0,995,0,0,0,78132,1,1,2,5,3,2,2,1,1,2,1,2,0,0,3,1,1,2,1,0,11,2,15,8,1,1,4,J,68,0,0,0,0,0,0,0,0,0,0,260,100,0,0,0,1,1,30,-28,-10,43067,998,-41,30,0,1,1,1,0,0,0,995,7011.71703689729,8,2
8933,26,83,1-26-2017-083-04,4,1,1N4AL3AP3EN3,17,35,47,2014,4,1,4,0,1,F,9,1451,5,0,2,0,1,56,1,0,1,0,2,0,0,95820,1,1,0,4,2,1,2,1,1,1,0,0,0,0,2,1,0,0,3,1,1,2,13,1,1,4,1,A,1,0,0,0,0,0,0,0,0,0,0,998,998,0,0,7,0,0,999,999,999,9999999,999,999,999,9,0,1,1,0,4,0,998,1980.09560074148,10,2
8855,26,81,1-26-2017-081-03,3,1,1G11C5SLXFU1,17,20,37,2015,4,1,3,0,1,L,1,1625,5,0,1,1,1,40,1,0,0,995,0,0,0,95670,1,1,2,4,4,2,2,1,1,1,1,2,0,0,1,1,1,2,1,0,1,4,66,1,1,1,5,L,89,0,0,0,0,0,0,0,0,0,0,130,230,0,0,0,1,1,7,-2,7,2032,998,136,4,0,4,1,1,0,99,0,995,810.478641073217,10,2
8855,26,81,1-26-2017-081-03,3,2,KMHD84LFXHU2,17,55,35,2017,4,1,3,0,1,F,1,1275,5,0,1,1,1,72,1,0,0,995,0,0,0,95841,1,9,2,1,3,2,2,1,1,1,3,1,0,0,1,1,1,2,9,0,1,2,17,99,1,1,5,L,88,0,0,0,0,0,0,0,0,0,0,230,130,0,0,0,1,1,9,-9,-2,9041,998,19,13,0,4,9,97,0,8,0,995,810.478641073217,10,2
8948,17,94,1-17-2017-094-02,2,1,19XFB2F52DE0,17,37,31,2013,4,1,3,0,1,F,2,1187,5,0,1,1,1,89,1,9,1,0,2,9,1,46123,1,2,0,4,2,1,2,1,1,1,1,4,0,0,2,1,0,0,9,0,1,6,87,1,1,1,1,C,13,1,1,2,2,5,3,31,1,2,3,998,998,0,0,1,3,1,26,-26,0,32525,998,8,26,0,4,3,17,1,3,2,998,187.311859382444,4,2
8951,16,91,1-16-2017-091-02,2,1,1FADP3J25DL1,17,12,37,2013,4,1,3,0,1,N,3,1340,5,0,2,1,1,40,1,0,0,995,0,0,0,45424,1,2,0,4,4,1,2,1,3,2,0,3,0,0,3,1,0,0,3,1,14,1,6,2,8,4,1,A,2,0,0,0,0,0,0,0,0,0,0,998,998,0,1,0,1,10,999,999,999,9999999,999,999,100,5,0,3,10,1,3,0,998,28.3871845804242,5,2
8953,16,93,1-16-2017-093-03,3,1,WBA8J1C31HA0,17,34,34,2017,6,1,4,0,1,L,1,1719,5,0,1,1,1,56,1,0,0,995,0,0,0,45243,1,2,2,4,2,1,2,1,1,1,0,2,0,0,1,1,2,2,1,0,11,2,15,99,1,1,4,J,68,0,0,0,0,0,0,0,0,0,0,80,180,0,0,0,1,1,23,-4,22,17205,998,-51,15,0,1,1,1,0,4,0,995,387.275140877609,5,2
8953,16,93,1-16-2017-093-03,3,2,5TFUW5F1XGX5,17,49,482,2016,34,5,31,0,1,F,1,2450,5,0,2,1,1,56,1,0,0,995,0,0,0,45253,1,2,2,4,2,1,2,1,1,1,1,2,0,0,1,1,0,0,1,0,1,4,66,1,1,1,4,J,69,0,0,0,0,0,0,0,0,0,0,180,80,0,0,0,1,1,16,-16,0,47828,998,-43,21,0,1,0,0,0,0,0,995,387.275140877609,5,2
8944,19,140,1-19-2017-140-01,1,1,1FTCR10A6KUB,17,12,471,1989,34,5,30,0,1,F,2,1297,5,0,1,1,1,40,1,1,1,196,2,0,1,35903,1,2,0,4,2,1,2,2,3,1,0,0,0,0,2,5,0,0,9,1,14,1,6,99,2,4,1,A,2,0,0,0,0,0,0,0,0,0,0,998,998,0,0,1,1,1,37,-37,0,76745,998,55,37,0,1,1,1,0,1,0,998,144.577008645512,9,2
8961,22,122,1-22-2017-122-06,6,1,1FT7W2B6XFEB,17,12,481,2015,34,5,31,0,1,F,1,3097,5,0,1,3,0,56,1,0,0,995,0,7,0,97828,9,9,2,5,7,4,2,1,1,2,0,0,0,0,1,8,1,2,1,0,11,2,15,1,1,2,4,J,68,0,0,0,0,0,0,0,0,0,0,110,320,0,0,0,1,3,19,-19,-3,62368,998,18,22,0,4,95,95,95,95,0,995,539.98389923128,12,2