CASEID,PSU,CASENO,CASENUMBER,CATEGORY,VEHNO,VIN,VINLENGTH,MAKE,MODEL,MODELYR,BODYTYPE,BODYCAT,VEHCLASS,SPECUSE,TRANSTAT,DAMPLANE,DAMSEV,CURBWT,CURBSRC,CARGOWT,CARGOSRC,INSPTYPE,TOWSTAT,SPEEDLIMIT,DRPRESENT,PARALCOHOL,ALCTEST,ALCTESTRESULT,ALCTESTSRC,PARDRUG,DRUGTEST,ZIP,RACE,ETHNICITY,RELTOJUNCT,TRAFFLOW,RDLANES,INITLANE,SURFTYPE,SURFCOND,ALIGNMENT,PROFILE,LINERIGHT,LINELEFT,RUMBINIT,RUMBROAD,LIGHTCOND,WEATHER,TRAFDEV,TRAFFUNCT,DISTRACT,PREFHE,PREMOVE,CRITCAT,CRITEVENT,MANEUVER,PRESTAB,PRELOC,CRASHCAT,CRASHCONF,CRASHTYPE,ROLLTYPE,ROLLTURN,ROLLINTRPT,ROLLPREMAN,ROLLINITYP,ROLLINLOC,ROLLOBJ,ROLLTRIP,ROLLDIR,ROLLDIST,DVANGTHIS,DVANGOTH,TOWHITCH,TRAJDOC,TREEPOLE,DVEVENT,DVBASIS,DVTOTAL,DVLONG,DVLAT,DVENERGY,DVSPEED,DVMOMENT,DVBES,DVEST,DVCONF,VAIS,VISS,VINJURED,VTREAT,INITOBJCLASS,HEADANGLECAT,CASEWGT,PSUSTRAT,VERSION
8995,23,134,1-23-2017-134-08,8,1,JS3TD62V2Y41,17,53,498,2000,14,3,14,0,1,R,1,1450,5,0,1,1,1,89,1,0,1,0,2,0,1,45036,9,9,2,4,2,1,2,1,2,1,1,2,0,0,2,1,0,0,9,1,14,6,87,8,9,4,1,A,3,0,0,0,0,0,0,0,0,0,0,998,998,0,0,1,2,1,18,-16,-9,26849,998,74,18,0,1,5,38,1,3,0,998,65.323477827648,5,2
9006,32,161,1-32-2017-161-10,10,1,YV1RS61R3120,17,51,47,2001,4,1,3,0,1,L,9,1465,5,0,2,0,1,64,1,0,0,995,0,0,0,75051,2,2,2,1,2,1,1,1,1,1,3,3,0,0,1,1,1,2,1,0,1,2,17,2,2,1,5,L,89,0,0,0,0,0,0,0,0,0,0,270,40,0,0,0,0,0,999,999,999,9999999,999,999,999,9,0,0,0,0,0,0,995,20830.7351125155,7,2
9006,32,161,1-32-2017-161-10,10,2,3GNMCGE01BG1,17,20,482,2011,34,5,31,0,1,F,9,2466,5,9999,9,0,0,64,1,0,0,995,0,0,0,75056,9,9,2,3,4,2,1,1,1,1,3,3,0,0,1,1,1,2,9,0,1,4,66,1,1,1,5,L,88,0,0,0,0,0,0,0,0,0,0,40,270,0,0,0,0,0,999,999,999,9999999,999,999,999,9,0,95,95,95,95,0,995,20830.7351125155,7,2
8990,11,63,1-11-2017-063-04,4,1,1ZVBP8AMXE52,17,12,3,2014,2,1,3,0,1,F,9,1701,5,9999,9,0,1,40,1,0,0,995,0,0,0,23237,9,9,0,4,2,1,2,1,1,1,0,0,0,0,1,1,0,0,9,1,11,2,12,99,9,4,1,B,6,0,0,0,0,0,0,0,0,0,0,998,998,0,0,2,0,0,999,999,999,9999999,999,999,999,9,0,99,99,0,0,0,998,16228.3090768642,8,2
8992,24,142,1-24-2017-142-09,9,1,1N4AL11DX2C1,17,35,47,2002,4,1,4,0,1,R,1,1371,5,0,1,1,1,72,1,0,0,995,0,0,0,08232,1,1,2,1,5,3,2,1,1,1,1,2,0,0,3,1,1,2,1,0,11,2,15,1,1,3,4,J,68,0,0,0,0,0,0,0,0,0,0,260,120,0,0,0,1,3,10,-5,-8,10862,998,-17,12,0,4,1,2,0,6,0,995,1301.71934355796,1,2
8992,24,142,1-24-2017-142-09,9,2,3FTZF17221MA,17,12,481,2001,34,5,31,0,1,F,1,1785,5,9999,9,4,0,72,1,0,0,995,0,0,0,08406,9,9,2,1,3,2,2,1,1,1,1,1,0,0,3,1,1,2,9,0,1,4,62,99,1,3,4,J,69,0,0,0,0,0,0,0,0,0,0,120,260,0,0,0,1,3,10,-9,-3,4593,998,-76,7,0,4,95,95,95,95,0,995,1301.71934355796,1,2
8993,24,143,1-24-2017-143-04,4,1,1FTBF2B67EEA,17,12,481,2014,34,5,31,0,1,F,1,3005,5,0,1,2,0,40,1,0,0,995,0,0,0,08234,9,9,2,4,3,1,2,1,1,1,0,3,0,0,1,1,1,2,9,1,10,2,10,99,1,3,4,K,80,0,0,0,0,0,0,0,0,0,0,190,70,0,0,0,1,1,7,-7,-1,31009,998,-48,15,0,1,95,95,95,95,0,995,968.176973936348,1,2
8993,24,143,1-24-2017-143-04,4,2,2HGFG3B88DH5,17,37,31,2013,2,1,2,0,1,L,1,1278,5,0,1,1,1,40,1,0,0,995,0,0,0,08406,1,2,2,4,3,2,2,1,1,1,3,2,0,0,1,1,1,2,1,0,1,4,62,8,1,1,4,K,81,0,0,0,0,0,0,0,0,0,0,70,190,0,0,0,1,1,17,-11,13,7327,998,-137,8,0,1,0,0,0,0,0,995,968.176973936348,1,2
8387,33,110,1-33-2017-110-03,3,2,WDBEA30D5LB2,17,42,36,1990,4,1,4,0,1,L,9,1480,5,9999,9,0,0,56,1,0,0,995,0,0,0,95973,9,9,0,1,2,1,2,1,1,1,0,5,0,0,1,1,0,0,1,0,1,4,60,99,1,1,2,F,45,0,0,0,0,0,0,0,0,0,0,180,180,0,0,0,0,0,999,999,999,9999999,999,999,999,9,0,95,95,95,95,0,995,65.8727133970128,12,2
9019,16,95,1-16-2017-095-06,6,1,2G1WB57K1911,17,20,2,2009,4,1,4,0,1,L,1,1630,5,0,1,1,1,105,1,0,0,995,0,0,0,45237,2,2,0,2,4,2,2,3,1,9,3,3,0,3,3,8,0,0,1,1,1,1,5,7,4,4,1,B,7,0,0,0,0,0,0,0,0,0,0,998,998,0,0,0,1,8,999,999,999,9999999,999,999,999,6,0,1,1,0,4,0,998,910.104975477523,5,2
9017,14,73,1-14-2017-073-06,6,1,1GCGSCEN8H12,17,20,473,2017,34,5,30,0,1,L,3,1932,5,9999,9,0,0,72,1,0,0,995,0,0,0,78124,9,9,3,4,2,1,1,1,1,1,0,0,0,0,1,1,0,0,9,0,11,4,66,99,1,1,4,K,82,0,0,0,0,0,0,0,0,0,0,250,350,0,0,0,1,3,40,-7,39,214346,998,-41,51,0,4,95,95,95,95,0,995,3185.24500956873,8,2
9017,14,73,1-14-2017-073-06,6,2,5YFBU4EE7CP0,17,49,32,2012,4,1,2,0,1,F,3,1255,5,0,1,1,1,72,1,0,0,995,0,0,0,78155,1,9,3,5,3,2,2,1,1,1,3,2,0,0,1,1,0,0,9,0,1,4,71,99,1,1,4,K,83,0,0,0,0,0,0,0,0,0,0,350,250,0,0,0,1,3,54,-54,0,81788,998,-1,38,0,1,0,0,0,4,0,995,3185.24500956873,8,2
9025,17,95,1-17-2017-095-01,1,1,1FTFW1ET3DFD,17,12,481,2013,34,5,31,0,1,F,2,2522,5,0,1,1,1,89,1,0,1,204,4,0,1,61254,1,2,0,4,2,1,2,3,1,4,1,4,0,0,2,4,0,0,9,1,1,2,12,99,1,4,1,B,6,0,0,0,0,0,0,0,0,0,0,998,998,0,0,0,1,10,999,999,999,9999999,999,999,31,3,0,9,0,0,1,0,998,141.139794069296,4,2
9009,19,144,1-19-2017-144-05,5,1,1GCDS1368581,17,20,473,2005,34,5,30,0,1,F,2,1702,5,0,1,1,1,72,1,0,0,995,0,0,0,35954,1,1,2,1,3,3,2,1,1,1,1,2,0,0,3,1,1,2,2,0,11,2,15,1,1,1,4,J,68,0,0,0,0,0,0,0,0,0,0,210,100,0,1,0,1,1,29,-29,-5,106449,998,-37,39,0,4,0,0,0,0,0,995,79.9848995102589,9,2
9009,19,144,1-19-2017-144-05,5,2,1HGCS21878A0,17,37,32,2008,2,1,3,0,1,L,2,1623,5,0,1,1,1,72,1,0,0,995,0,0,0,27610,2,2,2,1,3,2,2,1,2,1,1,3,0,0,3,1,1,2,1,0,14,4,62,1,1,1,4,J,69,0,0,0,0,0,0,0,0,0,0,100,210,0,1,0,1,1,31,-15,27,19943,998,-50,17,0,4,1,2,0,4,0,995,79.9848995102589,9,2
9032,22,123,1-22-2017-123-10,10,1,1G2AL18F9772,17,22,19,2007,2,1,2,0,1,T,3,1295,5,0,1,1,1,105,1,0,0,995,0,0,0,83647,1,1,0,4,2,1,2,3,1,1,1,4,0,0,2,4,0,0,1,1,1,2,13,7,2,4,1,A,2,1,1,1,6,1,4,68,1,1,9,998,998,0,0,1,4,7,999,999,999,9999999,999,999,999,8,0,0,0,0,0,3,998,1245.48611073169,12,2
9033,18,75,1-18-2017-075-07,7,1,KNDJT2A26A70,17,63,37,2010,6,1,2,0,1,F,9,1315,5,0,2,0,1,113,1,0,0,995,0,0,0,54729,1,2,0,2,2,1,1,3,1,1,2,3,0,1,1,4,0,0,1,1,1,1,5,3,9,4,1,A,2,0,0,0,0,0,0,0,0,0,0,998,998,0,0,0,0,0,999,999,999,9999999,999,999,999,9,0,1,1,0,0,0,998,1923.36342162492,6,2
9038,21,79,1-21-2017-079-02,2,1,1G11E5SA4GU1,17,20,37,2016,4,1,3,0,1,R,2,1625,5,0,2,4,1,56,1,0,0,995,0,0,0,92553,2,2,2,4,2,1,2,1,1,1,0,0,0,0,1,1,2,2,2,0,1,2,17,7,1,2,5,L,87,0,0,0,0,0,0,0,0,0,0,255,180,0,1,0,1,3,35,-22,-27,247370,998,80,53,0,4,0,0,0,0,0,995,57.2272396047887,11,2
9028,30,110,1-30-2017-110-03,3,1,1FUJGBDV9BLA,17,82,881,2011,66,8,68,0,1,F,9,,,,,,0,105,1,0,0,995,0,0,0,85123,9,9,0,2,6,2,2,1,1,1,3,3,0,0,3,1,0,0,1,0,1,3,52,99,1,1,2,D,28,,,,,,,,,,,,,,,,,,,,,,,,,,,95,95,95,95,,,1089.87835519426,10,2
9028,30,110,1-30-2017-110-03,3,2,2FMDK3JCXEBA,17,12,24,2014,6,1,4,0,1,F,1,1852,5,9999,9,0,1,105,1,0,9,998,8,0,9,85048,9,9,0,2,5,1,2,1,1,1,1,3,0,0,3,1,0,0,1,0,15,3,53,1,1,1,2,D,29,0,0,0,0,0,0,0,0,0,0,0,0,0,0,0,2,3,15,-15,0,12533,998,0,13,0,4,99,99,0,99,0,995,1089.87835519426,10,2
9028,30,110,1-30-2017-110-03,3,3,3VWDP7AJ1DM4,17,30,40,2013,4,1,3,0,1,F,2,1398,5,0,1,1,1,105,1,0,0,995,0,0,0,85295,1,2,0,2,6,2,2,1,1,1,3,3,0,0,3,1,0,0,1,0,2,3,53,1,1,1,6,M,98,0,0,0,0,0,0,0,0,0,0,0,0,0,0,0,3,3,26,-26,0,13097,998,40,15,0,4,1,1,0,4,0,995,1089.87835519426,10,2
9038,21,79,1-21-2017-079-02,2,2,5YFBU4EE2DP1,17,49,32,2013,4,1,2,0,1,F,3,1260,5,0,1,1,1,64,1,0,0,995,0,0,0,92404,2,9,2,4,4,1,2,1,1,1,0,1,0,0,1,1,0,0,9,0,1,4,66,99,1,1,5,L,86,0,0,0,0,0,0,0,0,0,0,180,255,0,1,0,1,3,46,-23,40,106627,998,155,30,0,4,2,5,0,3,0,995,57.2272396047887,11,2
9028,30,110,1-30-2017-110-03,3,4,WDBUF56X17B0,17,42,48,2007,4,1,4,0,1,B,1,1785,5,9999,9,0,0,105,1,0,0,995,0,0,0,85048,9,9,0,2,6,2,2,1,1,1,3,3,0,0,3,1,0,0,1,0,5,3,52,1,1,1,6,M,98,0,0,0,0,0,0,0,0,0,0,0,0,0,0,0,3,3,20,20,0,55887,998,0,28,0,4,95,95,95,95,0,995,1089.87835519426,10,2
9028,30,110,1-30-2017-110-03,3,5,WMWZN3C57ET5,17,69,54,2014,1,1,1,0,1,F,9,1260,5,9999,9,0,0,105,1,0,0,995,0,0,0,85003,9,9,0,2,6,2,2,1,1,1,3,3,0,0,3,1,0,0,1,0,5,3,53,1,1,1,6,M,98,0,0,0,0,0,0,0,0,0,0,0,0,0,0,0,0,0,999,999,999,9999999,999,999,999,9,0,95,95,95,95,0,995,1089.87835519426,10,2
9028,30,110,1-30-2017-110-03,3,6,1G1AK55F9773,17,20,22,2007,4,1,2,0,1,B,9,1265,5,9999,9,0,0,105,1,0,0,995,0,0,0,85048,9,9,0,2,6,2,2,1,1,1,3,3,0,0,3,1,0,0,1,0,5,3,53,1,1,1,6,M,98,0,0,0,0,0,0,0,0,0,0,0,0,0,0,0,0,0,999,999,999,9999999,999,999,999,9,0,95,95,95,95,0,995,1089.87835519426,10,2
9035,33,135,1-33-2017-135-01,1,1,1G3AG55N2P63,17,21,20,1993,4,1,3,0,1,L,3,1254,5,9999,9,4,1,40,1,9,9,998,8,9,9,95928,1,2,2,1,2,1,2,1,1,1,0,1,0,0,3,1,2,2,9,0,3,2,17,99,1,1,5,L,89,0,0,0,0,0,0,0,0,0,0,180,270,0,0,0,1,3,56,-10,55,269646,998,-35,70,0,4,3,14,1,1,0,995,72.2138621238404,12,2
9045,12,75,1-12-2017-075-04,4,1,1C6RR7MT1FS6,17,7,482,2015,34,5,31,0,1,F,1,2336,5,0,1,1,1,72,1,0,0,995,0,0,0,73401,1,2,0,4,2,1,2,1,1,4,0,0,0,0,1,1,0,0,1,0,10,3,53,1,1,1,4,J,70,0,0,0,0,0,0,0,0,0,0,95,65,0,0,0,1,8,999,999,999,9999999,999,999,999,6,0,0,0,0,0,0,995,1851.8136707725,9,2
9045,12,75,1-12-2017-075-04,4,2,2CTALWEC7B62,17,23,402,2011,14,3,14,0,1,L,1,1748,5,0,1,1,1,72,1,0,0,995,0,0,0,73401,1,2,0,4,2,1,2,1,1,4,0,0,0,0,1,1,0,0,3,1,1,3,52,4,1,4,4,J,71,0,0,0,0,0,0,0,0,0,0,65,95,0,0,0,1,8,999,999,999,9999999,999,999,999,6,0,0,0,0,4,0,995,1851.8136707725,9,2
9035,33,135,1-33-2017-135-01,1,2,1HGCR2F38FA1,17,37,32,2015,4,1,4,0,1,F,3,1496,5,0,1,1,1,72,1,0,0,995,0,0,0,95928,1,2,2,1,3,1,2,1,1,1,3,3,0,0,3,1,0,0,9,0,1,4,66,2,1,1,5,L,88,0,0,0,0,0,0,0,0,0,0,270,180,0,0,0,1,3,48,-47,-8,57375,998,-48,29,0,4,1,1,0,4,0,995,72.2138621238404,12,2
9027,30,109,1-30-2017-109-04,4,1,3N1CN7AP1FL9,17,35,50,2015,4,1,2,0,1,F,9,1132,5,0,2,0,1,64,1,0,0,995,0,0,0,85304,1,2,3,4,2,1,2,1,1,4,0,0,0,0,3,1,0,0,1,0,5,4,72,1,1,1,3,I,66,0,0,0,0,0,0,0,0,0,0,999,999,0,0,0,0,0,999,999,999,9999999,999,999,999,9,0,0,0,0,0,0,995,3811.97780901157,10,2
9027,30,109,1-30-2017-109-04,4,2,1B3CB4HA4AD6,17,7,25,2010,5,1,2,0,1,F,9,1345,5,9999,9,0,1,64,1,0,0,995,0,0,0,85323,9,9,3,4,2,1,2,1,1,4,0,0,0,0,3,1,0,0,9,0,11,2,15,99,9,9,3,I,66,0,0,0,0,0,0,0,0,0,0,999,999,0,0,0,0,0,999,999,999,9999999,999,999,999,9,0,0,0,0,0,0,995,3811.97780901157,10,2
9014,13,128,1-13-2017-128-02,2,1,1G1ZE5E01AF1,17,20,37,2010,4,1,4,0,1,F,9,1655,5,9999,9,0,0,48,1,0,0,995,0,0,0,76028,9,9,2,4,2,1,2,1,1,2,0,0,0,0,1,8,0,0,9,1,10,2,16,99,1,2,4,K,80,0,0,0,0,0,0,0,0,0,0,150,0,0,0,0,1,0,999,999,999,9999999,999,999,999,9,0,95,95,95,95,0,995,192.701733989155,7,2
9014,13,128,1-13-2017-128-02,2,2,2HGFB2F52FH5,17,37,31,2015,4,1,2,0,1,L,2,1586,5,0,1,1,1,48,1,0,0,995,0,0,0,76028,1,2,2,4,2,1,2,1,1,1,0,0,0,0,1,8,0,0,9,0,5,4,67,99,1,1,4,K,81,0,0,0,0,0,0,0,0,0,0,0,150,0,0,0,1,8,999,999,999,9999999,999,999,999,7,0,2,5,0,4,0,995,192.701733989155,7,2
9000,28,70,1-28-2017-070-06,6,1,2HJYK163X7H5,17,37,471,2007,34,5,30,0,1,L,1,2043,5,0,1,1,1,89,1,0,0,995,0,0,0,14895,1,2,2,4,2,1,5,3,1,1,0,0,0,0,2,1,2,1,1,0,1,3,54,1,1,1,5,L,89,0,0,0,0,0,0,0,0,0,0,220,290,0,0,0,1,1,14,-5,13,26173,998,-6,17,0,1,0,0,0,0,0,995,369.391372474122,3,2
9000,28,70,1-28-2017-070-06,6,2,1FMCU93G89KC,17,12,402,2009,14,3,14,0,1,F,1,1609,5,0,1,1,1,89,1,0,0,995,0,0,0,16748,1,2,2,4,2,1,5,3,1,1,0,0,0,0,2,1,0,0,1,0,1,2,17,2,1,1,5,L,88,0,0,0,0,0,0,0,0,0,0,290,220,0,0,0,1,1,18,-13,-11,28778,998,-120,15,0,1,0,0,0,0,0,995,369.391372474122,3,2
9047,20,168,1-20-2017-168-03,3,1,5N1DR2MN8JC6,17,35,401,2018,14,3,14,0,1,L,1,1947,8,0,1,1,1,89,1,0,0,995,0,0,0,93905,7,1,0,4,2,1,2,1,2,2,0,2,0,0,1,1,0,0,1,1,14,2,10,4,1,2,3,I,64,0,0,0,0,0,0,0,0,0,0,105,275,0,0,0,1,3,13,-13,0,23918,998,-95,15,0,4,0,0,0,0,0,995,199.639627493091,11,2
9047,20,168,1-20-2017-168-03,3,2,JN8AS58T48W0,17,35,51,2008,6,1,3,0,1,F,1,1485,5,9999,9,5,1,89,1,0,1,0,2,0,1,93907,7,9,0,4,2,1,2,1,1,1,0,2,0,0,1,1,0,0,9,0,1,4,62,99,1,1,3,I,65,0,0,0,0,0,0,0,0,0,0,275,105,0,0,0,1,3,17,-17,-3,14795,998,-33,15,0,4,1,2,0,4,0,995,199.639627493091,11,2
9048,20,169,1-20-2017-169-03,3,1,2C3CDXBG5EH3,17,7,24,2014,4,1,5,0,1,F,9,1797,5,9999,9,0,1,40,1,0,0,995,0,0,0,93905,9,1,2,1,3,3,2,1,1,1,1,0,0,0,1,1,0,0,9,0,11,2,15,99,1,1,4,J,68,0,0,0,0,0,0,0,0,0,0,325,175,0,0,0,0,0,999,999,999,9999999,999,999,999,9,0,0,0,0,0,0,995,199.639627493091,11,2
9048,20,169,1-20-2017-169-03,3,2,1C4RJFCTXDC5,17,2,403,2013,14,3,14,0,1,F,1,2200,5,0,2,4,0,56,1,0,0,995,0,0,0,93906,9,9,2,1,4,3,2,1,1,1,3,1,0,0,1,1,0,0,1,0,1,4,62,4,1,2,4,J,69,0,0,0,0,0,0,0,0,0,0,175,325,0,0,0,1,12,999,999,999,9999999,999,999,999,2,0,95,95,95,95,0,995,199.639627493091,11,2
9051,33,136,1-33-2017-136-06,6,1,3FAHP0HA3AR2,17,12,23,2010,4,1,3,0,1,U,9,1490,5,9999,9,0,1,56,1,0,0,995,0,1,9,95926,1,2,2,4,4,1,2,1,1,1,1,1,0,0,3,1,1,2,9,1,10,2,10,99,1,2,6,M,98,0,0,0,0,0,0,0,0,0,0,996,996,0,0,0,0,0,999,999,999,9999999,999,999,999,9,0,0,0,0,0,0,996,215.212358607558,12,2
9051,33,136,1-33-2017-136-06,6,2,1NXBU4EE1AZ1,17,49,32,2010,4,1,2,0,1,L,2,1279,5,0,1,1,1,56,1,0,0,995,0,0,0,95926,1,2,2,1,2,1,2,1,1,1,0,0,0,0,3,1,1,2,1,0,1,4,67,1,1,1,6,M,98,0,0,0,0,0,0,0,0,0,0,996,996,0,0,0,2,7,999,999,999,9999999,999,999,999,7,0,1,3,0,4,0,996,215.212358607558,12,2
9043,26,85,1-26-2017-085-03,3,1,1NKDL49XXCJ3,17,85,881,2012,64,8,60,99,1,L,9,,,,,,1,80,1,0,0,995,0,0,0,95621,9,9,3,1,2,1,2,1,1,1,1,3,0,0,1,1,1,2,9,1,11,2,10,99,1,2,4,J,72,,,,,,,,,,,,,,,,,,,,,,,,,,,95,95,95,95,,,285.16876480189,10,2
9043,26,85,1-26-2017-085-03,3,2,WDDKJ5KB7EF2,17,42,48,2014,2,1,3,0,1,F,2,1685,5,0,1,1,1,80,1,0,1,0,2,0,1,95834,9,9,3,1,2,2,2,1,1,1,3,0,0,0,1,1,1,2,9,0,1,4,61,99,1,1,4,J,73,0,0,0,0,0,0,0,0,0,0,150,120,0,0,0,1,5,999,999,999,9999999,999,999,999,7,0,1,1,0,4,0,995,285.16876480189,10,2
8776,10,61,1-10-2017-061-04,4,1,3FA6P0G7XFR2,17,12,23,2015,4,1,4,0,1,L,2,1554,5,0,1,4,1,56,1,0,0,995,0,0,0,45406,9,9,2,1,2,1,2,1,1,1,0,2,0,0,1,1,2,2,1,0,11,2,15,1,1,1,4,J,68,0,0,0,0,0,0,0,0,0,0,40,150,0,0,0,1,3,33,-6,32,96915,998,-42,38,0,4,0,0,0,0,0,995,36.0966561041243,4,2
8776,10,61,1-10-2017-061-04,4,2,1G1ZE5EB6AF3,17,20,37,2010,4,1,4,0,1,F,2,1655,5,0,1,1,1,56,1,0,0,995,0,0,0,45417,9,9,2,2,4,2,2,1,1,1,3,0,0,0,1,1,0,0,1,0,1,4,65,1,1,1,4,J,69,0,0,0,0,0,0,0,0,0,0,150,40,0,0,0,1,3,29,-29,5,39024,998,34,23,0,4,0,0,0,0,0,995,36.0966561041243,4,2
9055,26,87,1-26-2017-087-04,4,1,1FMZU32PXXZB,17,12,401,1999,14,3,14,0,1,F,1,1600,5,0,1,1,1,64,1,1,1,212,1,0,0,95822,2,2,0,1,2,2,2,1,1,1,0,3,0,0,1,1,0,0,9,0,1,3,52,1,1,1,2,D,28,0,0,0,0,0,0,0,0,0,0,60,60,0,0,0,1,1,12,-12,0,11917,998,14,13,0,3,99,99,0,99,0,995,902.935423598009,10,2
9055,26,87,1-26-2017-087-04,4,2,JNKCV51E93M0,17,58,37,2003,4,1,4,0,1,B,1,1536,5,0,1,1,1,64,1,0,0,995,0,0,0,95822,2,2,0,1,2,1,2,1,1,1,0,3,0,0,1,1,0,0,1,0,2,3,52,1,1,1,2,D,29,0,0,0,0,0,0,0,0,0,0,60,60,0,0,0,1,1,13,13,0,8167,998,13,11,0,3,0,0,0,0,0,995,902.935423598009,10,2
9055,26,87,1-26-2017-087-04,4,3,5TDZKRFH0ES0,17,49,403,2014,14,3,14,0,1,B,9,1925,5,9999,9,0,1,64,1,0,0,995,0,0,0,95624,9,9,0,1,2,1,2,1,1,1,0,3,0,0,1,1,0,0,9,0,2,3,52,99,1,1,6,M,98,0,0,0,0,0,0,0,0,0,0,60,60,0,0,0,0,0,999,999,999,9999999,999,999,999,9,0,99,99,0,99,0,995,902.935423598009,10,2
8394,10,48,1-10-2017-048-03,3,1,1G8ZS57B98F2,17,24,9,2008,4,1,4,0,1,T,9,1601,5,9999,9,0,1,56,1,0,0,995,0,0,0,45406,9,9,2,4,4,2,2,1,1,1,0,3,0,0,3,1,0,0,9,0,1,3,53,99,9,1,6,M,98,1,2,2,5,1,1,61,1,2,999,997,997,0,0,0,0,0,999,999,999,9999999,999,999,999,9,0,99,99,0,8,3,997,110.885884881738,4,2
8394,10,48,1-10-2017-048-03,3,2,1C4RJFAG1EC4,17,2,422,2014,15,3,15,0,1,F,9,2121,5,9999,9,0,1,56,1,0,0,995,0,0,0,45458,9,9,2,4,4,1,2,1,1,1,0,3,0,0,3,1,0,0,9,1,1,2,13,99,9,4,1,A,1,0,0,0,0,0,0,0,0,0,0,998,998,0,0,1,0,0,999,999,999,9999999,999,999,999,9,0,99,99,0,8,0,998,110.885884881738,4,2
9023,29,40,1-29-2017-040-09,9,1,1NXBR12E4YZ3,17,49,32,2000,4,1,1,0,1,R,1,1594,5,0,2,1,1,89,1,0,0,995,0,0,0,02906,1,2,0,2,2,2,2,3,2,1,1,2,0,2,1,4,0,0,1,1,14,1,6,3,9,4,1,B,7,0,0,0,0,0,0,0,0,0,0,200,280,0,0,0,3,5,999,999,999,9999999,999,999,9,1,0,1,1,0,4,0,995,919.403722286325,2,2
9054,15,119,1-15-2017-119-03,3,1,4T1BF28K61U1,17,49,40,2001,4,1,3,0,1,F,9,1465,5,9999,9,0,1,48,1,0,0,995,0,0,0,11050,9,9,2,4,5,1,2,1,1,1,1,3,0,0,3,8,1,2,9,0,1,3,52,99,1,1,2,D,28,0,0,0,0,0,0,0,0,0,0,155,155,0,0,0,0,0,999,999,999,9999999,999,999,999,9,0,0,0,0,0,0,995,563.54989101698,1,2
9054,15,119,1-15-2017-119-03,3,2,999999999999,99,49,40,2018,4,1,4,0,1,F,9,1467,5,9999,9,0,1,48,1,0,0,995,0,0,0,11050,9,9,2,4,5,1,2,1,1,1,1,3,0,0,3,8,1,2,9,0,2,3,52,99,1,1,2,D,29,0,0,0,0,0,0,0,0,0,0,155,155,0,0,0,0,0,999,999,999,9999999,999,999,999,9,0,3,9,1,3,0,995,563.54989101698,1,2
9054,15,119,1-15-2017-119-03,3,3,4T1BK1EB2DU0,17,49,43,2013,4,1,4,0,1,B,9,1620,5,9999,9,0,0,48,1,0,0,995,0,0,0,11050,9,9,2,4,5,1,2,1,1,1,1,3,0,0,3,8,1,2,9,0,1,2,18,99,1,1,6,M,98,0,0,0,0,0,0,0,0,0,0,155,155,0,0,0,0,0,999,999,999,9999999,999,999,999,9,0,95,95,95,95,0,995,563.54989101698,1,2
8580,20,145,1-20-2017-145-03,3,1,1HGCR2F53GA0,17,37,32,2016,4,1,4,0,1,9,1,1496,5,0,1,6,0,48,1,0,0,995,0,0,0,93906,9,9,3,4,5,3,2,1,1,1,4,4,0,0,3,8,0,0,9,0,11,4,63,99,1,1,4,J,68,0,0,0,0,0,0,0,0,0,0,160,5,0,0,0,1,3,10,-9,-3,5885,998,-76,9,0,1,95,95,95,95,0,995,215.74389846511,11,2
8580,20,145,1-20-2017-145-03,3,2,WMWSV3C52DT3,17,69,54,2013,3,1,1,0,1,L,1,1210,5,0,1,1,1,48,1,0,0,995,0,0,0,93908,1,2,3,4,5,2,2,1,1,1,3,2,0,0,3,8,0,0,1,0,1,4,62,8,1,1,4,J,69,0,0,0,0,0,0,0,0,0,0,5,160,0,0,0,1,3,13,-12,2,13971,998,-85,13,0,1,1,1,0,4,0,995,215.74389846511,11,2
9044,26,86,1-26-2017-086-07,7,1,999999999999,99,98,701,2017,80,9,80,0,1,L,9,,,,,,0,40,1,0,0,995,0,0,0,95670,9,9,3,4,2,1,2,1,1,1,0,0,0,0,1,1,0,0,9,0,1,2,19,99,1,1,5,L,89,,,,,,,,,,,,,,,,,,,,,,,,,,,95,95,95,95,,,1077.53586324881,10,2
9044,26,86,1-26-2017-086-07,7,2,KNDMB2336963,17,63,441,2009,20,4,20,0,1,F,1,1990,5,0,1,1,1,40,1,0,0,995,0,0,0,95670,1,9,3,4,2,1,2,1,1,1,0,0,0,0,1,1,0,0,9,0,1,4,71,99,1,1,5,L,88,0,0,0,0,0,0,0,0,0,0,30,300,0,0,0,1,5,999,999,999,9999999,999,999,13,2,0,99,99,0,99,0,995,1077.53586324881,10,2
9063,32,162,1-32-2017-162-03,3,1,3FA6P0LU2HR3,17,12,23,2017,4,1,4,0,1,F,1,1660,5,0,1,1,1,105,1,0,0,995,0,0,0,75228,1,2,0,2,6,2,1,1,1,2,3,3,0,0,1,8,0,0,9,0,1,3,52,99,1,1,2,D,28,0,0,0,0,0,0,0,0,0,0,45,45,0,0,0,1,1,15,-15,0,15875,998,0,15,0,4,9,97,0,0,0,995,1698.45963859382,7,2